order_id,date,manager,city,product,quantity,unit_price,revenue
10000,2025-09-10,Айгерим,Караганда,Мышь беспроводная,5,14700.0,73300.0
10001,2025-09-10,Айгерим,Астана,Веб-камера 4K,3,41900.0,125700.0
10002,2025-09-10,Мария,Шымкент,Мышь беспроводная,1,15100.0,15100.0
10003,2025-09-10,Мария,Алматы,Мышь беспроводная,2,13800.0,27500.0
10004,2025-09-10,Ерлан,Алматы,Док-станция USB-C,3,56100.0,168400.0
10005,2025-09-10,Ерлан,Алматы,Ноутбук Pro 14,5,435200.0,2175800.0
10006,2025-09-10,Айгерим,Астана,Клавиатура механ.,2,29600.0,59200.0
10007,2025-09-10,Данияр,Алматы,Док-станция USB-C,3,58600.0,175700.0
10008,2025-09-10,Айгерим,Астана,Ноутбук Pro 14,2,396700.0,793500.0
10009,2025-09-10,Данияр,Шымкент,Клавиатура механ.,1,32200.0,32200.0
10010,2025-09-10,Ерлан,Шымкент,Наушники ANC,2,65300.0,130600.0
10011,2025-09-10,Ерлан,Алматы,Веб-камера 4K,1,39300.0,39300.0
10012,2025-09-10,Ерлан,Астана,Веб-камера 4K,1,37800.0,37800.0
10013,2025-09-10,Данияр,Астана,Мышь беспроводная,2,14800.0,29600.0
10014,2025-09-10,Мария,Астана,Ноутбук Pro 14,1,392700.0,392700.0
10015,2025-09-10,Мария,Астана,Веб-камера 4K,2,41800.0,83600.0
10016,2025-09-10,Айгерим,Алматы,Ноутбук Pro 14,2,403000.0,806000.0
10017,2025-09-10,Светлана,Алматы,Док-станция USB-C,1,54500.0,54500.0
10018,2025-09-10,Данияр,Астана,Веб-камера 4K,1,39200.0,39200.0
10019,2025-09-10,Мария,Алматы,Ноутбук Pro 14,2,429200.0,858400.0
10020,2025-09-11,Ерлан,Астана,Клавиатура механ.,1,29800.0,29800.0
10021,2025-09-11,Айгерим,Астана,Веб-камера 4K,1,40400.0,40400.0
10022,2025-09-11,Данияр,Астана,Мышь беспроводная,2,14100.0,28100.0
10023,2025-09-11,Айгерим,Караганда,Наушники ANC,1,63300.0,63300.0
10024,2025-09-11,Данияр,Караганда,Клавиатура механ.,5,32400.0,161800.0
10025,2025-09-11,Данияр,Алматы,"Монитор 27""",3,136800.0,410300.0
10026,2025-09-11,Данияр,Алматы,Ноутбук Pro 14,1,435700.0,435700.0
10027,2025-09-11,Айгерим,Шымкент,Веб-камера 4K,1,40800.0,40800.0
10028,2025-09-11,Данияр,Астана,Ноутбук Pro 14,3,425700.0,1277000.0
10029,2025-09-11,Айгерим,Алматы,Ноутбук Pro 14,2,421900.0,843800.0
10030,2025-09-11,Данияр,Алматы,Веб-камера 4K,1,40400.0,40400.0
10031,2025-09-11,Айгерим,Караганда,Наушники ANC,1,67800.0,67800.0
10032,2025-09-11,Мария,Алматы,Док-станция USB-C,2,54000.0,108100.0
10033,2025-09-11,Ерлан,Алматы,"Монитор 27""",5,132700.0,663300.0
10034,2025-09-11,Светлана,Астана,"Монитор 27""",2,132800.0,265600.0
10035,2025-09-11,Данияр,Астана,Мышь беспроводная,2,13800.0,27700.0
10036,2025-09-11,Ерлан,Шымкент,Веб-камера 4K,2,37800.0,75700.0
10037,2025-09-11,Айгерим,Астана,Мышь беспроводная,1,14400.0,14400.0
10038,2025-09-11,Ерлан,Шымкент,Ноутбук Pro 14,1,422400.0,422400.0
10039,2025-09-11,Айгерим,Алматы,Клавиатура механ.,1,33300.0,33300.0
10040,2025-09-11,Ерлан,Шымкент,Ноутбук Pro 14,2,406700.0,813300.0
10041,2025-09-12,Айгерим,Алматы,Док-станция USB-C,1,58300.0,58300.0
10042,2025-09-12,Светлана,Астана,Клавиатура механ.,2,33600.0,67100.0
10043,2025-09-12,Мария,Алматы,Веб-камера 4K,5,42500.0,212400.0
10044,2025-09-12,Данияр,Алматы,Ноутбук Pro 14,3,422500.0,1267600.0
10045,2025-09-12,Светлана,Алматы,Веб-камера 4K,3,39100.0,117400.0
10046,2025-09-12,Айгерим,Алматы,Ноутбук Pro 14,1,431800.0,431800.0
10047,2025-09-12,Айгерим,Алматы,Клавиатура механ.,2,33100.0,66200.0
10048,2025-09-12,Мария,Алматы,Док-станция USB-C,3,58600.0,175800.0
10049,2025-09-12,Айгерим,Астана,Док-станция USB-C,1,53200.0,53200.0
10050,2025-09-12,Ерлан,Астана,Док-станция USB-C,1,55200.0,55200.0
10051,2025-09-12,Ерлан,Астана,Клавиатура механ.,1,32800.0,32800.0
10052,2025-09-12,Светлана,Алматы,Веб-камера 4K,1,38400.0,38400.0
10053,2025-09-12,Мария,Караганда,Док-станция USB-C,1,55100.0,55100.0
10054,2025-09-12,Айгерим,Астана,Мышь беспроводная,1,15100.0,15100.0
10055,2025-09-13,Ерлан,Алматы,Наушники ANC,1,69900.0,69900.0
10056,2025-09-13,Светлана,Астана,Клавиатура механ.,2,32000.0,63900.0
10057,2025-09-13,Данияр,Астана,Клавиатура механ.,1,31000.0,31000.0
10058,2025-09-13,Айгерим,Алматы,Док-станция USB-C,5,54800.0,274100.0
10059,2025-09-13,Айгерим,Алматы,Док-станция USB-C,3,57500.0,172400.0
10060,2025-09-13,Ерлан,Алматы,Мышь беспроводная,2,13600.0,27200.0
10061,2025-09-13,Айгерим,Алматы,Док-станция USB-C,1,58200.0,58200.0
10062,2025-09-13,Айгерим,Алматы,Наушники ANC,1,63600.0,63600.0
10063,2025-09-13,Мария,Астана,"Монитор 27""",1,125100.0,125100.0
10064,2025-09-13,Мария,Шымкент,Веб-камера 4K,1,39400.0,39400.0
10065,2025-09-14,Данияр,Астана,Док-станция USB-C,1,51900.0,51900.0
10066,2025-09-14,Айгерим,Караганда,Док-станция USB-C,1,57600.0,57600.0
10067,2025-09-14,Светлана,Караганда,Наушники ANC,1,70000.0,70000.0
10068,2025-09-14,Мария,Шымкент,Клавиатура механ.,3,32700.0,98000.0
10069,2025-09-14,Мария,Шымкент,Веб-камера 4K,1,40600.0,40600.0
10070,2025-09-15,Айгерим,Астана,Наушники ANC,2,64900.0,129800.0
10071,2025-09-15,Данияр,Алматы,"Монитор 27""",1,128300.0,128300.0
10072,2025-09-15,Ерлан,Алматы,Веб-камера 4K,1,39700.0,39700.0
10073,2025-09-15,Мария,Алматы,Веб-камера 4K,5,42600.0,213000.0
10074,2025-09-15,Мария,Шымкент,Мышь беспроводная,2,14900.0,29900.0
10075,2025-09-15,Данияр,Астана,Мышь беспроводная,2,14500.0,29100.0
10076,2025-09-15,Светлана,Алматы,Ноутбук Pro 14,1,424300.0,424300.0
10077,2025-09-15,Ерлан,Алматы,Док-станция USB-C,2,52200.0,104400.0
10078,2025-09-15,Светлана,Шымкент,Мышь беспроводная,5,13600.0,68000.0
10079,2025-09-15,Ерлан,Караганда,Клавиатура механ.,2,32700.0,65400.0
10080,2025-09-15,Айгерим,Астана,Ноутбук Pro 14,1,418600.0,418600.0
10081,2025-09-15,Мария,Астана,"Монитор 27""",1,134100.0,134100.0
10082,2025-09-15,Ерлан,Астана,Наушники ANC,2,69300.0,138600.0
10083,2025-09-15,Айгерим,Алматы,"Монитор 27""",2,140500.0,281100.0
10084,2025-09-15,Данияр,Шымкент,Веб-камера 4K,1,41200.0,41200.0
10085,2025-09-15,Светлана,Шымкент,"Монитор 27""",2,130100.0,260100.0
10086,2025-09-16,Айгерим,Караганда,Мышь беспроводная,1,13600.0,13600.0
10087,2025-09-16,Ерлан,Астана,Мышь беспроводная,2,14100.0,28100.0
10088,2025-09-16,Мария,Алматы,Док-станция USB-C,5,57200.0,286000.0
10089,2025-09-16,Светлана,Алматы,Наушники ANC,5,68900.0,344500.0
10090,2025-09-16,Айгерим,Астана,"Монитор 27""",3,135400.0,406100.0
10091,2025-09-16,Данияр,Шымкент,Ноутбук Pro 14,2,387100.0,774100.0
10092,2025-09-16,Данияр,Алматы,Мышь беспроводная,1,14200.0,14200.0
10093,2025-09-16,Айгерим,Караганда,Мышь беспроводная,5,14800.0,74100.0
10094,2025-09-16,Ерлан,Алматы,Ноутбук Pro 14,5,401900.0,2009500.0
10095,2025-09-16,Мария,Алматы,Наушники ANC,5,68400.0,342200.0
10096,2025-09-16,Айгерим,Алматы,Наушники ANC,5,62800.0,314100.0
10097,2025-09-16,Светлана,Астана,Веб-камера 4K,3,38800.0,116300.0
10098,2025-09-16,Айгерим,Астана,Док-станция USB-C,1,51600.0,51600.0
10099,2025-09-17,Ерлан,Караганда,Клавиатура механ.,3,29700.0,89000.0
10100,2025-09-17,Ерлан,Алматы,Ноутбук Pro 14,3,424500.0,1273600.0
10101,2025-09-17,Мария,Астана,Мышь беспроводная,1,13600.0,13600.0
10102,2025-09-17,Айгерим,Астана,Мышь беспроводная,2,14900.0,29900.0
10103,2025-09-17,Ерлан,Караганда,Ноутбук Pro 14,1,401200.0,401200.0
10104,2025-09-17,Мария,Алматы,Веб-камера 4K,2,38000.0,76000.0
10105,2025-09-17,Айгерим,Алматы,"Монитор 27""",5,136700.0,683300.0
10106,2025-09-17,Данияр,Шымкент,Веб-камера 4K,1,42900.0,42900.0
10107,2025-09-17,Айгерим,Караганда,"Монитор 27""",2,134200.0,268500.0
10108,2025-09-17,Ерлан,Астана,Мышь беспроводная,1,14400.0,14400.0
10109,2025-09-17,Мария,Алматы,Мышь беспроводная,5,13600.0,68100.0
10110,2025-09-17,Айгерим,Алматы,Док-станция USB-C,2,52400.0,104800.0
10111,2025-09-17,Мария,Астана,Ноутбук Pro 14,1,409800.0,409800.0
10112,2025-09-17,Айгерим,Астана,Док-станция USB-C,1,54500.0,54500.0
10113,2025-09-17,Данияр,Астана,Наушники ANC,1,62900.0,62900.0
10114,2025-09-17,Мария,Астана,"Монитор 27""",1,134200.0,134200.0
10115,2025-09-17,Данияр,Шымкент,Мышь беспроводная,2,14600.0,29100.0
10116,2025-09-17,Мария,Алматы,Клавиатура механ.,2,31200.0,62500.0
10117,2025-09-17,Светлана,Караганда,Док-станция USB-C,2,56900.0,113800.0
10118,2025-09-17,Ерлан,Алматы,Веб-камера 4K,2,40500.0,81000.0
10119,2025-09-18,Ерлан,Алматы,Ноутбук Pro 14,1,390300.0,390300.0
10120,2025-09-18,Айгерим,Алматы,Ноутбук Pro 14,1,404600.0,404600.0
10121,2025-09-18,Ерлан,Шымкент,Ноутбук Pro 14,3,387200.0,1161600.0
10122,2025-09-18,Мария,Алматы,Клавиатура механ.,1,30100.0,30100.0
10123,2025-09-18,Светлана,Шымкент,Мышь беспроводная,1,15100.0,15100.0
10124,2025-09-18,Ерлан,Алматы,Клавиатура механ.,1,32300.0,32300.0
10125,2025-09-18,Айгерим,Астана,Док-станция USB-C,2,51600.0,103200.0
10126,2025-09-18,Ерлан,Караганда,Мышь беспроводная,1,13700.0,13700.0
10127,2025-09-18,Светлана,Алматы,Док-станция USB-C,2,57600.0,115300.0
10128,2025-09-18,Айгерим,Шымкент,Мышь беспроводная,2,14100.0,28200.0
10129,2025-09-18,Айгерим,Алматы,Ноутбук Pro 14,2,412000.0,824100.0
10130,2025-09-18,Айгерим,Алматы,"Монитор 27""",5,125000.0,624900.0
10131,2025-09-18,Мария,Алматы,"Монитор 27""",2,134500.0,269000.0
10132,2025-09-18,Мария,Астана,"Монитор 27""",1,139000.0,139000.0
10133,2025-09-18,Айгерим,Алматы,Клавиатура механ.,2,32600.0,65200.0
10134,2025-09-18,Ерлан,Астана,Веб-камера 4K,2,39500.0,79000.0
10135,2025-09-18,Мария,Караганда,Мышь беспроводная,3,14900.0,44800.0
10136,2025-09-18,Данияр,Астана,Клавиатура механ.,2,33000.0,66000.0
10137,2025-09-18,Данияр,Караганда,Веб-камера 4K,2,38300.0,76600.0
10138,2025-09-18,Данияр,Алматы,Наушники ANC,2,64100.0,128300.0
10139,2025-09-18,Данияр,Алматы,"Монитор 27""",1,140500.0,140500.0
10140,2025-09-19,Мария,Караганда,Клавиатура механ.,1,32400.0,32400.0
10141,2025-09-19,Ерлан,Караганда,Веб-камера 4K,2,40300.0,80500.0
10142,2025-09-19,Ерлан,Шымкент,Мышь беспроводная,3,15200.0,45500.0
10143,2025-09-19,Данияр,Астана,Ноутбук Pro 14,1,426400.0,426400.0
10144,2025-09-19,Светлана,Алматы,Док-станция USB-C,2,58600.0,117200.0
10145,2025-09-19,Данияр,Алматы,Веб-камера 4K,3,41700.0,125200.0
10146,2025-09-19,Мария,Караганда,Клавиатура механ.,1,32700.0,32700.0
10147,2025-09-19,Данияр,Шымкент,Док-станция USB-C,2,58600.0,117300.0
10148,2025-09-19,Ерлан,Караганда,Наушники ANC,1,67500.0,67500.0
10149,2025-09-19,Данияр,Алматы,Мышь беспроводная,3,13400.0,40200.0
10150,2025-09-19,Ерлан,Шымкент,Клавиатура механ.,1,32200.0,32200.0
10151,2025-09-19,Ерлан,Алматы,Ноутбук Pro 14,5,426800.0,2133900.0
10152,2025-09-19,Светлана,Алматы,Док-станция USB-C,1,56000.0,56000.0
10153,2025-09-19,Айгерим,Алматы,Док-станция USB-C,2,56500.0,112900.0
10154,2025-09-19,Айгерим,Шымкент,Наушники ANC,5,68500.0,342500.0
10155,2025-09-19,Данияр,Астана,Мышь беспроводная,1,14900.0,14900.0
10156,2025-09-19,Светлана,Алматы,Мышь беспроводная,1,13900.0,13900.0
10157,2025-09-20,Ерлан,Астана,Ноутбук Pro 14,2,440900.0,881700.0
10158,2025-09-20,Мария,Алматы,Ноутбук Pro 14,1,436400.0,436400.0
10159,2025-09-20,Айгерим,Алматы,Ноутбук Pro 14,1,390100.0,390100.0
10160,2025-09-20,Данияр,Алматы,Клавиатура механ.,2,32100.0,64200.0
10161,2025-09-20,Мария,Алматы,Док-станция USB-C,5,57000.0,285000.0
10162,2025-09-20,Данияр,Караганда,Клавиатура механ.,5,30400.0,152100.0
10163,2025-09-20,Мария,Астана,Клавиатура механ.,2,32500.0,65100.0
10164,2025-09-21,Светлана,Астана,Наушники ANC,2,66800.0,133500.0
10165,2025-09-21,Ерлан,Алматы,"Монитор 27""",3,140000.0,420100.0
10166,2025-09-21,Мария,Караганда,"Монитор 27""",2,126000.0,252000.0
10167,2025-09-21,Айгерим,Караганда,Веб-камера 4K,2,40000.0,80100.0
10168,2025-09-21,Айгерим,Алматы,Веб-камера 4K,1,37900.0,37900.0
10169,2025-09-21,Данияр,Алматы,Док-станция USB-C,2,55300.0,110600.0
10170,2025-09-21,Айгерим,Астана,Веб-камера 4K,1,39800.0,39800.0
10171,2025-09-21,Данияр,Алматы,Мышь беспроводная,1,13900.0,13900.0
10172,2025-09-22,Данияр,Алматы,Ноутбук Pro 14,2,413100.0,826300.0
10173,2025-09-22,Данияр,Алматы,Мышь беспроводная,3,14900.0,44800.0
10174,2025-09-22,Ерлан,Алматы,Наушники ANC,1,66800.0,66800.0
10175,2025-09-22,Айгерим,Астана,Веб-камера 4K,1,42700.0,42700.0
10176,2025-09-22,Айгерим,Алматы,Док-станция USB-C,2,52600.0,105200.0
10177,2025-09-22,Айгерим,Алматы,Ноутбук Pro 14,5,386900.0,1934500.0
10178,2025-09-22,Айгерим,Астана,"Монитор 27""",1,135100.0,135100.0
10179,2025-09-22,Айгерим,Шымкент,"Монитор 27""",2,139100.0,278200.0
10180,2025-09-22,Ерлан,Шымкент,Мышь беспроводная,2,13600.0,27300.0
10181,2025-09-22,Данияр,Астана,Клавиатура механ.,1,33300.0,33300.0
10182,2025-09-22,Ерлан,Алматы,Док-станция USB-C,5,54200.0,270800.0
10183,2025-09-22,Айгерим,Алматы,Мышь беспроводная,3,14500.0,43400.0
10184,2025-09-22,Айгерим,Алматы,Наушники ANC,1,63300.0,63300.0
10185,2025-09-22,Ерлан,Астана,Клавиатура механ.,1,30100.0,30100.0
10186,2025-09-22,Светлана,Астана,Клавиатура механ.,3,30800.0,92300.0
10187,2025-09-22,Ерлан,Алматы,"Монитор 27""",1,126700.0,126700.0
10188,2025-09-22,Айгерим,Алматы,Веб-камера 4K,2,43000.0,86000.0
10189,2025-09-22,Айгерим,Шымкент,Мышь беспроводная,5,14400.0,72200.0
10190,2025-09-22,Мария,Алматы,Ноутбук Pro 14,5,415700.0,2078400.0
10191,2025-09-22,Данияр,Астана,Веб-камера 4K,1,40900.0,40900.0
10192,2025-09-22,Мария,Алматы,Док-станция USB-C,3,51700.0,155000.0
10193,2025-09-23,Данияр,Астана,Наушники ANC,2,67500.0,134900.0
10194,2025-09-23,Ерлан,Караганда,Мышь беспроводная,3,14400.0,43200.0
10195,2025-09-23,Айгерим,Шымкент,"Монитор 27""",1,133200.0,133200.0
10196,2025-09-23,Айгерим,Шымкент,Клавиатура механ.,2,31100.0,62300.0
10197,2025-09-23,Айгерим,Караганда,Наушники ANC,1,68600.0,68600.0
10198,2025-09-23,Светлана,Караганда,"Монитор 27""",1,127700.0,127700.0
10199,2025-09-23,Ерлан,Шымкент,"Монитор 27""",1,132400.0,132400.0
10200,2025-09-23,Ерлан,Астана,Наушники ANC,1,67100.0,67100.0
10201,2025-09-23,Айгерим,Караганда,Мышь беспроводная,3,14400.0,43200.0
10202,2025-09-23,Айгерим,Алматы,Наушники ANC,5,69600.0,348100.0
10203,2025-09-23,Светлана,Алматы,Мышь беспроводная,3,13400.0,40200.0
10204,2025-09-23,Данияр,Алматы,Веб-камера 4K,3,42500.0,127400.0
10205,2025-09-23,Данияр,Астана,Клавиатура механ.,2,31900.0,63700.0
10206,2025-09-23,Айгерим,Алматы,Наушники ANC,5,66700.0,333500.0
10207,2025-09-23,Айгерим,Астана,Клавиатура механ.,1,30000.0,30000.0
10208,2025-09-23,Айгерим,Алматы,Ноутбук Pro 14,1,438500.0,438500.0
10209,2025-09-23,Данияр,Алматы,Мышь беспроводная,3,15000.0,45000.0
10210,2025-09-23,Данияр,Алматы,Док-станция USB-C,1,55300.0,55300.0
10211,2025-09-23,Светлана,Астана,Ноутбук Pro 14,1,412700.0,412700.0
10212,2025-09-23,Данияр,Алматы,Наушники ANC,2,63500.0,127100.0
10213,2025-09-23,Светлана,Караганда,Клавиатура механ.,3,33100.0,99300.0
10214,2025-09-24,Айгерим,Шымкент,Док-станция USB-C,1,55500.0,55500.0
10215,2025-09-24,Айгерим,Алматы,Веб-камера 4K,2,40600.0,81200.0
10216,2025-09-24,Мария,Астана,Мышь беспроводная,1,14900.0,14900.0
10217,2025-09-24,Данияр,Шымкент,Веб-камера 4K,1,39700.0,39700.0
10218,2025-09-24,Светлана,Алматы,Ноутбук Pro 14,3,397700.0,1193100.0
10219,2025-09-24,Данияр,Шымкент,"Монитор 27""",5,126000.0,629800.0
10220,2025-09-24,Данияр,Алматы,Наушники ANC,1,66200.0,66200.0
10221,2025-09-24,Светлана,Алматы,Док-станция USB-C,2,57700.0,115400.0
10222,2025-09-25,Светлана,Шымкент,Клавиатура механ.,1,30100.0,30100.0
10223,2025-09-25,Мария,Астана,Ноутбук Pro 14,3,414700.0,1244000.0
10224,2025-09-25,Айгерим,Алматы,Клавиатура механ.,2,31200.0,62500.0
10225,2025-09-25,Светлана,Алматы,"Монитор 27""",5,132700.0,663300.0
10226,2025-09-25,Данияр,Алматы,Клавиатура механ.,2,30300.0,60600.0
10227,2025-09-25,Данияр,Астана,Клавиатура механ.,1,33300.0,33300.0
10228,2025-09-25,Мария,Алматы,Ноутбук Pro 14,2,408300.0,816500.0
10229,2025-09-25,Ерлан,Астана,Веб-камера 4K,5,42100.0,210400.0
10230,2025-09-25,Данияр,Алматы,Веб-камера 4K,1,42600.0,42600.0
10231,2025-09-25,Мария,Шымкент,Док-станция USB-C,1,57300.0,57300.0
10232,2025-09-25,Светлана,Алматы,Наушники ANC,3,64400.0,193300.0
10233,2025-09-25,Светлана,Алматы,Клавиатура механ.,2,29400.0,58900.0
10234,2025-09-25,Айгерим,Алматы,Док-станция USB-C,1,54900.0,54900.0
10235,2025-09-25,Светлана,Алматы,Веб-камера 4K,2,39800.0,79600.0
10236,2025-09-25,Мария,Астана,Клавиатура механ.,3,31400.0,94100.0
10237,2025-09-25,Данияр,Алматы,Ноутбук Pro 14,2,438300.0,876500.0
10238,2025-09-26,Светлана,Астана,Наушники ANC,1,66500.0,66500.0
10239,2025-09-26,Мария,Алматы,"Монитор 27""",5,133500.0,667600.0
10240,2025-09-26,Ерлан,Алматы,Клавиатура механ.,5,31000.0,154800.0
10241,2025-09-26,Мария,Караганда,Док-станция USB-C,2,56800.0,113500.0
10242,2025-09-26,Данияр,Алматы,Клавиатура механ.,1,32100.0,32100.0
10243,2025-09-26,Айгерим,Астана,Мышь беспроводная,2,13600.0,27200.0
10244,2025-09-26,Айгерим,Алматы,Ноутбук Pro 14,2,422600.0,845200.0
10245,2025-09-26,Светлана,Алматы,Веб-камера 4K,1,41900.0,41900.0
10246,2025-09-26,Данияр,Алматы,Док-станция USB-C,2,52500.0,104900.0
10247,2025-09-26,Светлана,Алматы,"Монитор 27""",1,136000.0,136000.0
10248,2025-09-26,Светлана,Астана,Док-станция USB-C,2,56600.0,113300.0
10249,2025-09-26,Данияр,Караганда,Веб-камера 4K,1,41100.0,41100.0
10250,2025-09-26,Айгерим,Алматы,Мышь беспроводная,1,14600.0,14600.0
10251,2025-09-26,Данияр,Караганда,Наушники ANC,5,68000.0,339800.0
10252,2025-09-26,Мария,Астана,Веб-камера 4K,3,39400.0,118300.0
10253,2025-09-26,Айгерим,Караганда,Мышь беспроводная,2,14000.0,27900.0
10254,2025-09-26,Светлана,Астана,Док-станция USB-C,5,57700.0,288300.0
10255,2025-09-27,Светлана,Алматы,Клавиатура механ.,1,32800.0,32800.0
10256,2025-09-27,Ерлан,Шымкент,Клавиатура механ.,1,30800.0,30800.0
10257,2025-09-27,Айгерим,Алматы,"Монитор 27""",1,137800.0,137800.0
10258,2025-09-27,Айгерим,Алматы,Мышь беспроводная,5,13700.0,68500.0
10259,2025-09-27,Светлана,Алматы,Клавиатура механ.,2,33300.0,66600.0
10260,2025-09-27,Данияр,Шымкент,Док-станция USB-C,1,57300.0,57300.0
10261,2025-09-27,Ерлан,Алматы,"Монитор 27""",2,126200.0,252300.0
10262,2025-09-27,Мария,Астана,"Монитор 27""",1,133900.0,133900.0
10263,2025-09-27,Светлана,Астана,Веб-камера 4K,2,43000.0,86000.0
10264,2025-09-28,Ерлан,Шымкент,Клавиатура механ.,2,30900.0,61800.0
10265,2025-09-28,Данияр,Астана,Док-станция USB-C,3,54600.0,163700.0
10266,2025-09-28,Светлана,Алматы,Веб-камера 4K,3,40300.0,121000.0
10267,2025-09-28,Айгерим,Астана,Мышь беспроводная,5,13500.0,67600.0
10268,2025-09-28,Айгерим,Алматы,"Монитор 27""",1,125100.0,125100.0
10269,2025-09-28,Мария,Шымкент,Веб-камера 4K,3,37900.0,113700.0
10270,2025-09-29,Мария,Шымкент,Ноутбук Pro 14,5,431300.0,2156700.0
10271,2025-09-29,Ерлан,Алматы,Ноутбук Pro 14,1,407900.0,407900.0
10272,2025-09-29,Ерлан,Астана,Клавиатура механ.,3,31500.0,94600.0
10273,2025-09-29,Айгерим,Шымкент,Клавиатура механ.,1,30400.0,30400.0
10274,2025-09-29,Айгерим,Алматы,Док-станция USB-C,1,52100.0,52100.0
10275,2025-09-29,Светлана,Алматы,Ноутбук Pro 14,3,408200.0,1224500.0
10276,2025-09-29,Данияр,Шымкент,Док-станция USB-C,2,54800.0,109600.0
10277,2025-09-29,Айгерим,Алматы,Док-станция USB-C,5,57900.0,289400.0
10278,2025-09-29,Ерлан,Астана,Мышь беспроводная,2,13900.0,27800.0
10279,2025-09-29,Ерлан,Алматы,Веб-камера 4K,2,42100.0,84300.0
10280,2025-09-30,Ерлан,Астана,Клавиатура механ.,1,32600.0,32600.0
10281,2025-09-30,Мария,Алматы,"Монитор 27""",1,129000.0,129000.0
10282,2025-09-30,Айгерим,Алматы,Мышь беспроводная,2,14600.0,29200.0
10283,2025-09-30,Мария,Алматы,Ноутбук Pro 14,1,435200.0,435200.0
10284,2025-09-30,Мария,Караганда,Веб-камера 4K,5,40200.0,201100.0
10285,2025-09-30,Мария,Алматы,Мышь беспроводная,1,13700.0,13700.0
10286,2025-09-30,Айгерим,Алматы,Клавиатура механ.,2,30300.0,60700.0
10287,2025-09-30,Айгерим,Шымкент,Ноутбук Pro 14,1,396000.0,396000.0
10288,2025-09-30,Айгерим,Алматы,"Монитор 27""",1,130500.0,130500.0
10289,2025-09-30,Айгерим,Шымкент,Клавиатура механ.,1,32000.0,32000.0
10290,2025-09-30,Айгерим,Алматы,Ноутбук Pro 14,5,391900.0,1959300.0
10291,2025-09-30,Светлана,Шымкент,Мышь беспроводная,2,13600.0,27100.0
10292,2025-09-30,Светлана,Алматы,Ноутбук Pro 14,3,415100.0,1245400.0
10293,2025-09-30,Светлана,Астана,"Монитор 27""",1,129900.0,129900.0
10294,2025-09-30,Светлана,Астана,Док-станция USB-C,3,52800.0,158300.0
10295,2025-10-01,Данияр,Алматы,Веб-камера 4K,2,38400.0,76800.0
10296,2025-10-01,Мария,Алматы,Док-станция USB-C,1,57800.0,57800.0
10297,2025-10-01,Мария,Караганда,Наушники ANC,1,66400.0,66400.0
10298,2025-10-01,Данияр,Астана,Веб-камера 4K,5,39800.0,199000.0
10299,2025-10-01,Мария,Астана,Док-станция USB-C,2,54900.0,109800.0
10300,2025-10-01,Данияр,Алматы,Клавиатура механ.,1,30900.0,30900.0
10301,2025-10-01,Данияр,Алматы,Клавиатура механ.,1,32400.0,32400.0
10302,2025-10-01,Данияр,Шымкент,Веб-камера 4K,2,41700.0,83500.0
10303,2025-10-01,Мария,Алматы,Док-станция USB-C,5,55900.0,279300.0
10304,2025-10-01,Светлана,Астана,Наушники ANC,5,66000.0,330100.0
10305,2025-10-01,Ерлан,Астана,Док-станция USB-C,1,51800.0,51800.0
10306,2025-10-01,Светлана,Астана,Ноутбук Pro 14,1,427000.0,427000.0
10307,2025-10-01,Ерлан,Алматы,"Монитор 27""",2,124300.0,248600.0
10308,2025-10-02,Айгерим,Шымкент,Веб-камера 4K,2,39200.0,78300.0
10309,2025-10-02,Светлана,Караганда,"Монитор 27""",2,133600.0,267200.0
10310,2025-10-02,Мария,Шымкент,Веб-камера 4K,3,38700.0,116200.0
10311,2025-10-02,Ерлан,Астана,Наушники ANC,1,63500.0,63500.0
10312,2025-10-02,Мария,Алматы,"Монитор 27""",2,141400.0,282900.0
10313,2025-10-02,Айгерим,Шымкент,Док-станция USB-C,1,54600.0,54600.0
10314,2025-10-02,Данияр,Шымкент,"Монитор 27""",3,129200.0,387600.0
10315,2025-10-02,Данияр,Астана,Ноутбук Pro 14,1,414800.0,414800.0
10316,2025-10-02,Данияр,Астана,Наушники ANC,1,68500.0,68500.0
10317,2025-10-02,Мария,Алматы,Ноутбук Pro 14,1,411600.0,411600.0
10318,2025-10-02,Данияр,Алматы,Мышь беспроводная,1,13700.0,13700.0
10319,2025-10-02,Ерлан,Караганда,Мышь беспроводная,5,14100.0,70500.0
10320,2025-10-02,Светлана,Астана,"Монитор 27""",1,135600.0,135600.0
10321,2025-10-02,Айгерим,Астана,Клавиатура механ.,2,31200.0,62500.0
10322,2025-10-02,Айгерим,Астана,Клавиатура механ.,5,33400.0,167100.0
10323,2025-10-02,Айгерим,Караганда,Мышь беспроводная,1,15000.0,15000.0
10324,2025-10-02,Айгерим,Шымкент,Веб-камера 4K,3,38300.0,115000.0
10325,2025-10-02,Светлана,Астана,Док-станция USB-C,1,55400.0,55400.0
10326,2025-10-02,Айгерим,Караганда,Наушники ANC,1,66500.0,66500.0
10327,2025-10-02,Данияр,Караганда,Клавиатура механ.,1,30200.0,30200.0
10328,2025-10-03,Мария,Шымкент,Док-станция USB-C,3,55500.0,166500.0
10329,2025-10-03,Мария,Астана,"Монитор 27""",5,136600.0,682800.0
10330,2025-10-03,Данияр,Алматы,Док-станция USB-C,1,54200.0,54200.0
10331,2025-10-03,Данияр,Караганда,Веб-камера 4K,1,41900.0,41900.0
10332,2025-10-03,Айгерим,Алматы,Веб-камера 4K,2,37900.0,75800.0
10333,2025-10-03,Мария,Караганда,"Монитор 27""",5,128000.0,640200.0
10334,2025-10-03,Айгерим,Алматы,Док-станция USB-C,5,53200.0,266200.0
10335,2025-10-03,Мария,Караганда,Док-станция USB-C,1,52900.0,52900.0
10336,2025-10-03,Айгерим,Шымкент,"Монитор 27""",2,135200.0,270400.0
10337,2025-10-03,Светлана,Алматы,Док-станция USB-C,2,57800.0,115600.0
10338,2025-10-03,Данияр,Караганда,Ноутбук Pro 14,1,398700.0,398700.0
10339,2025-10-03,Мария,Алматы,Веб-камера 4K,1,41800.0,41800.0
10340,2025-10-03,Ерлан,Алматы,Наушники ANC,1,68300.0,68300.0
10341,2025-10-03,Айгерим,Караганда,Веб-камера 4K,1,41600.0,41600.0
10342,2025-10-03,Мария,Астана,Веб-камера 4K,1,38300.0,38300.0
10343,2025-10-03,Светлана,Астана,Ноутбук Pro 14,2,410200.0,820500.0
10344,2025-10-03,Айгерим,Астана,Мышь беспроводная,2,14100.0,28300.0
10345,2025-10-03,Айгерим,Караганда,"Монитор 27""",1,135400.0,135400.0
10346,2025-10-03,Мария,Алматы,Ноутбук Pro 14,2,435400.0,870700.0
10347,2025-10-03,Ерлан,Алматы,Веб-камера 4K,3,41200.0,123500.0
10348,2025-10-03,Мария,Алматы,Мышь беспроводная,2,15000.0,29900.0
10349,2025-10-03,Светлана,Алматы,Мышь беспроводная,2,14600.0,29200.0
10350,2025-10-04,Светлана,Алматы,Клавиатура механ.,2,32500.0,65100.0
10351,2025-10-04,Айгерим,Алматы,Мышь беспроводная,1,15100.0,15100.0
10352,2025-10-04,Светлана,Шымкент,Клавиатура механ.,1,31600.0,31600.0
10353,2025-10-04,Данияр,Астана,"Монитор 27""",2,127300.0,254500.0
10354,2025-10-04,Данияр,Алматы,Веб-камера 4K,1,39200.0,39200.0
10355,2025-10-04,Айгерим,Астана,Наушники ANC,2,68800.0,137600.0
10356,2025-10-04,Ерлан,Алматы,"Монитор 27""",3,137300.0,412000.0
10357,2025-10-04,Данияр,Алматы,Мышь беспроводная,3,13800.0,41400.0
10358,2025-10-05,Данияр,Алматы,Ноутбук Pro 14,2,402900.0,805900.0
10359,2025-10-05,Мария,Астана,Мышь беспроводная,3,15100.0,45300.0
10360,2025-10-05,Мария,Шымкент,Ноутбук Pro 14,5,440900.0,2204700.0
10361,2025-10-05,Данияр,Алматы,Веб-камера 4K,5,41900.0,209700.0
10362,2025-10-05,Мария,Алматы,Наушники ANC,1,66800.0,66800.0
10363,2025-10-05,Ерлан,Алматы,Мышь беспроводная,2,14400.0,28800.0
10364,2025-10-06,Светлана,Шымкент,Ноутбук Pro 14,3,440700.0,1322200.0
10365,2025-10-06,Данияр,Астана,"Монитор 27""",1,131200.0,131200.0
10366,2025-10-06,Мария,Алматы,Наушники ANC,5,65600.0,328000.0
10367,2025-10-06,Айгерим,Караганда,"Монитор 27""",1,127600.0,127600.0
10368,2025-10-06,Ерлан,Алматы,Веб-камера 4K,1,42200.0,42200.0
10369,2025-10-06,Данияр,Караганда,Веб-камера 4K,1,42000.0,42000.0
10370,2025-10-06,Ерлан,Алматы,Веб-камера 4K,1,41300.0,41300.0
10371,2025-10-06,Данияр,Алматы,Док-станция USB-C,1,58500.0,58500.0
10372,2025-10-06,Ерлан,Шымкент,Док-станция USB-C,2,53400.0,106700.0
10373,2025-10-06,Айгерим,Алматы,Наушники ANC,1,69900.0,69900.0
10374,2025-10-06,Айгерим,Алматы,Наушники ANC,2,71300.0,142700.0
10375,2025-10-07,Ерлан,Алматы,Веб-камера 4K,1,39800.0,39800.0
10376,2025-10-07,Данияр,Астана,"Монитор 27""",1,127600.0,127600.0
10377,2025-10-07,Ерлан,Караганда,Веб-камера 4K,5,41100.0,205700.0
10378,2025-10-07,Светлана,Алматы,"Монитор 27""",1,131300.0,131300.0
10379,2025-10-07,Айгерим,Астана,Док-станция USB-C,3,57000.0,171000.0
10380,2025-10-07,Данияр,Алматы,Ноутбук Pro 14,1,396500.0,396500.0
10381,2025-10-07,Ерлан,Алматы,"Монитор 27""",3,140100.0,420400.0
10382,2025-10-07,Айгерим,Караганда,Наушники ANC,1,64800.0,64800.0
10383,2025-10-07,Ерлан,Алматы,Мышь беспроводная,1,13800.0,13800.0
10384,2025-10-07,Мария,Шымкент,"Монитор 27""",1,127000.0,127000.0
10385,2025-10-07,Светлана,Шымкент,"Монитор 27""",1,140300.0,140300.0
10386,2025-10-07,Светлана,Алматы,Ноутбук Pro 14,1,389200.0,389200.0
10387,2025-10-07,Айгерим,Шымкент,Ноутбук Pro 14,2,427900.0,855800.0
10388,2025-10-07,Данияр,Шымкент,"Монитор 27""",5,137000.0,684900.0
10389,2025-10-08,Данияр,Алматы,Ноутбук Pro 14,3,427300.0,1281900.0
10390,2025-10-08,Мария,Астана,Док-станция USB-C,1,55200.0,55200.0
10391,2025-10-08,Светлана,Алматы,Док-станция USB-C,1,57200.0,57200.0
10392,2025-10-08,Мария,Алматы,Веб-камера 4K,3,41300.0,124000.0
10393,2025-10-08,Ерлан,Караганда,Клавиатура механ.,3,33400.0,100300.0
10394,2025-10-08,Мария,Астана,"Монитор 27""",5,130400.0,651900.0
10395,2025-10-08,Данияр,Шымкент,Ноутбук Pro 14,5,391500.0,1957600.0
10396,2025-10-08,Данияр,Караганда,Ноутбук Pro 14,1,429400.0,429400.0
10397,2025-10-08,Ерлан,Алматы,Мышь беспроводная,5,13900.0,69500.0
10398,2025-10-08,Ерлан,Алматы,"Монитор 27""",2,135800.0,271500.0
10399,2025-10-08,Мария,Астана,Мышь беспроводная,1,14700.0,14700.0
10400,2025-10-08,Светлана,Алматы,Мышь беспроводная,1,14000.0,14000.0
10401,2025-10-08,Айгерим,Астана,Веб-камера 4K,1,42800.0,42800.0
10402,2025-10-08,Ерлан,Шымкент,Мышь беспроводная,1,15000.0,15000.0
10403,2025-10-09,Айгерим,Алматы,Клавиатура механ.,3,30500.0,91400.0
10404,2025-10-09,Мария,Астана,Клавиатура механ.,5,32400.0,162000.0
10405,2025-10-09,Данияр,Астана,Док-станция USB-C,2,55000.0,110000.0
10406,2025-10-09,Ерлан,Алматы,Клавиатура механ.,1,33100.0,33100.0
10407,2025-10-09,Светлана,Караганда,Док-станция USB-C,2,52500.0,105100.0
10408,2025-10-09,Айгерим,Алматы,Наушники ANC,5,65500.0,327500.0
10409,2025-10-09,Айгерим,Караганда,Ноутбук Pro 14,1,393000.0,393000.0
10410,2025-10-09,Ерлан,Астана,Ноутбук Pro 14,1,393600.0,393600.0
10411,2025-10-09,Светлана,Астана,Ноутбук Pro 14,3,420800.0,1262500.0
10412,2025-10-09,Данияр,Алматы,Мышь беспроводная,2,14700.0,29400.0
10413,2025-10-10,Айгерим,Алматы,Клавиатура механ.,3,30500.0,91600.0
10414,2025-10-10,Ерлан,Шымкент,Веб-камера 4K,3,39500.0,118400.0
10415,2025-10-10,Данияр,Алматы,Док-станция USB-C,1,57100.0,57100.0
10416,2025-10-10,Данияр,Астана,Мышь беспроводная,2,15100.0,30100.0
10417,2025-10-10,Мария,Астана,"Монитор 27""",1,133900.0,133900.0
10418,2025-10-10,Ерлан,Астана,"Монитор 27""",2,126600.0,253100.0
10419,2025-10-10,Данияр,Алматы,Мышь беспроводная,2,13500.0,27000.0
10420,2025-10-10,Данияр,Астана,Мышь беспроводная,1,13800.0,13800.0
10421,2025-10-10,Мария,Шымкент,Веб-камера 4K,1,42100.0,42100.0
10422,2025-10-10,Мария,Караганда,Док-станция USB-C,2,55200.0,110300.0
10423,2025-10-10,Мария,Астана,Док-станция USB-C,2,55400.0,110700.0
10424,2025-10-10,Мария,Караганда,Ноутбук Pro 14,1,414600.0,414600.0
10425,2025-10-10,Светлана,Астана,Клавиатура механ.,2,31400.0,62800.0
10426,2025-10-10,Айгерим,Алматы,Наушники ANC,1,64500.0,64500.0
10427,2025-10-11,Мария,Алматы,Ноутбук Pro 14,5,395500.0,1977700.0
10428,2025-10-11,Ерлан,Алматы,Клавиатура механ.,2,31200.0,62300.0
10429,2025-10-11,Ерлан,Шымкент,"Монитор 27""",5,133000.0,664900.0
10430,2025-10-11,Данияр,Алматы,Клавиатура механ.,5,30400.0,151900.0
10431,2025-10-11,Светлана,Караганда,Наушники ANC,1,67700.0,67700.0
10432,2025-10-12,Мария,Астана,Ноутбук Pro 14,1,416300.0,416300.0
10433,2025-10-12,Ерлан,Алматы,Наушники ANC,2,66200.0,132300.0
10434,2025-10-12,Айгерим,Шымкент,Клавиатура механ.,1,30000.0,30000.0
10435,2025-10-12,Ерлан,Астана,Док-станция USB-C,2,53200.0,106400.0
10436,2025-10-12,Айгерим,Астана,"Монитор 27""",1,129800.0,129800.0
10437,2025-10-12,Айгерим,Астана,Док-станция USB-C,1,52000.0,52000.0
10438,2025-10-12,Айгерим,Астана,Веб-камера 4K,1,42200.0,42200.0
10439,2025-10-12,Айгерим,Шымкент,"Монитор 27""",2,132000.0,263900.0
10440,2025-10-12,Айгерим,Караганда,Наушники ANC,5,62700.0,313300.0
10441,2025-10-12,Айгерим,Астана,Клавиатура механ.,2,30100.0,60100.0
10442,2025-10-12,Светлана,Астана,Ноутбук Pro 14,3,419100.0,1257400.0
10443,2025-10-12,Данияр,Алматы,Мышь беспроводная,1,14200.0,14200.0
10444,2025-10-12,Ерлан,Алматы,Веб-камера 4K,1,39600.0,39600.0
10445,2025-10-13,Ерлан,Астана,"Монитор 27""",2,137800.0,275700.0
10446,2025-10-13,Мария,Алматы,Ноутбук Pro 14,1,412300.0,412300.0
10447,2025-10-13,Данияр,Алматы,"Монитор 27""",1,128100.0,128100.0
10448,2025-10-13,Светлана,Алматы,Ноутбук Pro 14,1,431400.0,431400.0
10449,2025-10-13,Светлана,Караганда,Наушники ANC,5,62700.0,313600.0
10450,2025-10-13,Светлана,Караганда,Мышь беспроводная,1,14800.0,14800.0
10451,2025-10-13,Айгерим,Шымкент,"Монитор 27""",5,133900.0,669300.0
10452,2025-10-13,Данияр,Астана,Ноутбук Pro 14,2,420000.0,839900.0
10453,2025-10-13,Айгерим,Астана,Мышь беспроводная,1,14700.0,14700.0
10454,2025-10-13,Мария,Алматы,"Монитор 27""",3,132500.0,397500.0
10455,2025-10-13,Данияр,Алматы,Док-станция USB-C,5,56900.0,284300.0
10456,2025-10-13,Светлана,Астана,Клавиатура механ.,1,31400.0,31400.0
10457,2025-10-13,Данияр,Шымкент,Ноутбук Pro 14,1,433300.0,433300.0
10458,2025-10-14,Ерлан,Караганда,Мышь беспроводная,5,13800.0,69100.0
10459,2025-10-14,Ерлан,Алматы,Мышь беспроводная,1,13500.0,13500.0
10460,2025-10-14,Ерлан,Алматы,Клавиатура механ.,1,31400.0,31400.0
10461,2025-10-14,Мария,Шымкент,Мышь беспроводная,1,14900.0,14900.0
10462,2025-10-14,Мария,Алматы,Ноутбук Pro 14,2,438400.0,876900.0
10463,2025-10-14,Айгерим,Алматы,Клавиатура механ.,5,31500.0,157400.0
10464,2025-10-14,Данияр,Алматы,"Монитор 27""",2,125000.0,250100.0
10465,2025-10-14,Мария,Алматы,"Монитор 27""",2,131500.0,262900.0
10466,2025-10-14,Данияр,Астана,Клавиатура механ.,1,32000.0,32000.0
10467,2025-10-14,Айгерим,Астана,Веб-камера 4K,1,37800.0,37800.0
10468,2025-10-15,Мария,Алматы,Ноутбук Pro 14,1,415400.0,415400.0
10469,2025-10-15,Данияр,Алматы,Наушники ANC,2,65600.0,131200.0
10470,2025-10-15,Айгерим,Астана,Ноутбук Pro 14,3,437900.0,1313600.0
10471,2025-10-15,Ерлан,Астана,"Монитор 27""",3,129200.0,387600.0
10472,2025-10-15,Айгерим,Алматы,"Монитор 27""",5,141400.0,707100.0
10473,2025-10-15,Данияр,Караганда,Док-станция USB-C,2,52600.0,105200.0
10474,2025-10-15,Ерлан,Алматы,"Монитор 27""",1,132100.0,132100.0
10475,2025-10-15,Мария,Алматы,Ноутбук Pro 14,2,439800.0,879600.0
10476,2025-10-15,Данияр,Астана,"Монитор 27""",1,140800.0,140800.0
10477,2025-10-15,Светлана,Астана,Ноутбук Pro 14,1,409500.0,409500.0
10478,2025-10-15,Мария,Шымкент,Док-станция USB-C,5,53400.0,267000.0
10479,2025-10-15,Светлана,Алматы,"Монитор 27""",2,129100.0,258200.0
10480,2025-10-16,Айгерим,Астана,"Монитор 27""",1,131100.0,131100.0
10481,2025-10-16,Данияр,Алматы,Мышь беспроводная,1,14600.0,14600.0
10482,2025-10-16,Данияр,Алматы,Клавиатура механ.,1,32400.0,32400.0
10483,2025-10-16,Айгерим,Караганда,Ноутбук Pro 14,3,417600.0,1252900.0
10484,2025-10-16,Мария,Алматы,Мышь беспроводная,1,13400.0,13400.0
10485,2025-10-16,Айгерим,Шымкент,Док-станция USB-C,1,57000.0,57000.0
10486,2025-10-16,Ерлан,Астана,Док-станция USB-C,5,55900.0,279700.0
10487,2025-10-16,Айгерим,Астана,Наушники ANC,5,65600.0,327900.0
10488,2025-10-16,Мария,Алматы,Веб-камера 4K,2,38700.0,77300.0
10489,2025-10-16,Айгерим,Алматы,Ноутбук Pro 14,5,400800.0,2004200.0
10490,2025-10-17,Айгерим,Алматы,Веб-камера 4K,1,39200.0,39200.0
10491,2025-10-17,Данияр,Алматы,Клавиатура механ.,1,30900.0,30900.0
10492,2025-10-17,Ерлан,Караганда,Наушники ANC,1,64300.0,64300.0
10493,2025-10-17,Мария,Алматы,Клавиатура механ.,5,31500.0,157700.0
10494,2025-10-17,Ерлан,Шымкент,Ноутбук Pro 14,3,428200.0,1284500.0
10495,2025-10-17,Ерлан,Алматы,"Монитор 27""",2,137700.0,275300.0
10496,2025-10-17,Светлана,Шымкент,Ноутбук Pro 14,5,391600.0,1957800.0
10497,2025-10-17,Айгерим,Шымкент,Ноутбук Pro 14,1,422200.0,422200.0
10498,2025-10-17,Светлана,Алматы,Веб-камера 4K,3,40900.0,122800.0
10499,2025-10-17,Айгерим,Алматы,Веб-камера 4K,1,39900.0,39900.0
10500,2025-10-18,Мария,Алматы,Ноутбук Pro 14,1,400500.0,400500.0
10501,2025-10-18,Данияр,Шымкент,Веб-камера 4K,1,40700.0,40700.0
10502,2025-10-18,Ерлан,Караганда,Док-станция USB-C,1,58600.0,58600.0
10503,2025-10-18,Мария,Алматы,Наушники ANC,3,63800.0,191400.0
10504,2025-10-18,Данияр,Караганда,"Монитор 27""",3,134500.0,403400.0
10505,2025-10-18,Ерлан,Алматы,Док-станция USB-C,1,55600.0,55600.0
10506,2025-10-18,Айгерим,Астана,Клавиатура механ.,2,32800.0,65700.0
10507,2025-10-18,Айгерим,Караганда,Клавиатура механ.,1,32200.0,32200.0
10508,2025-10-19,Светлана,Астана,Веб-камера 4K,5,40100.0,200700.0
10509,2025-10-19,Айгерим,Караганда,Веб-камера 4K,5,38200.0,190900.0
10510,2025-10-19,Данияр,Астана,Наушники ANC,5,65300.0,326700.0
10511,2025-10-19,Светлана,Алматы,Веб-камера 4K,1,38700.0,38700.0
10512,2025-10-19,Айгерим,Астана,Мышь беспроводная,2,13500.0,26900.0
10513,2025-10-19,Айгерим,Караганда,Ноутбук Pro 14,1,422200.0,422200.0
10514,2025-10-19,Айгерим,Алматы,Док-станция USB-C,3,57900.0,173700.0
10515,2025-10-20,Данияр,Алматы,Мышь беспроводная,1,13500.0,13500.0
10516,2025-10-20,Данияр,Астана,Наушники ANC,1,64300.0,64300.0
10517,2025-10-20,Мария,Шымкент,Клавиатура механ.,1,30900.0,30900.0
10518,2025-10-20,Светлана,Астана,Ноутбук Pro 14,1,418500.0,418500.0
10519,2025-10-20,Айгерим,Алматы,Ноутбук Pro 14,5,429700.0,2148700.0
10520,2025-10-20,Данияр,Алматы,Док-станция USB-C,2,58700.0,117400.0
10521,2025-10-20,Ерлан,Астана,Мышь беспроводная,2,13600.0,27200.0
10522,2025-10-20,Мария,Астана,Ноутбук Pro 14,3,433900.0,1301600.0
10523,2025-10-20,Светлана,Алматы,Мышь беспроводная,3,14900.0,44800.0
10524,2025-10-20,Светлана,Астана,Ноутбук Pro 14,2,398200.0,796400.0
10525,2025-10-20,Данияр,Астана,Мышь беспроводная,1,13700.0,13700.0
10526,2025-10-20,Светлана,Шымкент,Клавиатура механ.,1,29800.0,29800.0
10527,2025-10-21,Мария,Алматы,"Монитор 27""",5,136600.0,683100.0
10528,2025-10-21,Ерлан,Алматы,Наушники ANC,1,62900.0,62900.0
10529,2025-10-21,Светлана,Шымкент,Док-станция USB-C,1,56800.0,56800.0
10530,2025-10-21,Данияр,Алматы,"Монитор 27""",2,132700.0,265500.0
10531,2025-10-21,Мария,Шымкент,Веб-камера 4K,2,40000.0,80000.0
10532,2025-10-21,Данияр,Алматы,Наушники ANC,5,63300.0,316300.0
10533,2025-10-21,Айгерим,Шымкент,Веб-камера 4K,1,39300.0,39300.0
10534,2025-10-21,Айгерим,Алматы,Веб-камера 4K,2,42600.0,85200.0
10535,2025-10-21,Данияр,Караганда,Ноутбук Pro 14,1,390800.0,390800.0
10536,2025-10-22,Мария,Алматы,Ноутбук Pro 14,2,413600.0,827200.0
10537,2025-10-22,Данияр,Астана,Клавиатура механ.,3,30000.0,90000.0
10538,2025-10-22,Мария,Алматы,"Монитор 27""",5,130700.0,653400.0
10539,2025-10-22,Ерлан,Алматы,Клавиатура механ.,1,29700.0,29700.0
10540,2025-10-22,Светлана,Шымкент,Ноутбук Pro 14,3,390000.0,1170100.0
10541,2025-10-22,Айгерим,Шымкент,Ноутбук Pro 14,1,387700.0,387700.0
10542,2025-10-22,Данияр,Шымкент,Веб-камера 4K,1,40600.0,40600.0
10543,2025-10-22,Светлана,Алматы,Док-станция USB-C,2,55200.0,110300.0
10544,2025-10-22,Мария,Шымкент,Наушники ANC,3,63000.0,189100.0
10545,2025-10-22,Данияр,Алматы,Ноутбук Pro 14,2,423800.0,847600.0
10546,2025-10-23,Данияр,Алматы,"Монитор 27""",2,129900.0,259900.0
10547,2025-10-23,Светлана,Астана,Док-станция USB-C,1,52600.0,52600.0
10548,2025-10-23,Ерлан,Алматы,Наушники ANC,1,68700.0,68700.0
10549,2025-10-23,Айгерим,Шымкент,Мышь беспроводная,1,13400.0,13400.0
10550,2025-10-23,Ерлан,Алматы,"Монитор 27""",5,125000.0,624900.0
10551,2025-10-23,Данияр,Алматы,Веб-камера 4K,2,41700.0,83500.0
10552,2025-10-23,Данияр,Алматы,Клавиатура механ.,2,33600.0,67100.0
10553,2025-10-23,Мария,Шымкент,Мышь беспроводная,1,14400.0,14400.0
10554,2025-10-23,Ерлан,Алматы,Наушники ANC,3,70500.0,211400.0
10555,2025-10-23,Данияр,Караганда,Мышь беспроводная,2,13900.0,27800.0
10556,2025-10-23,Данияр,Астана,Мышь беспроводная,2,15200.0,30400.0
10557,2025-10-24,Айгерим,Караганда,Клавиатура механ.,1,31600.0,31600.0
10558,2025-10-24,Ерлан,Алматы,Веб-камера 4K,1,38800.0,38800.0
10559,2025-10-24,Айгерим,Астана,"Монитор 27""",5,136900.0,684700.0
10560,2025-10-24,Ерлан,Астана,Веб-камера 4K,2,41800.0,83500.0
10561,2025-10-24,Ерлан,Караганда,Док-станция USB-C,2,53900.0,107700.0
10562,2025-10-24,Данияр,Шымкент,Ноутбук Pro 14,2,422700.0,845300.0
10563,2025-10-24,Айгерим,Астана,Клавиатура механ.,5,30100.0,150500.0
10564,2025-10-24,Айгерим,Алматы,Клавиатура механ.,2,31800.0,63600.0
10565,2025-10-24,Мария,Астана,Веб-камера 4K,2,40800.0,81700.0
10566,2025-10-24,Мария,Астана,"Монитор 27""",2,138100.0,276100.0
10567,2025-10-24,Данияр,Астана,Ноутбук Pro 14,2,391900.0,783900.0
10568,2025-10-24,Айгерим,Астана,Док-станция USB-C,5,56500.0,282300.0
10569,2025-10-24,Ерлан,Астана,"Монитор 27""",1,137100.0,137100.0
10570,2025-10-25,Данияр,Караганда,Веб-камера 4K,1,38700.0,38700.0
10571,2025-10-25,Айгерим,Алматы,Клавиатура механ.,2,30400.0,60800.0
10572,2025-10-25,Ерлан,Шымкент,Ноутбук Pro 14,3,407300.0,1222000.0
10573,2025-10-25,Светлана,Алматы,Наушники ANC,1,67900.0,67900.0
10574,2025-10-25,Светлана,Астана,"Монитор 27""",1,140400.0,140400.0
10575,2025-10-25,Ерлан,Астана,Док-станция USB-C,2,53100.0,106100.0
10576,2025-10-25,Светлана,Шымкент,"Монитор 27""",1,136200.0,136200.0
10577,2025-10-26,Айгерим,Шымкент,Док-станция USB-C,1,52200.0,52200.0
10578,2025-10-26,Мария,Алматы,Клавиатура механ.,1,30400.0,30400.0
10579,2025-10-26,Данияр,Астана,Клавиатура механ.,1,31800.0,31800.0
10580,2025-10-26,Светлана,Караганда,Клавиатура механ.,5,30100.0,150300.0
10581,2025-10-26,Мария,Астана,Док-станция USB-C,3,56100.0,168300.0
10582,2025-10-26,Светлана,Астана,Мышь беспроводная,2,13400.0,26700.0
10583,2025-10-26,Айгерим,Астана,"Монитор 27""",3,130800.0,392500.0
10584,2025-10-27,Мария,Алматы,Мышь беспроводная,1,13800.0,13800.0
10585,2025-10-27,Данияр,Алматы,Ноутбук Pro 14,5,395800.0,1979200.0
10586,2025-10-27,Мария,Караганда,Мышь беспроводная,2,14300.0,28600.0
10587,2025-10-27,Айгерим,Алматы,Клавиатура механ.,1,32300.0,32300.0
10588,2025-10-27,Мария,Астана,"Монитор 27""",2,124700.0,249500.0
10589,2025-10-27,Мария,Алматы,Ноутбук Pro 14,3,414600.0,1243800.0
10590,2025-10-27,Мария,Караганда,Мышь беспроводная,1,13500.0,13500.0
10591,2025-10-27,Ерлан,Шымкент,Клавиатура механ.,1,31800.0,31800.0
10592,2025-10-27,Ерлан,Шымкент,Клавиатура механ.,2,32000.0,64000.0
10593,2025-10-27,Айгерим,Шымкент,Док-станция USB-C,1,58300.0,58300.0
10594,2025-10-27,Айгерим,Алматы,Клавиатура механ.,1,30200.0,30200.0
10595,2025-10-27,Данияр,Алматы,Док-станция USB-C,1,52700.0,52700.0
10596,2025-10-27,Мария,Алматы,Веб-камера 4K,3,42500.0,127400.0
10597,2025-10-28,Данияр,Астана,Док-станция USB-C,5,58400.0,292200.0
10598,2025-10-28,Айгерим,Алматы,Мышь беспроводная,2,14800.0,29500.0
10599,2025-10-28,Мария,Алматы,Мышь беспроводная,2,13800.0,27600.0
10600,2025-10-28,Мария,Шымкент,Клавиатура механ.,5,32800.0,164200.0
10601,2025-10-28,Айгерим,Шымкент,Ноутбук Pro 14,1,413400.0,413400.0
10602,2025-10-28,Светлана,Караганда,Мышь беспроводная,3,15000.0,45100.0
10603,2025-10-28,Мария,Алматы,Клавиатура механ.,1,33300.0,33300.0
10604,2025-10-29,Айгерим,Астана,Ноутбук Pro 14,1,399600.0,399600.0
10605,2025-10-29,Мария,Алматы,Веб-камера 4K,5,41100.0,205400.0
10606,2025-10-29,Ерлан,Алматы,"Монитор 27""",2,127900.0,255700.0
10607,2025-10-29,Мария,Шымкент,Наушники ANC,3,69300.0,207800.0
10608,2025-10-29,Ерлан,Шымкент,"Монитор 27""",1,139700.0,139700.0
10609,2025-10-29,Светлана,Алматы,Ноутбук Pro 14,2,432600.0,865200.0
10610,2025-10-29,Данияр,Караганда,"Монитор 27""",3,137300.0,411800.0
10611,2025-10-29,Айгерим,Алматы,"Монитор 27""",1,134100.0,134100.0
10612,2025-10-29,Данияр,Алматы,Клавиатура механ.,3,31100.0,93300.0
10613,2025-10-29,Светлана,Алматы,"Монитор 27""",2,138300.0,276700.0
10614,2025-10-29,Мария,Алматы,Веб-камера 4K,2,40200.0,80400.0
10615,2025-10-29,Мария,Астана,"Монитор 27""",1,132500.0,132500.0
10616,2025-10-29,Ерлан,Алматы,Ноутбук Pro 14,2,431100.0,862100.0
10617,2025-10-30,Айгерим,Астана,Наушники ANC,1,69100.0,69100.0
10618,2025-10-30,Светлана,Алматы,"Монитор 27""",1,133200.0,133200.0
10619,2025-10-30,Светлана,Алматы,Ноутбук Pro 14,5,440300.0,2201400.0
10620,2025-10-30,Данияр,Шымкент,Веб-камера 4K,3,37900.0,113700.0
10621,2025-10-30,Данияр,Шымкент,Веб-камера 4K,2,40600.0,81100.0
10622,2025-10-30,Светлана,Алматы,Мышь беспроводная,2,14200.0,28400.0
10623,2025-10-30,Светлана,Алматы,Клавиатура механ.,1,32100.0,32100.0
10624,2025-10-30,Светлана,Алматы,Клавиатура механ.,1,30000.0,30000.0
10625,2025-10-31,Айгерим,Астана,"Монитор 27""",1,131400.0,131400.0
10626,2025-10-31,Данияр,Шымкент,Веб-камера 4K,3,38400.0,115300.0
10627,2025-10-31,Мария,Алматы,Док-станция USB-C,1,53700.0,53700.0
10628,2025-10-31,Айгерим,Астана,Мышь беспроводная,1,14200.0,14200.0
10629,2025-10-31,Айгерим,Шымкент,"Монитор 27""",2,134300.0,268600.0
10630,2025-10-31,Данияр,Шымкент,Мышь беспроводная,1,14800.0,14800.0
10631,2025-10-31,Мария,Алматы,"Монитор 27""",1,127500.0,127500.0
10632,2025-10-31,Ерлан,Алматы,Док-станция USB-C,1,56800.0,56800.0
10633,2025-10-31,Светлана,Астана,Мышь беспроводная,5,14800.0,74200.0
10634,2025-10-31,Мария,Караганда,Мышь беспроводная,2,14300.0,28700.0
10635,2025-10-31,Айгерим,Караганда,Наушники ANC,1,65400.0,65400.0
10636,2025-10-31,Ерлан,Караганда,Мышь беспроводная,2,14600.0,29200.0
10637,2025-10-31,Светлана,Алматы,"Монитор 27""",1,138200.0,138200.0
10638,2025-11-01,Данияр,Алматы,Веб-камера 4K,1,41100.0,41100.0
10639,2025-11-01,Мария,Караганда,Веб-камера 4K,2,41400.0,82800.0
10640,2025-11-01,Айгерим,Астана,Мышь беспроводная,1,14900.0,14900.0
10641,2025-11-01,Мария,Астана,"Монитор 27""",5,139100.0,695300.0
10642,2025-11-01,Ерлан,Караганда,Веб-камера 4K,1,41300.0,41300.0
10643,2025-11-01,Мария,Алматы,Ноутбук Pro 14,2,389700.0,779500.0
10644,2025-11-02,Ерлан,Алматы,Ноутбук Pro 14,1,434100.0,434100.0
10645,2025-11-02,Данияр,Астана,Мышь беспроводная,1,14400.0,14400.0
10646,2025-11-02,Данияр,Астана,"Монитор 27""",2,140400.0,280800.0
10647,2025-11-02,Светлана,Астана,Наушники ANC,1,71000.0,71000.0
10648,2025-11-03,Айгерим,Астана,Веб-камера 4K,3,41600.0,124900.0
10649,2025-11-03,Ерлан,Астана,Мышь беспроводная,2,14900.0,29800.0
10650,2025-11-03,Данияр,Алматы,Док-станция USB-C,2,53500.0,107000.0
10651,2025-11-03,Данияр,Алматы,"Монитор 27""",3,131800.0,395400.0
10652,2025-11-03,Айгерим,Алматы,Веб-камера 4K,1,40900.0,40900.0
10653,2025-11-03,Данияр,Алматы,Ноутбук Pro 14,3,407000.0,1220900.0
10654,2025-11-03,Ерлан,Караганда,Клавиатура механ.,3,30800.0,92300.0
10655,2025-11-03,Ерлан,Астана,Мышь беспроводная,2,14200.0,28300.0
10656,2025-11-03,Данияр,Алматы,Док-станция USB-C,1,55300.0,55300.0
10657,2025-11-03,Данияр,Астана,Клавиатура механ.,1,30000.0,30000.0
10658,2025-11-03,Мария,Астана,Клавиатура механ.,5,29600.0,148000.0
10659,2025-11-03,Айгерим,Алматы,Ноутбук Pro 14,1,400000.0,400000.0
10660,2025-11-04,Айгерим,Алматы,Клавиатура механ.,2,29400.0,58900.0
10661,2025-11-04,Мария,Алматы,Клавиатура механ.,2,30800.0,61600.0
10662,2025-11-04,Айгерим,Алматы,Клавиатура механ.,1,33400.0,33400.0
10663,2025-11-04,Мария,Астана,"Монитор 27""",1,141400.0,141400.0
10664,2025-11-04,Светлана,Алматы,Мышь беспроводная,5,13500.0,67500.0
10665,2025-11-04,Данияр,Караганда,Док-станция USB-C,2,54600.0,109200.0
10666,2025-11-04,Данияр,Астана,Клавиатура механ.,1,33600.0,33600.0
10667,2025-11-04,Светлана,Астана,Клавиатура механ.,5,29700.0,148400.0
10668,2025-11-04,Мария,Астана,Наушники ANC,2,63900.0,127800.0
10669,2025-11-04,Айгерим,Шымкент,Ноутбук Pro 14,2,394900.0,789700.0
10670,2025-11-05,Ерлан,Астана,Наушники ANC,1,67800.0,67800.0
10671,2025-11-05,Мария,Алматы,Мышь беспроводная,1,14700.0,14700.0
10672,2025-11-05,Мария,Астана,Док-станция USB-C,2,57900.0,115900.0
10673,2025-11-05,Айгерим,Алматы,Веб-камера 4K,1,38200.0,38200.0
10674,2025-11-05,Ерлан,Алматы,"Монитор 27""",5,128100.0,640500.0
10675,2025-11-05,Данияр,Шымкент,Наушники ANC,1,66300.0,66300.0
10676,2025-11-05,Айгерим,Шымкент,Ноутбук Pro 14,5,434200.0,2171000.0
10677,2025-11-05,Мария,Алматы,"Монитор 27""",1,140200.0,140200.0
10678,2025-11-06,Ерлан,Караганда,Клавиатура механ.,1,33200.0,33200.0
10679,2025-11-06,Данияр,Астана,Док-станция USB-C,1,55800.0,55800.0
10680,2025-11-06,Мария,Алматы,Клавиатура механ.,1,30600.0,30600.0
10681,2025-11-06,Айгерим,Караганда,"Монитор 27""",2,135600.0,271200.0
10682,2025-11-06,Мария,Астана,Док-станция USB-C,2,57500.0,115000.0
10683,2025-11-06,Мария,Алматы,"Монитор 27""",3,139600.0,418700.0
10684,2025-11-06,Айгерим,Алматы,Веб-камера 4K,1,41000.0,41000.0
10685,2025-11-06,Айгерим,Астана,Мышь беспроводная,1,14400.0,14400.0
10686,2025-11-07,Мария,Алматы,Док-станция USB-C,2,55000.0,109900.0
10687,2025-11-07,Ерлан,Астана,Веб-камера 4K,5,38200.0,191200.0
10688,2025-11-07,Айгерим,Шымкент,Мышь беспроводная,1,14700.0,14700.0
10689,2025-11-07,Айгерим,Шымкент,Наушники ANC,2,63500.0,127100.0
10690,2025-11-07,Ерлан,Астана,"Монитор 27""",1,139800.0,139800.0
10691,2025-11-07,Светлана,Алматы,Мышь беспроводная,1,14700.0,14700.0
10692,2025-11-07,Данияр,Астана,Наушники ANC,1,64600.0,64600.0
10693,2025-11-07,Данияр,Алматы,Наушники ANC,2,67600.0,135200.0
10694,2025-11-07,Мария,Алматы,Клавиатура механ.,1,33000.0,33000.0
10695,2025-11-07,Данияр,Алматы,Мышь беспроводная,3,13500.0,40400.0
10696,2025-11-08,Данияр,Караганда,Клавиатура механ.,1,32100.0,32100.0
10697,2025-11-08,Ерлан,Караганда,Наушники ANC,3,66500.0,199500.0
10698,2025-11-08,Светлана,Алматы,"Монитор 27""",2,135500.0,271000.0
10699,2025-11-09,Мария,Алматы,Веб-камера 4K,1,39200.0,39200.0
10700,2025-11-09,Данияр,Алматы,Ноутбук Pro 14,1,434600.0,434600.0
10701,2025-11-09,Ерлан,Алматы,Док-станция USB-C,1,52800.0,52800.0
10702,2025-11-09,Ерлан,Астана,Клавиатура механ.,1,33500.0,33500.0
10703,2025-11-09,Данияр,Астана,Ноутбук Pro 14,5,435900.0,2179600.0
10704,2025-11-09,Айгерим,Алматы,Ноутбук Pro 14,2,401000.0,802000.0
10705,2025-11-09,Ерлан,Алматы,"Монитор 27""",2,137900.0,275800.0
10706,2025-11-10,Светлана,Караганда,Веб-камера 4K,2,42600.0,85200.0
10707,2025-11-10,Данияр,Алматы,"Монитор 27""",3,141100.0,423400.0
10708,2025-11-10,Данияр,Алматы,"Монитор 27""",1,131000.0,131000.0
10709,2025-11-10,Светлана,Шымкент,Док-станция USB-C,5,52900.0,264700.0
10710,2025-11-10,Данияр,Астана,Клавиатура механ.,2,32300.0,64500.0
10711,2025-11-10,Данияр,Алматы,Мышь беспроводная,1,15100.0,15100.0
10712,2025-11-10,Данияр,Астана,Клавиатура механ.,2,32200.0,64300.0
10713,2025-11-10,Данияр,Алматы,"Монитор 27""",1,136000.0,136000.0
10714,2025-11-10,Данияр,Астана,Наушники ANC,1,65500.0,65500.0
10715,2025-11-11,Ерлан,Караганда,"Монитор 27""",2,126500.0,252900.0
10716,2025-11-11,Айгерим,Алматы,Ноутбук Pro 14,1,435600.0,435600.0
10717,2025-11-11,Ерлан,Алматы,"Монитор 27""",3,137600.0,412700.0
10718,2025-11-11,Данияр,Алматы,Ноутбук Pro 14,3,407000.0,1220900.0
10719,2025-11-11,Ерлан,Астана,Мышь беспроводная,5,13500.0,67300.0
10720,2025-11-11,Светлана,Алматы,Ноутбук Pro 14,3,425300.0,1275800.0
10721,2025-11-11,Данияр,Алматы,Клавиатура механ.,1,31900.0,31900.0
10722,2025-11-11,Айгерим,Алматы,Клавиатура механ.,1,30800.0,30800.0
10723,2025-11-12,Айгерим,Астана,Веб-камера 4K,5,42900.0,214300.0
10724,2025-11-12,Айгерим,Алматы,Ноутбук Pro 14,2,424100.0,848200.0
10725,2025-11-12,Светлана,Астана,Мышь беспроводная,1,14500.0,14500.0
10726,2025-11-12,Ерлан,Алматы,"Монитор 27""",2,141500.0,283000.0
10727,2025-11-12,Айгерим,Астана,Ноутбук Pro 14,5,406300.0,2031600.0
10728,2025-11-12,Мария,Алматы,Наушники ANC,5,64800.0,324200.0
10729,2025-11-12,Ерлан,Шымкент,Ноутбук Pro 14,1,390800.0,390800.0
10730,2025-11-12,Айгерим,Алматы,"Монитор 27""",1,129300.0,129300.0
10731,2025-11-12,Мария,Алматы,"Монитор 27""",2,136500.0,273000.0
10732,2025-11-12,Айгерим,Караганда,"Монитор 27""",2,125900.0,251700.0
10733,2025-11-12,Светлана,Астана,Мышь беспроводная,3,15100.0,45200.0
10734,2025-11-12,Айгерим,Алматы,Мышь беспроводная,5,14100.0,70600.0
10735,2025-11-12,Данияр,Астана,"Монитор 27""",1,125900.0,125900.0
10736,2025-11-12,Айгерим,Астана,Док-станция USB-C,3,55800.0,167500.0
10737,2025-11-12,Данияр,Алматы,"Монитор 27""",1,124400.0,124400.0
10738,2025-11-12,Ерлан,Астана,Веб-камера 4K,1,42000.0,42000.0
10739,2025-11-12,Ерлан,Алматы,"Монитор 27""",1,138400.0,138400.0
10740,2025-11-12,Данияр,Алматы,Клавиатура механ.,2,31500.0,62900.0
10741,2025-11-13,Светлана,Алматы,Мышь беспроводная,1,13600.0,13600.0
10742,2025-11-13,Светлана,Астана,"Монитор 27""",1,129900.0,129900.0
10743,2025-11-13,Айгерим,Астана,Наушники ANC,5,65200.0,326100.0
10744,2025-11-13,Светлана,Астана,Клавиатура механ.,1,32800.0,32800.0
10745,2025-11-13,Данияр,Астана,Ноутбук Pro 14,5,416600.0,2083000.0
10746,2025-11-13,Айгерим,Алматы,Наушники ANC,1,69700.0,69700.0
10747,2025-11-13,Айгерим,Астана,"Монитор 27""",2,125000.0,249900.0
10748,2025-11-13,Данияр,Алматы,Клавиатура механ.,1,31400.0,31400.0
10749,2025-11-13,Светлана,Алматы,Мышь беспроводная,1,14800.0,14800.0
10750,2025-11-13,Мария,Астана,Док-станция USB-C,5,55800.0,279200.0
10751,2025-11-13,Мария,Астана,Мышь беспроводная,2,14900.0,29800.0
10752,2025-11-13,Мария,Алматы,Ноутбук Pro 14,1,392100.0,392100.0
10753,2025-11-14,Мария,Алматы,"Монитор 27""",1,135400.0,135400.0
10754,2025-11-14,Данияр,Астана,Ноутбук Pro 14,1,410100.0,410100.0
10755,2025-11-14,Мария,Караганда,Веб-камера 4K,2,40300.0,80700.0
10756,2025-11-14,Мария,Алматы,Клавиатура механ.,3,31500.0,94500.0
10757,2025-11-14,Данияр,Караганда,Ноутбук Pro 14,5,403800.0,2019100.0
10758,2025-11-14,Айгерим,Алматы,Ноутбук Pro 14,3,389000.0,1167000.0
10759,2025-11-14,Светлана,Караганда,Мышь беспроводная,2,13500.0,26900.0
10760,2025-11-14,Данияр,Алматы,Мышь беспроводная,2,14500.0,29000.0
10761,2025-11-14,Айгерим,Алматы,"Монитор 27""",3,126000.0,378000.0
10762,2025-11-15,Ерлан,Астана,"Монитор 27""",3,131300.0,394000.0
10763,2025-11-15,Данияр,Алматы,Наушники ANC,1,70900.0,70900.0
10764,2025-11-15,Данияр,Астана,Ноутбук Pro 14,1,406400.0,406400.0
10765,2025-11-15,Мария,Алматы,Мышь беспроводная,5,13900.0,69500.0
10766,2025-11-16,Айгерим,Алматы,Док-станция USB-C,3,54400.0,163100.0
10767,2025-11-16,Мария,Алматы,Док-станция USB-C,1,53900.0,53900.0
10768,2025-11-16,Ерлан,Астана,Мышь беспроводная,2,14200.0,28500.0
10769,2025-11-16,Мария,Астана,Док-станция USB-C,1,54000.0,54000.0
10770,2025-11-16,Ерлан,Астана,Ноутбук Pro 14,1,404400.0,404400.0
10771,2025-11-16,Светлана,Алматы,Клавиатура механ.,1,31300.0,31300.0
10772,2025-11-17,Айгерим,Караганда,Клавиатура механ.,2,31200.0,62400.0
10773,2025-11-17,Данияр,Шымкент,Мышь беспроводная,2,15100.0,30300.0
10774,2025-11-17,Айгерим,Астана,Мышь беспроводная,5,14400.0,71900.0
10775,2025-11-17,Данияр,Алматы,Док-станция USB-C,2,58400.0,116800.0
10776,2025-11-17,Светлана,Алматы,Док-станция USB-C,1,56600.0,56600.0
10777,2025-11-17,Айгерим,Алматы,"Монитор 27""",3,140500.0,421400.0
10778,2025-11-17,Айгерим,Шымкент,Ноутбук Pro 14,2,421800.0,843600.0
10779,2025-11-17,Светлана,Шымкент,Мышь беспроводная,2,15100.0,30100.0
10780,2025-11-17,Мария,Алматы,Клавиатура механ.,2,30500.0,61000.0
10781,2025-11-17,Мария,Алматы,Веб-камера 4K,2,38400.0,76900.0
10782,2025-11-17,Мария,Шымкент,Мышь беспроводная,1,13800.0,13800.0
10783,2025-11-17,Светлана,Алматы,Веб-камера 4K,1,42300.0,42300.0
10784,2025-11-17,Айгерим,Астана,"Монитор 27""",2,131300.0,262500.0
10785,2025-11-17,Светлана,Шымкент,Наушники ANC,1,70300.0,70300.0
10786,2025-11-17,Светлана,Алматы,Веб-камера 4K,2,40700.0,81400.0
10787,2025-11-17,Данияр,Алматы,Веб-камера 4K,1,40700.0,40700.0
10788,2025-11-18,Светлана,Алматы,Ноутбук Pro 14,1,406300.0,406300.0
10789,2025-11-18,Данияр,Шымкент,Ноутбук Pro 14,2,427700.0,855400.0
10790,2025-11-18,Айгерим,Алматы,Ноутбук Pro 14,2,416900.0,833900.0
10791,2025-11-18,Светлана,Караганда,"Монитор 27""",5,137900.0,689600.0
10792,2025-11-18,Данияр,Шымкент,Ноутбук Pro 14,1,429600.0,429600.0
10793,2025-11-18,Ерлан,Шымкент,Клавиатура механ.,1,30600.0,30600.0
10794,2025-11-18,Данияр,Караганда,Ноутбук Pro 14,2,402800.0,805700.0
10795,2025-11-18,Мария,Алматы,Веб-камера 4K,2,40100.0,80200.0
10796,2025-11-18,Ерлан,Караганда,Клавиатура механ.,2,31200.0,62500.0
10797,2025-11-19,Ерлан,Астана,"Монитор 27""",2,136600.0,273200.0
10798,2025-11-19,Ерлан,Астана,Мышь беспроводная,2,14800.0,29500.0
10799,2025-11-19,Мария,Алматы,Веб-камера 4K,1,40400.0,40400.0
10800,2025-11-19,Айгерим,Шымкент,Док-станция USB-C,3,56000.0,167900.0
10801,2025-11-19,Данияр,Шымкент,"Монитор 27""",3,137500.0,412500.0
10802,2025-11-19,Айгерим,Астана,Док-станция USB-C,1,55700.0,55700.0
10803,2025-11-19,Мария,Шымкент,Док-станция USB-C,3,55600.0,166900.0
10804,2025-11-19,Светлана,Астана,Наушники ANC,2,65000.0,130000.0
10805,2025-11-19,Светлана,Шымкент,Ноутбук Pro 14,5,439400.0,2197200.0
10806,2025-11-19,Мария,Шымкент,Док-станция USB-C,2,52800.0,105500.0
10807,2025-11-19,Айгерим,Алматы,Мышь беспроводная,2,15000.0,30000.0
10808,2025-11-19,Айгерим,Алматы,Веб-камера 4K,2,40000.0,80000.0
10809,2025-11-19,Айгерим,Алматы,Клавиатура механ.,3,31500.0,94400.0
10810,2025-11-19,Ерлан,Шымкент,Ноутбук Pro 14,2,395400.0,790800.0
10811,2025-11-19,Айгерим,Алматы,Наушники ANC,1,67800.0,67800.0
10812,2025-11-19,Светлана,Алматы,Клавиатура механ.,5,31700.0,158500.0
10813,2025-11-19,Мария,Караганда,Ноутбук Pro 14,1,412100.0,412100.0
10814,2025-11-19,Светлана,Астана,"Монитор 27""",1,139200.0,139200.0
10815,2025-11-20,Мария,Караганда,"Монитор 27""",1,138200.0,138200.0
10816,2025-11-20,Ерлан,Астана,Мышь беспроводная,2,14300.0,28600.0
10817,2025-11-20,Светлана,Шымкент,Ноутбук Pro 14,5,396500.0,1982400.0
10818,2025-11-20,Ерлан,Алматы,Веб-камера 4K,5,40300.0,201500.0
10819,2025-11-20,Данияр,Алматы,"Монитор 27""",3,126700.0,380000.0
10820,2025-11-20,Ерлан,Алматы,"Монитор 27""",1,131000.0,131000.0
10821,2025-11-20,Ерлан,Шымкент,Веб-камера 4K,3,38100.0,114300.0
10822,2025-11-20,Светлана,Шымкент,Наушники ANC,1,68900.0,68900.0
10823,2025-11-20,Ерлан,Алматы,Док-станция USB-C,1,55000.0,55000.0
10824,2025-11-20,Ерлан,Алматы,Мышь беспроводная,3,14000.0,41900.0
10825,2025-11-21,Мария,Алматы,Наушники ANC,1,63700.0,63700.0
10826,2025-11-21,Айгерим,Алматы,Мышь беспроводная,5,13300.0,66700.0
10827,2025-11-21,Мария,Алматы,Наушники ANC,1,64600.0,64600.0
10828,2025-11-21,Мария,Астана,Мышь беспроводная,2,15000.0,30000.0
10829,2025-11-21,Данияр,Караганда,Мышь беспроводная,1,13600.0,13600.0
10830,2025-11-21,Данияр,Шымкент,Мышь беспроводная,2,13900.0,27700.0
10831,2025-11-21,Светлана,Астана,Клавиатура механ.,2,31800.0,63500.0
10832,2025-11-21,Айгерим,Караганда,Док-станция USB-C,2,52900.0,105800.0
10833,2025-11-21,Мария,Алматы,Мышь беспроводная,2,14100.0,28200.0
10834,2025-11-21,Ерлан,Астана,Мышь беспроводная,3,13700.0,41200.0
10835,2025-11-21,Ерлан,Алматы,Наушники ANC,1,62800.0,62800.0
10836,2025-11-21,Данияр,Алматы,Мышь беспроводная,1,14800.0,14800.0
10837,2025-11-21,Данияр,Алматы,"Монитор 27""",1,139300.0,139300.0
10838,2025-11-21,Данияр,Алматы,Док-станция USB-C,1,53000.0,53000.0
10839,2025-11-21,Светлана,Алматы,Мышь беспроводная,1,14100.0,14100.0
10840,2025-11-21,Светлана,Астана,"Монитор 27""",1,140100.0,140100.0
10841,2025-11-21,Айгерим,Алматы,Клавиатура механ.,1,31200.0,31200.0
10842,2025-11-21,Данияр,Астана,Док-станция USB-C,1,55700.0,55700.0
10843,2025-11-21,Ерлан,Шымкент,Веб-камера 4K,1,39600.0,39600.0
10844,2025-11-22,Данияр,Астана,Ноутбук Pro 14,3,395700.0,1187200.0
10845,2025-11-22,Данияр,Караганда,Ноутбук Pro 14,1,391600.0,391600.0
10846,2025-11-22,Айгерим,Астана,Наушники ANC,2,65900.0,131900.0
10847,2025-11-23,Светлана,Алматы,Мышь беспроводная,1,14200.0,14200.0
10848,2025-11-23,Айгерим,Алматы,Клавиатура механ.,2,32300.0,64600.0
10849,2025-11-23,Данияр,Астана,Наушники ANC,1,68500.0,68500.0
10850,2025-11-23,Светлана,Шымкент,Веб-камера 4K,5,41800.0,208800.0
10851,2025-11-23,Ерлан,Шымкент,Док-станция USB-C,3,57600.0,172700.0
10852,2025-11-24,Светлана,Алматы,"Монитор 27""",2,133200.0,266500.0
10853,2025-11-24,Светлана,Алматы,Веб-камера 4K,3,42000.0,125900.0
10854,2025-11-24,Светлана,Караганда,Мышь беспроводная,2,14800.0,29500.0
10855,2025-11-24,Айгерим,Караганда,Мышь беспроводная,2,14400.0,28900.0
10856,2025-11-24,Ерлан,Алматы,"Монитор 27""",1,136900.0,136900.0
10857,2025-11-24,Светлана,Астана,Наушники ANC,1,64200.0,64200.0
10858,2025-11-24,Данияр,Шымкент,Ноутбук Pro 14,1,425500.0,425500.0
10859,2025-11-24,Айгерим,Астана,Веб-камера 4K,1,38800.0,38800.0
10860,2025-11-24,Данияр,Алматы,Веб-камера 4K,2,41700.0,83400.0
10861,2025-11-24,Светлана,Алматы,Мышь беспроводная,1,13900.0,13900.0
10862,2025-11-24,Айгерим,Алматы,"Монитор 27""",5,129900.0,649700.0
10863,2025-11-24,Мария,Алматы,Веб-камера 4K,1,41900.0,41900.0
10864,2025-11-24,Светлана,Караганда,"Монитор 27""",2,135300.0,270500.0
10865,2025-11-24,Ерлан,Астана,Клавиатура механ.,2,32800.0,65700.0
10866,2025-11-24,Ерлан,Караганда,Мышь беспроводная,2,13500.0,27000.0
10867,2025-11-24,Светлана,Алматы,Наушники ANC,1,70000.0,70000.0
10868,2025-11-24,Светлана,Алматы,Клавиатура механ.,2,33300.0,66600.0
10869,2025-11-24,Айгерим,Алматы,Док-станция USB-C,1,56600.0,56600.0
10870,2025-11-25,Данияр,Алматы,Мышь беспроводная,2,14800.0,29600.0
10871,2025-11-25,Данияр,Алматы,Ноутбук Pro 14,1,397700.0,397700.0
10872,2025-11-25,Мария,Астана,"Монитор 27""",1,127000.0,127000.0
10873,2025-11-25,Мария,Алматы,Наушники ANC,5,69600.0,348100.0
10874,2025-11-25,Данияр,Алматы,Док-станция USB-C,2,52000.0,103900.0
10875,2025-11-25,Ерлан,Шымкент,Док-станция USB-C,1,53600.0,53600.0
10876,2025-11-25,Мария,Алматы,Наушники ANC,3,68100.0,204300.0
10877,2025-11-25,Данияр,Алматы,Мышь беспроводная,3,14400.0,43100.0
10878,2025-11-25,Мария,Астана,Веб-камера 4K,5,41000.0,205200.0
10879,2025-11-25,Данияр,Алматы,Веб-камера 4K,1,40200.0,40200.0
10880,2025-11-25,Ерлан,Алматы,Наушники ANC,2,62900.0,125800.0
10881,2025-11-25,Мария,Астана,Клавиатура механ.,2,32100.0,64200.0
10882,2025-11-26,Айгерим,Алматы,Клавиатура механ.,3,32400.0,97100.0
10883,2025-11-26,Данияр,Алматы,Мышь беспроводная,1,13900.0,13900.0
10884,2025-11-26,Ерлан,Алматы,Мышь беспроводная,2,13800.0,27500.0
10885,2025-11-26,Данияр,Алматы,Наушники ANC,2,63300.0,126600.0
10886,2025-11-26,Светлана,Алматы,Док-станция USB-C,2,54000.0,108000.0
10887,2025-11-26,Мария,Астана,"Монитор 27""",2,128700.0,257400.0
10888,2025-11-26,Айгерим,Алматы,Ноутбук Pro 14,1,397500.0,397500.0
10889,2025-11-26,Айгерим,Караганда,Наушники ANC,5,66200.0,331000.0
10890,2025-11-26,Ерлан,Караганда,"Монитор 27""",1,131500.0,131500.0
10891,2025-11-26,Светлана,Алматы,Мышь беспроводная,2,14200.0,28400.0
10892,2025-11-26,Светлана,Алматы,Наушники ANC,5,70100.0,350300.0
10893,2025-11-26,Мария,Астана,Мышь беспроводная,1,14600.0,14600.0
10894,2025-11-26,Данияр,Алматы,Веб-камера 4K,5,41000.0,205100.0
10895,2025-11-26,Айгерим,Шымкент,Док-станция USB-C,1,52900.0,52900.0
10896,2025-11-26,Данияр,Астана,Веб-камера 4K,2,40500.0,81100.0
10897,2025-11-26,Мария,Шымкент,Ноутбук Pro 14,3,434500.0,1303500.0
10898,2025-11-26,Светлана,Алматы,"Монитор 27""",2,132500.0,265100.0
10899,2025-11-26,Мария,Астана,Мышь беспроводная,1,13900.0,13900.0
10900,2025-11-26,Айгерим,Шымкент,Клавиатура механ.,2,31200.0,62500.0
10901,2025-11-26,Айгерим,Астана,"Монитор 27""",1,140400.0,140400.0
10902,2025-11-27,Мария,Астана,Ноутбук Pro 14,1,436100.0,436100.0
10903,2025-11-27,Мария,Алматы,"Монитор 27""",2,124800.0,249700.0
10904,2025-11-27,Мария,Алматы,Мышь беспроводная,1,14600.0,14600.0
10905,2025-11-27,Айгерим,Астана,Клавиатура механ.,1,30200.0,30200.0
10906,2025-11-27,Айгерим,Алматы,Веб-камера 4K,1,42400.0,42400.0
10907,2025-11-27,Данияр,Караганда,Док-станция USB-C,5,53700.0,268300.0
10908,2025-11-27,Айгерим,Астана,Наушники ANC,5,68900.0,344400.0
10909,2025-11-27,Айгерим,Алматы,"Монитор 27""",5,140800.0,704100.0
10910,2025-11-27,Ерлан,Алматы,Клавиатура механ.,1,30000.0,30000.0
10911,2025-11-27,Мария,Алматы,Док-станция USB-C,1,52200.0,52200.0
10912,2025-11-27,Светлана,Алматы,"Монитор 27""",2,126700.0,253400.0
10913,2025-11-27,Айгерим,Алматы,Док-станция USB-C,2,53000.0,105900.0
10914,2025-11-28,Айгерим,Алматы,Наушники ANC,2,68300.0,136600.0
10915,2025-11-28,Данияр,Алматы,Ноутбук Pro 14,2,399200.0,798400.0
10916,2025-11-28,Светлана,Караганда,Мышь беспроводная,1,14200.0,14200.0
10917,2025-11-28,Айгерим,Алматы,Док-станция USB-C,5,54600.0,273000.0
10918,2025-11-29,Айгерим,Астана,Веб-камера 4K,2,39500.0,79100.0
10919,2025-11-29,Айгерим,Астана,"Монитор 27""",1,139200.0,139200.0
10920,2025-11-30,Айгерим,Караганда,"Монитор 27""",2,128800.0,257700.0
10921,2025-11-30,Мария,Алматы,Мышь беспроводная,1,14400.0,14400.0
10922,2025-11-30,Ерлан,Алматы,Веб-камера 4K,2,38200.0,76400.0
10923,2025-12-01,Светлана,Астана,Клавиатура механ.,5,32800.0,163800.0
10924,2025-12-01,Светлана,Астана,Наушники ANC,2,66800.0,133600.0
10925,2025-12-01,Мария,Алматы,"Монитор 27""",1,135400.0,135400.0
10926,2025-12-01,Ерлан,Алматы,Ноутбук Pro 14,1,403500.0,403500.0
10927,2025-12-01,Ерлан,Алматы,Ноутбук Pro 14,3,410600.0,1231700.0
10928,2025-12-01,Данияр,Алматы,Наушники ANC,5,66800.0,334000.0
10929,2025-12-01,Ерлан,Караганда,Клавиатура механ.,1,31000.0,31000.0
10930,2025-12-01,Данияр,Шымкент,"Монитор 27""",2,133800.0,267600.0
10931,2025-12-02,Ерлан,Караганда,Клавиатура механ.,5,31100.0,155400.0
10932,2025-12-02,Мария,Алматы,Веб-камера 4K,2,38600.0,77200.0
10933,2025-12-02,Ерлан,Караганда,Ноутбук Pro 14,3,401800.0,1205300.0
10934,2025-12-02,Мария,Алматы,Док-станция USB-C,1,54400.0,54400.0
10935,2025-12-02,Данияр,Астана,Док-станция USB-C,1,51700.0,51700.0
10936,2025-12-02,Данияр,Алматы,Мышь беспроводная,2,13600.0,27300.0
10937,2025-12-02,Данияр,Астана,Клавиатура механ.,1,32500.0,32500.0
10938,2025-12-02,Мария,Алматы,Док-станция USB-C,5,55400.0,277200.0
10939,2025-12-02,Ерлан,Шымкент,Наушники ANC,1,63500.0,63500.0
10940,2025-12-02,Данияр,Астана,Мышь беспроводная,1,13800.0,13800.0
10941,2025-12-02,Светлана,Алматы,"Монитор 27""",2,136300.0,272500.0
10942,2025-12-02,Данияр,Караганда,Наушники ANC,2,67500.0,135000.0
10943,2025-12-02,Ерлан,Караганда,Наушники ANC,1,68900.0,68900.0
10944,2025-12-02,Ерлан,Шымкент,Мышь беспроводная,2,13900.0,27900.0
10945,2025-12-02,Данияр,Астана,Наушники ANC,2,69300.0,138700.0
10946,2025-12-02,Мария,Караганда,Клавиатура механ.,5,30800.0,153800.0
10947,2025-12-03,Светлана,Астана,Веб-камера 4K,2,42000.0,84000.0
10948,2025-12-03,Мария,Астана,Веб-камера 4K,2,40000.0,80000.0
10949,2025-12-03,Светлана,Астана,Клавиатура механ.,1,31500.0,31500.0
10950,2025-12-03,Мария,Алматы,"Монитор 27""",3,131100.0,393200.0
10951,2025-12-03,Данияр,Алматы,Ноутбук Pro 14,1,412300.0,412300.0
10952,2025-12-03,Данияр,Алматы,Ноутбук Pro 14,2,410200.0,820300.0
10953,2025-12-03,Мария,Астана,Мышь беспроводная,2,14200.0,28300.0
10954,2025-12-04,Данияр,Шымкент,"Монитор 27""",1,133400.0,133400.0
10955,2025-12-04,Айгерим,Алматы,Клавиатура механ.,1,32100.0,32100.0
10956,2025-12-04,Данияр,Караганда,Док-станция USB-C,1,55400.0,55400.0
10957,2025-12-04,Данияр,Шымкент,"Монитор 27""",2,141700.0,283300.0
10958,2025-12-04,Светлана,Астана,Ноутбук Pro 14,2,419800.0,839600.0
10959,2025-12-05,Ерлан,Алматы,Клавиатура механ.,2,33300.0,66500.0
10960,2025-12-05,Мария,Алматы,Док-станция USB-C,1,52000.0,52000.0
10961,2025-12-05,Ерлан,Алматы,Клавиатура механ.,3,31700.0,95200.0
10962,2025-12-05,Светлана,Алматы,Док-станция USB-C,2,52400.0,104800.0
10963,2025-12-05,Ерлан,Алматы,Док-станция USB-C,1,53000.0,53000.0
10964,2025-12-05,Ерлан,Алматы,Ноутбук Pro 14,2,427100.0,854300.0
10965,2025-12-05,Айгерим,Астана,Наушники ANC,1,66500.0,66500.0
10966,2025-12-06,Светлана,Астана,Ноутбук Pro 14,2,390300.0,780600.0
10967,2025-12-06,Данияр,Алматы,Мышь беспроводная,1,13400.0,13400.0
10968,2025-12-06,Мария,Алматы,Веб-камера 4K,1,42400.0,42400.0
10969,2025-12-06,Светлана,Алматы,Док-станция USB-C,2,53400.0,106800.0
10970,2025-12-07,Мария,Шымкент,Веб-камера 4K,5,40600.0,202900.0
10971,2025-12-07,Мария,Астана,Док-станция USB-C,3,55000.0,165000.0
10972,2025-12-07,Айгерим,Алматы,Клавиатура механ.,1,33000.0,33000.0
10973,2025-12-07,Айгерим,Алматы,Наушники ANC,3,65600.0,196700.0
10974,2025-12-08,Данияр,Караганда,Наушники ANC,1,62800.0,62800.0
10975,2025-12-08,Светлана,Алматы,Док-станция USB-C,1,58500.0,58500.0
10976,2025-12-08,Мария,Алматы,Мышь беспроводная,3,14600.0,43900.0
10977,2025-12-08,Ерлан,Караганда,Мышь беспроводная,3,14800.0,44500.0
10978,2025-12-08,Светлана,Алматы,Мышь беспроводная,2,14900.0,29700.0
10979,2025-12-08,Светлана,Алматы,Док-станция USB-C,1,54500.0,54500.0
10980,2025-12-08,Данияр,Астана,Наушники ANC,2,62600.0,125200.0
10981,2025-12-08,Айгерим,Караганда,Веб-камера 4K,1,42500.0,42500.0
10982,2025-12-08,Мария,Алматы,Док-станция USB-C,1,58800.0,58800.0
10983,2025-12-08,Мария,Шымкент,"Монитор 27""",1,125500.0,125500.0
10984,2025-12-08,Мария,Астана,Клавиатура механ.,1,31300.0,31300.0
10985,2025-12-08,Ерлан,Караганда,Клавиатура механ.,2,31400.0,62800.0
10986,2025-12-09,Данияр,Караганда,"Монитор 27""",1,133900.0,133900.0
10987,2025-12-09,Ерлан,Алматы,Ноутбук Pro 14,2,414800.0,829600.0
10988,2025-12-09,Мария,Караганда,Веб-камера 4K,3,37700.0,113200.0
10989,2025-12-09,Данияр,Шымкент,Веб-камера 4K,3,42300.0,126800.0
10990,2025-12-09,Айгерим,Алматы,Док-станция USB-C,2,56000.0,112000.0
10991,2025-12-09,Ерлан,Шымкент,Док-станция USB-C,2,51900.0,103900.0
10992,2025-12-09,Светлана,Алматы,"Монитор 27""",5,126000.0,629900.0
10993,2025-12-09,Айгерим,Алматы,Док-станция USB-C,2,57600.0,115300.0
10994,2025-12-09,Ерлан,Алматы,Док-станция USB-C,1,55200.0,55200.0
10995,2025-12-09,Айгерим,Астана,Ноутбук Pro 14,1,417400.0,417400.0
10996,2025-12-10,Ерлан,Алматы,Мышь беспроводная,5,14300.0,71600.0
10997,2025-12-10,Айгерим,Шымкент,Док-станция USB-C,1,56300.0,56300.0
10998,2025-12-10,Данияр,Астана,"Монитор 27""",2,140900.0,281800.0
10999,2025-12-10,Мария,Астана,Наушники ANC,3,64700.0,194100.0
11000,2025-12-10,Айгерим,Астана,Док-станция USB-C,5,56900.0,284700.0
11001,2025-12-10,Данияр,Алматы,Веб-камера 4K,2,38500.0,77000.0
11002,2025-12-10,Айгерим,Астана,Док-станция USB-C,1,55200.0,55200.0
11003,2025-12-10,Айгерим,Шымкент,"Монитор 27""",1,136900.0,136900.0
11004,2025-12-10,Данияр,Алматы,"Монитор 27""",1,133400.0,133400.0
11005,2025-12-10,Светлана,Алматы,"Монитор 27""",2,139000.0,278000.0
11006,2025-12-10,Мария,Алматы,Мышь беспроводная,1,14700.0,14700.0
11007,2025-12-10,Мария,Алматы,Ноутбук Pro 14,3,414700.0,1244200.0
11008,2025-12-10,Ерлан,Алматы,Мышь беспроводная,2,13700.0,27400.0
11009,2025-12-10,Ерлан,Алматы,Веб-камера 4K,3,42000.0,125900.0
11010,2025-12-10,Мария,Караганда,Наушники ANC,1,66700.0,66700.0
11011,2025-12-10,Айгерим,Алматы,Мышь беспроводная,1,15000.0,15000.0
11012,2025-12-10,Айгерим,Алматы,Наушники ANC,1,69100.0,69100.0
11013,2025-12-10,Айгерим,Алматы,Док-станция USB-C,3,55400.0,166200.0
11014,2025-12-10,Айгерим,Астана,Наушники ANC,2,65300.0,130500.0
11015,2025-12-11,Айгерим,Алматы,"Монитор 27""",1,127500.0,127500.0
11016,2025-12-11,Светлана,Шымкент,Клавиатура механ.,1,30700.0,30700.0
11017,2025-12-11,Мария,Шымкент,Ноутбук Pro 14,1,417800.0,417800.0
11018,2025-12-11,Данияр,Алматы,Клавиатура механ.,1,30700.0,30700.0
11019,2025-12-11,Светлана,Алматы,"Монитор 27""",1,139600.0,139600.0
11020,2025-12-11,Мария,Астана,Док-станция USB-C,2,54300.0,108600.0
11021,2025-12-11,Светлана,Астана,Веб-камера 4K,1,42200.0,42200.0
11022,2025-12-11,Данияр,Алматы,Док-станция USB-C,2,55400.0,110700.0
11023,2025-12-11,Ерлан,Алматы,Наушники ANC,2,63000.0,125900.0
11024,2025-12-12,Айгерим,Алматы,"Монитор 27""",5,127300.0,636300.0
11025,2025-12-12,Айгерим,Караганда,Клавиатура механ.,2,33600.0,67100.0
11026,2025-12-12,Айгерим,Астана,Док-станция USB-C,1,56200.0,56200.0
11027,2025-12-12,Айгерим,Шымкент,Ноутбук Pro 14,2,415700.0,831400.0
11028,2025-12-12,Мария,Шымкент,Клавиатура механ.,5,31400.0,156800.0
11029,2025-12-12,Данияр,Шымкент,Наушники ANC,1,70200.0,70200.0
11030,2025-12-12,Мария,Астана,"Монитор 27""",1,129300.0,129300.0
11031,2025-12-12,Айгерим,Алматы,Док-станция USB-C,3,58800.0,176300.0
11032,2025-12-12,Мария,Шымкент,Ноутбук Pro 14,1,412500.0,412500.0
11033,2025-12-12,Данияр,Астана,Ноутбук Pro 14,3,387400.0,1162300.0
11034,2025-12-12,Данияр,Алматы,Веб-камера 4K,2,38400.0,76800.0
11035,2025-12-13,Данияр,Алматы,Наушники ANC,1,65200.0,65200.0
11036,2025-12-13,Айгерим,Алматы,Наушники ANC,3,64700.0,194200.0
11037,2025-12-13,Ерлан,Астана,Док-станция USB-C,3,57700.0,173100.0
11038,2025-12-13,Айгерим,Астана,Ноутбук Pro 14,3,423600.0,1270800.0
11039,2025-12-13,Мария,Астана,Наушники ANC,3,65400.0,196100.0
11040,2025-12-13,Мария,Шымкент,Мышь беспроводная,2,13500.0,27000.0
11041,2025-12-14,Мария,Алматы,"Монитор 27""",1,141600.0,141600.0
11042,2025-12-14,Данияр,Астана,Мышь беспроводная,1,15200.0,15200.0
11043,2025-12-15,Ерлан,Алматы,Мышь беспроводная,2,13300.0,26700.0
11044,2025-12-15,Ерлан,Алматы,"Монитор 27""",3,137700.0,413100.0
11045,2025-12-15,Айгерим,Алматы,Клавиатура механ.,2,33600.0,67100.0
11046,2025-12-15,Мария,Шымкент,Док-станция USB-C,3,52700.0,158100.0
11047,2025-12-15,Мария,Алматы,"Монитор 27""",1,133900.0,133900.0
11048,2025-12-15,Данияр,Шымкент,Ноутбук Pro 14,5,395300.0,1976400.0
11049,2025-12-15,Айгерим,Астана,Веб-камера 4K,1,42100.0,42100.0
11050,2025-12-15,Ерлан,Шымкент,Наушники ANC,1,68600.0,68600.0
11051,2025-12-15,Ерлан,Астана,Веб-камера 4K,5,41300.0,206500.0
11052,2025-12-16,Айгерим,Алматы,Док-станция USB-C,2,56800.0,113700.0
11053,2025-12-16,Айгерим,Алматы,Ноутбук Pro 14,5,410100.0,2050600.0
11054,2025-12-16,Светлана,Караганда,Ноутбук Pro 14,1,420400.0,420400.0
11055,2025-12-16,Данияр,Шымкент,Клавиатура механ.,2,32400.0,64700.0
11056,2025-12-16,Светлана,Шымкент,Док-станция USB-C,1,52300.0,52300.0
11057,2025-12-16,Данияр,Алматы,Мышь беспроводная,1,14600.0,14600.0
11058,2025-12-16,Мария,Алматы,Мышь беспроводная,1,13600.0,13600.0
11059,2025-12-16,Светлана,Астана,Наушники ANC,2,64500.0,128900.0
11060,2025-12-16,Мария,Шымкент,Док-станция USB-C,5,52300.0,261600.0
11061,2025-12-16,Данияр,Алматы,Док-станция USB-C,1,52900.0,52900.0
11062,2025-12-16,Данияр,Астана,"Монитор 27""",2,129900.0,259800.0
11063,2025-12-16,Ерлан,Алматы,Док-станция USB-C,1,54000.0,54000.0
11064,2025-12-16,Айгерим,Астана,Док-станция USB-C,1,53000.0,53000.0
11065,2025-12-16,Светлана,Караганда,Мышь беспроводная,1,13900.0,13900.0
11066,2025-12-16,Данияр,Шымкент,"Монитор 27""",1,129600.0,129600.0
11067,2025-12-16,Айгерим,Алматы,Мышь беспроводная,3,13600.0,40700.0
11068,2025-12-16,Айгерим,Астана,Веб-камера 4K,5,42400.0,212100.0
11069,2025-12-17,Айгерим,Астана,Веб-камера 4K,5,40100.0,200700.0
11070,2025-12-17,Данияр,Шымкент,Ноутбук Pro 14,1,430700.0,430700.0
11071,2025-12-17,Данияр,Алматы,Наушники ANC,1,64000.0,64000.0
11072,2025-12-17,Айгерим,Алматы,Веб-камера 4K,1,41200.0,41200.0
11073,2025-12-17,Светлана,Караганда,Клавиатура механ.,1,29800.0,29800.0
11074,2025-12-17,Ерлан,Караганда,Док-станция USB-C,1,57100.0,57100.0
11075,2025-12-17,Данияр,Шымкент,Клавиатура механ.,1,30600.0,30600.0
11076,2025-12-17,Айгерим,Астана,Веб-камера 4K,3,40200.0,120700.0
11077,2025-12-18,Мария,Астана,Клавиатура механ.,2,31100.0,62200.0
11078,2025-12-18,Данияр,Алматы,Док-станция USB-C,3,58600.0,175900.0
11079,2025-12-18,Данияр,Алматы,Док-станция USB-C,1,52500.0,52500.0
11080,2025-12-18,Данияр,Шымкент,Мышь беспроводная,1,13700.0,13700.0
11081,2025-12-18,Светлана,Астана,Мышь беспроводная,1,14500.0,14500.0
11082,2025-12-18,Мария,Астана,Ноутбук Pro 14,1,405200.0,405200.0
11083,2025-12-18,Мария,Алматы,Клавиатура механ.,1,31300.0,31300.0
11084,2025-12-18,Данияр,Шымкент,Док-станция USB-C,2,52000.0,104100.0
11085,2025-12-18,Данияр,Алматы,"Монитор 27""",1,134800.0,134800.0
11086,2025-12-18,Айгерим,Караганда,Клавиатура механ.,5,30900.0,154300.0
11087,2025-12-18,Айгерим,Алматы,Клавиатура механ.,3,32300.0,96800.0
11088,2025-12-18,Айгерим,Шымкент,Клавиатура механ.,2,30300.0,60600.0
11089,2025-12-18,Айгерим,Алматы,Клавиатура механ.,1,29700.0,29700.0
11090,2025-12-18,Айгерим,Алматы,Наушники ANC,2,70200.0,140500.0
11091,2025-12-18,Мария,Караганда,"Монитор 27""",2,130600.0,261200.0
11092,2025-12-18,Светлана,Алматы,"Монитор 27""",2,131500.0,263000.0
11093,2025-12-19,Мария,Алматы,Док-станция USB-C,2,58200.0,116500.0
11094,2025-12-19,Мария,Алматы,Наушники ANC,1,68400.0,68400.0
11095,2025-12-19,Данияр,Алматы,Мышь беспроводная,2,14600.0,29100.0
11096,2025-12-19,Айгерим,Алматы,Ноутбук Pro 14,2,386700.0,773500.0
11097,2025-12-19,Мария,Алматы,Мышь беспроводная,1,13900.0,13900.0
11098,2025-12-19,Мария,Караганда,Наушники ANC,5,70700.0,353300.0
11099,2025-12-19,Ерлан,Алматы,Док-станция USB-C,5,53800.0,269200.0
11100,2025-12-19,Айгерим,Алматы,Ноутбук Pro 14,2,413200.0,826400.0
11101,2025-12-19,Айгерим,Алматы,Док-станция USB-C,5,53800.0,269100.0
11102,2025-12-19,Ерлан,Алматы,Мышь беспроводная,2,14900.0,29900.0
11103,2025-12-19,Данияр,Шымкент,"Монитор 27""",1,125000.0,125000.0
11104,2025-12-19,Мария,Алматы,Док-станция USB-C,3,54500.0,163500.0
11105,2025-12-19,Ерлан,Астана,Клавиатура механ.,2,31600.0,63200.0
11106,2025-12-19,Айгерим,Алматы,Клавиатура механ.,5,31200.0,156100.0
11107,2025-12-19,Мария,Астана,Веб-камера 4K,2,40600.0,81200.0
11108,2025-12-19,Ерлан,Алматы,Мышь беспроводная,1,14600.0,14600.0
11109,2025-12-19,Данияр,Шымкент,Клавиатура механ.,1,30200.0,30200.0
11110,2025-12-19,Данияр,Астана,Веб-камера 4K,5,40900.0,204400.0
11111,2025-12-20,Светлана,Алматы,Веб-камера 4K,1,38600.0,38600.0
11112,2025-12-20,Данияр,Алматы,Наушники ANC,1,66400.0,66400.0
11113,2025-12-20,Айгерим,Шымкент,Наушники ANC,1,68400.0,68400.0
11114,2025-12-20,Ерлан,Алматы,Ноутбук Pro 14,1,426300.0,426300.0
11115,2025-12-21,Светлана,Алматы,Мышь беспроводная,1,14300.0,14300.0
11116,2025-12-21,Айгерим,Алматы,Док-станция USB-C,3,56300.0,169000.0
11117,2025-12-21,Мария,Алматы,Клавиатура механ.,1,31300.0,31300.0
11118,2025-12-21,Мария,Астана,Мышь беспроводная,1,14700.0,14700.0
11119,2025-12-22,Данияр,Алматы,Наушники ANC,2,66000.0,132000.0
11120,2025-12-22,Данияр,Шымкент,Док-станция USB-C,2,55900.0,111800.0
11121,2025-12-22,Ерлан,Алматы,Ноутбук Pro 14,3,392400.0,1177100.0
11122,2025-12-22,Данияр,Алматы,Наушники ANC,5,64500.0,322700.0
11123,2025-12-22,Мария,Алматы,Мышь беспроводная,1,14600.0,14600.0
11124,2025-12-22,Ерлан,Астана,Док-станция USB-C,2,58000.0,116000.0
11125,2025-12-22,Светлана,Астана,Наушники ANC,1,64200.0,64200.0
11126,2025-12-22,Айгерим,Астана,Док-станция USB-C,2,57900.0,115800.0
11127,2025-12-22,Данияр,Алматы,Мышь беспроводная,1,13600.0,13600.0
11128,2025-12-22,Ерлан,Астана,Док-станция USB-C,5,53900.0,269400.0
11129,2025-12-22,Данияр,Алматы,Ноутбук Pro 14,2,436700.0,873300.0
11130,2025-12-22,Светлана,Астана,Наушники ANC,1,65000.0,65000.0
11131,2025-12-22,Мария,Астана,"Монитор 27""",1,128000.0,128000.0
11132,2025-12-23,Данияр,Астана,Док-станция USB-C,2,57300.0,114500.0
11133,2025-12-23,Ерлан,Астана,Наушники ANC,1,65800.0,65800.0
11134,2025-12-23,Айгерим,Астана,Мышь беспроводная,1,15000.0,15000.0
11135,2025-12-23,Ерлан,Астана,Наушники ANC,5,67300.0,336300.0
11136,2025-12-23,Ерлан,Алматы,Мышь беспроводная,3,14600.0,43700.0
11137,2025-12-23,Светлана,Алматы,"Монитор 27""",3,128400.0,385100.0
11138,2025-12-23,Айгерим,Алматы,Док-станция USB-C,1,57800.0,57800.0
11139,2025-12-23,Айгерим,Астана,Наушники ANC,3,64000.0,191900.0
11140,2025-12-23,Айгерим,Алматы,Мышь беспроводная,1,13800.0,13800.0
11141,2025-12-23,Мария,Астана,Ноутбук Pro 14,1,388100.0,388100.0
11142,2025-12-24,Данияр,Астана,Наушники ANC,5,67700.0,338500.0
11143,2025-12-24,Светлана,Караганда,Мышь беспроводная,1,14900.0,14900.0
11144,2025-12-24,Айгерим,Алматы,Веб-камера 4K,1,39400.0,39400.0
11145,2025-12-24,Айгерим,Караганда,"Монитор 27""",1,135300.0,135300.0
11146,2025-12-24,Светлана,Астана,"Монитор 27""",1,124300.0,124300.0
11147,2025-12-24,Айгерим,Алматы,Мышь беспроводная,1,14500.0,14500.0
11148,2025-12-25,Мария,Шымкент,Мышь беспроводная,2,13800.0,27500.0
11149,2025-12-25,Данияр,Шымкент,Наушники ANC,1,62900.0,62900.0
11150,2025-12-25,Данияр,Алматы,Наушники ANC,2,68800.0,137500.0
11151,2025-12-25,Ерлан,Алматы,Наушники ANC,2,64400.0,128700.0
11152,2025-12-25,Мария,Астана,Ноутбук Pro 14,1,414100.0,414100.0
11153,2025-12-25,Ерлан,Шымкент,Док-станция USB-C,2,58200.0,116400.0
11154,2025-12-25,Мария,Алматы,Мышь беспроводная,2,14500.0,29100.0
11155,2025-12-25,Айгерим,Алматы,Мышь беспроводная,1,14500.0,14500.0
11156,2025-12-25,Мария,Астана,Веб-камера 4K,3,38000.0,113900.0
11157,2025-12-25,Айгерим,Шымкент,"Монитор 27""",1,139900.0,139900.0
11158,2025-12-25,Айгерим,Алматы,Док-станция USB-C,3,53300.0,159800.0
11159,2025-12-25,Светлана,Алматы,Мышь беспроводная,1,13800.0,13800.0
11160,2025-12-26,Данияр,Астана,Наушники ANC,5,64600.0,322800.0
11161,2025-12-26,Данияр,Астана,Веб-камера 4K,1,42100.0,42100.0
11162,2025-12-26,Айгерим,Алматы,Наушники ANC,2,67900.0,135800.0
11163,2025-12-26,Айгерим,Караганда,Веб-камера 4K,1,39300.0,39300.0
11164,2025-12-26,Данияр,Алматы,"Монитор 27""",2,135100.0,270300.0
11165,2025-12-26,Данияр,Астана,"Монитор 27""",2,129400.0,258700.0
11166,2025-12-26,Айгерим,Астана,Док-станция USB-C,2,58700.0,117400.0
11167,2025-12-26,Ерлан,Алматы,Мышь беспроводная,1,14000.0,14000.0
11168,2025-12-26,Айгерим,Караганда,Клавиатура механ.,2,31200.0,62300.0
11169,2025-12-26,Данияр,Караганда,Ноутбук Pro 14,1,429200.0,429200.0
11170,2025-12-26,Ерлан,Алматы,Веб-камера 4K,1,39900.0,39900.0
11171,2025-12-26,Мария,Астана,Мышь беспроводная,1,15200.0,15200.0
11172,2025-12-26,Светлана,Астана,Док-станция USB-C,2,57500.0,115100.0
11173,2025-12-26,Мария,Шымкент,Веб-камера 4K,1,37800.0,37800.0
11174,2025-12-26,Данияр,Астана,"Монитор 27""",2,127100.0,254200.0
11175,2025-12-26,Мария,Шымкент,Наушники ANC,3,64100.0,192200.0
11176,2025-12-27,Данияр,Астана,Наушники ANC,2,65300.0,130500.0
11177,2025-12-27,Данияр,Алматы,Веб-камера 4K,2,37900.0,75900.0
11178,2025-12-27,Данияр,Алматы,Веб-камера 4K,5,42900.0,214600.0
11179,2025-12-27,Светлана,Астана,Наушники ANC,1,66800.0,66800.0
11180,2025-12-27,Айгерим,Шымкент,Мышь беспроводная,1,13400.0,13400.0
11181,2025-12-27,Данияр,Караганда,Наушники ANC,2,67500.0,135100.0
11182,2025-12-28,Айгерим,Алматы,Док-станция USB-C,2,53100.0,106200.0
11183,2025-12-28,Данияр,Алматы,Клавиатура механ.,1,31900.0,31900.0
11184,2025-12-28,Айгерим,Алматы,Док-станция USB-C,5,58400.0,291800.0
11185,2025-12-28,Данияр,Астана,Наушники ANC,2,69000.0,138100.0
11186,2025-12-28,Ерлан,Астана,"Монитор 27""",1,130000.0,130000.0
11187,2025-12-28,Айгерим,Алматы,Наушники ANC,3,63000.0,188900.0
11188,2025-12-28,Мария,Астана,"Монитор 27""",1,124300.0,124300.0
11189,2025-12-29,Айгерим,Шымкент,Наушники ANC,1,68500.0,68500.0
11190,2025-12-29,Светлана,Астана,Клавиатура механ.,1,31600.0,31600.0
11191,2025-12-29,Айгерим,Астана,Веб-камера 4K,2,41400.0,82700.0
11192,2025-12-29,Данияр,Алматы,Ноутбук Pro 14,5,439600.0,2198000.0
11193,2025-12-29,Данияр,Алматы,Веб-камера 4K,3,40600.0,121800.0
11194,2025-12-29,Айгерим,Алматы,Веб-камера 4K,1,40200.0,40200.0
11195,2025-12-29,Айгерим,Алматы,Док-станция USB-C,1,58300.0,58300.0
11196,2025-12-29,Светлана,Караганда,Док-станция USB-C,2,53300.0,106600.0
11197,2025-12-29,Данияр,Алматы,Клавиатура механ.,1,31300.0,31300.0
11198,2025-12-29,Айгерим,Астана,Клавиатура механ.,1,30000.0,30000.0
11199,2025-12-29,Мария,Алматы,Док-станция USB-C,1,52300.0,52300.0
11200,2025-12-29,Айгерим,Алматы,Док-станция USB-C,1,51600.0,51600.0
11201,2025-12-29,Данияр,Алматы,Док-станция USB-C,3,58200.0,174600.0
11202,2025-12-29,Айгерим,Алматы,Веб-камера 4K,2,41100.0,82100.0
11203,2025-12-30,Данияр,Алматы,"Монитор 27""",1,129300.0,129300.0
11204,2025-12-30,Мария,Алматы,Док-станция USB-C,2,56300.0,112500.0
11205,2025-12-30,Мария,Алматы,Мышь беспроводная,1,14900.0,14900.0
11206,2025-12-30,Ерлан,Шымкент,Клавиатура механ.,1,32800.0,32800.0
11207,2025-12-30,Данияр,Алматы,Док-станция USB-C,2,54600.0,109200.0
11208,2025-12-30,Айгерим,Шымкент,Док-станция USB-C,2,55800.0,111600.0
11209,2025-12-30,Данияр,Шымкент,Веб-камера 4K,1,38000.0,38000.0
11210,2025-12-30,Светлана,Шымкент,Ноутбук Pro 14,5,413200.0,2065900.0
11211,2025-12-30,Данияр,Шымкент,Наушники ANC,3,70200.0,210500.0
11212,2025-12-30,Айгерим,Астана,Док-станция USB-C,2,56800.0,113500.0
11213,2025-12-30,Светлана,Алматы,Веб-камера 4K,5,39300.0,196700.0
11214,2025-12-30,Ерлан,Астана,Док-станция USB-C,1,52300.0,52300.0
11215,2025-12-31,Светлана,Астана,Веб-камера 4K,1,40100.0,40100.0
11216,2025-12-31,Светлана,Алматы,Док-станция USB-C,3,55800.0,167300.0
11217,2025-12-31,Мария,Астана,Клавиатура механ.,1,29800.0,29800.0
11218,2025-12-31,Айгерим,Астана,Веб-камера 4K,3,39500.0,118500.0
11219,2025-12-31,Айгерим,Алматы,Ноутбук Pro 14,5,402500.0,2012400.0
11220,2025-12-31,Данияр,Астана,Клавиатура механ.,1,30500.0,30500.0
11221,2025-12-31,Айгерим,Караганда,Наушники ANC,1,66100.0,66100.0
11222,2025-12-31,Айгерим,Астана,Ноутбук Pro 14,1,404300.0,404300.0
11223,2025-12-31,Айгерим,Алматы,Веб-камера 4K,5,37900.0,189700.0
11224,2025-12-31,Данияр,Алматы,Док-станция USB-C,2,58200.0,116500.0
11225,2026-01-01,Ерлан,Астана,Клавиатура механ.,1,32700.0,32700.0
11226,2026-01-01,Данияр,Алматы,"Монитор 27""",3,129100.0,387200.0
11227,2026-01-01,Данияр,Алматы,Наушники ANC,5,67700.0,338500.0
11228,2026-01-01,Мария,Алматы,Наушники ANC,3,69200.0,207500.0
11229,2026-01-01,Мария,Астана,Мышь беспроводная,5,14800.0,73800.0
11230,2026-01-01,Мария,Алматы,Веб-камера 4K,5,42700.0,213300.0
11231,2026-01-01,Мария,Алматы,Наушники ANC,1,69800.0,69800.0
11232,2026-01-01,Светлана,Караганда,Веб-камера 4K,1,42500.0,42500.0
11233,2026-01-01,Ерлан,Алматы,"Монитор 27""",1,138000.0,138000.0
11234,2026-01-01,Айгерим,Астана,Наушники ANC,1,71400.0,71400.0
11235,2026-01-02,Айгерим,Шымкент,Клавиатура механ.,1,32400.0,32400.0
11236,2026-01-02,Ерлан,Алматы,"Монитор 27""",1,136400.0,136400.0
11237,2026-01-02,Айгерим,Алматы,"Монитор 27""",1,137900.0,137900.0
11238,2026-01-02,Мария,Алматы,Клавиатура механ.,2,33300.0,66600.0
11239,2026-01-02,Данияр,Алматы,Веб-камера 4K,5,40200.0,201000.0
11240,2026-01-02,Ерлан,Алматы,Клавиатура механ.,1,30800.0,30800.0
11241,2026-01-02,Данияр,Алматы,Мышь беспроводная,2,13700.0,27400.0
11242,2026-01-02,Данияр,Алматы,Ноутбук Pro 14,2,426200.0,852400.0
11243,2026-01-02,Данияр,Шымкент,Веб-камера 4K,1,42100.0,42100.0
11244,2026-01-02,Ерлан,Астана,Наушники ANC,1,64200.0,64200.0
11245,2026-01-02,Айгерим,Алматы,Клавиатура механ.,1,33400.0,33400.0
11246,2026-01-02,Ерлан,Алматы,Док-станция USB-C,1,55100.0,55100.0
11247,2026-01-02,Светлана,Шымкент,Док-станция USB-C,5,56200.0,281100.0
11248,2026-01-02,Данияр,Алматы,Наушники ANC,5,67900.0,339400.0
11249,2026-01-03,Ерлан,Астана,Ноутбук Pro 14,1,430700.0,430700.0
11250,2026-01-03,Ерлан,Алматы,"Монитор 27""",5,128900.0,644700.0
11251,2026-01-03,Айгерим,Астана,Веб-камера 4K,2,40100.0,80200.0
11252,2026-01-03,Светлана,Астана,Мышь беспроводная,3,13700.0,41000.0
11253,2026-01-03,Айгерим,Алматы,"Монитор 27""",1,135500.0,135500.0
11254,2026-01-03,Айгерим,Астана,Наушники ANC,2,63500.0,127100.0
11255,2026-01-03,Ерлан,Алматы,Клавиатура механ.,1,32800.0,32800.0
11256,2026-01-04,Айгерим,Астана,Док-станция USB-C,2,52500.0,104900.0
11257,2026-01-04,Айгерим,Алматы,Мышь беспроводная,2,15200.0,30400.0
11258,2026-01-04,Светлана,Караганда,Клавиатура механ.,1,31000.0,31000.0
11259,2026-01-04,Данияр,Астана,Веб-камера 4K,5,38500.0,192400.0
11260,2026-01-04,Айгерим,Алматы,Мышь беспроводная,1,14600.0,14600.0
11261,2026-01-05,Айгерим,Алматы,Док-станция USB-C,5,53700.0,268700.0
11262,2026-01-05,Айгерим,Астана,Веб-камера 4K,1,40400.0,40400.0
11263,2026-01-05,Айгерим,Алматы,Клавиатура механ.,5,30900.0,154700.0
11264,2026-01-05,Айгерим,Астана,Док-станция USB-C,3,55800.0,167500.0
11265,2026-01-05,Айгерим,Караганда,Ноутбук Pro 14,2,404300.0,808500.0
11266,2026-01-05,Айгерим,Астана,Наушники ANC,1,64300.0,64300.0
11267,2026-01-05,Данияр,Астана,Наушники ANC,2,64800.0,129500.0
11268,2026-01-05,Данияр,Алматы,Ноутбук Pro 14,1,436400.0,436400.0
11269,2026-01-05,Данияр,Шымкент,Ноутбук Pro 14,5,430700.0,2153300.0
11270,2026-01-05,Ерлан,Шымкент,Веб-камера 4K,2,39600.0,79100.0
11271,2026-01-05,Данияр,Алматы,Мышь беспроводная,1,14500.0,14500.0
11272,2026-01-05,Мария,Астана,Ноутбук Pro 14,5,416400.0,2082000.0
11273,2026-01-05,Светлана,Астана,Ноутбук Pro 14,2,402200.0,804500.0
11274,2026-01-05,Данияр,Алматы,Веб-камера 4K,2,40100.0,80300.0
11275,2026-01-05,Мария,Шымкент,Клавиатура механ.,1,30200.0,30200.0
11276,2026-01-05,Ерлан,Алматы,Док-станция USB-C,1,53900.0,53900.0
11277,2026-01-05,Айгерим,Алматы,"Монитор 27""",5,130600.0,652900.0
11278,2026-01-06,Айгерим,Шымкент,Наушники ANC,2,63900.0,127900.0
11279,2026-01-06,Мария,Шымкент,Ноутбук Pro 14,1,387400.0,387400.0
11280,2026-01-06,Светлана,Астана,Веб-камера 4K,1,38400.0,38400.0
11281,2026-01-06,Ерлан,Алматы,"Монитор 27""",3,137400.0,412200.0
11282,2026-01-06,Ерлан,Караганда,Наушники ANC,1,68900.0,68900.0
11283,2026-01-06,Мария,Астана,"Монитор 27""",2,129400.0,258700.0
11284,2026-01-06,Мария,Алматы,Клавиатура механ.,1,32700.0,32700.0
11285,2026-01-06,Светлана,Алматы,Док-станция USB-C,2,56100.0,112300.0
11286,2026-01-06,Мария,Алматы,"Монитор 27""",2,132500.0,265100.0
11287,2026-01-06,Мария,Астана,Клавиатура механ.,5,33200.0,166100.0
11288,2026-01-06,Данияр,Астана,Ноутбук Pro 14,1,419000.0,419000.0
11289,2026-01-06,Данияр,Астана,Наушники ANC,1,68800.0,68800.0
11290,2026-01-06,Данияр,Шымкент,Мышь беспроводная,2,13800.0,27500.0
11291,2026-01-06,Данияр,Алматы,Док-станция USB-C,2,52000.0,104000.0
11292,2026-01-06,Айгерим,Астана,Мышь беспроводная,2,14500.0,29000.0
11293,2026-01-06,Айгерим,Алматы,Клавиатура механ.,3,32600.0,97900.0
11294,2026-01-06,Данияр,Алматы,"Монитор 27""",1,127400.0,127400.0
11295,2026-01-06,Данияр,Астана,Док-станция USB-C,1,56400.0,56400.0
11296,2026-01-06,Данияр,Шымкент,Мышь беспроводная,1,14400.0,14400.0
11297,2026-01-06,Мария,Алматы,Наушники ANC,3,65900.0,197600.0
11298,2026-01-07,Светлана,Алматы,Док-станция USB-C,2,52900.0,105700.0
11299,2026-01-07,Данияр,Алматы,Веб-камера 4K,2,39600.0,79300.0
11300,2026-01-07,Айгерим,Астана,Наушники ANC,5,69600.0,348100.0
11301,2026-01-07,Мария,Алматы,Веб-камера 4K,1,37800.0,37800.0
11302,2026-01-07,Данияр,Шымкент,Ноутбук Pro 14,1,424400.0,424400.0
11303,2026-01-07,Мария,Шымкент,Клавиатура механ.,2,32900.0,65800.0
11304,2026-01-07,Мария,Караганда,Наушники ANC,1,67400.0,67400.0
11305,2026-01-07,Ерлан,Алматы,Наушники ANC,1,67700.0,67700.0
11306,2026-01-07,Айгерим,Астана,Веб-камера 4K,5,39700.0,198500.0
11307,2026-01-07,Айгерим,Алматы,Веб-камера 4K,1,37800.0,37800.0
11308,2026-01-07,Мария,Алматы,Док-станция USB-C,3,58000.0,174000.0
11309,2026-01-07,Ерлан,Алматы,"Монитор 27""",2,139200.0,278400.0
11310,2026-01-07,Светлана,Алматы,"Монитор 27""",1,140000.0,140000.0
11311,2026-01-07,Айгерим,Шымкент,Клавиатура механ.,3,29800.0,89500.0
11312,2026-01-08,Айгерим,Астана,Веб-камера 4K,5,42200.0,211000.0
11313,2026-01-08,Светлана,Астана,Мышь беспроводная,3,14400.0,43100.0
11314,2026-01-08,Ерлан,Караганда,Наушники ANC,1,64300.0,64300.0
11315,2026-01-08,Ерлан,Алматы,Ноутбук Pro 14,1,391900.0,391900.0
11316,2026-01-08,Ерлан,Шымкент,Клавиатура механ.,1,33100.0,33100.0
11317,2026-01-08,Светлана,Алматы,Веб-камера 4K,2,39400.0,78900.0
11318,2026-01-08,Ерлан,Шымкент,"Монитор 27""",1,139800.0,139800.0
11319,2026-01-08,Мария,Астана,Веб-камера 4K,1,42800.0,42800.0
11320,2026-01-08,Ерлан,Астана,Ноутбук Pro 14,5,407200.0,2035900.0
11321,2026-01-08,Ерлан,Алматы,Док-станция USB-C,3,58000.0,174100.0
11322,2026-01-08,Светлана,Караганда,Ноутбук Pro 14,1,438500.0,438500.0
11323,2026-01-08,Ерлан,Шымкент,"Монитор 27""",1,130900.0,130900.0
11324,2026-01-08,Айгерим,Астана,"Монитор 27""",1,134900.0,134900.0
11325,2026-01-09,Ерлан,Караганда,Наушники ANC,1,70600.0,70600.0
11326,2026-01-09,Данияр,Астана,Веб-камера 4K,2,39900.0,79800.0
11327,2026-01-09,Ерлан,Шымкент,Наушники ANC,1,69200.0,69200.0
11328,2026-01-09,Айгерим,Алматы,Веб-камера 4K,1,40500.0,40500.0
11329,2026-01-09,Ерлан,Алматы,Наушники ANC,2,67400.0,134800.0
11330,2026-01-09,Данияр,Шымкент,Клавиатура механ.,5,33600.0,167900.0
11331,2026-01-09,Светлана,Шымкент,Мышь беспроводная,1,14700.0,14700.0
11332,2026-01-09,Ерлан,Астана,Веб-камера 4K,3,40200.0,120600.0
11333,2026-01-09,Ерлан,Астана,Клавиатура механ.,1,29900.0,29900.0
11334,2026-01-09,Мария,Алматы,Наушники ANC,2,70600.0,141200.0
11335,2026-01-10,Ерлан,Астана,Веб-камера 4K,2,38100.0,76200.0
11336,2026-01-10,Данияр,Алматы,Мышь беспроводная,2,14800.0,29700.0
11337,2026-01-10,Ерлан,Шымкент,Клавиатура механ.,1,31100.0,31100.0
11338,2026-01-10,Данияр,Алматы,Мышь беспроводная,3,13700.0,41000.0
11339,2026-01-10,Мария,Шымкент,Мышь беспроводная,2,13800.0,27600.0
11340,2026-01-10,Данияр,Астана,Клавиатура механ.,2,30700.0,61400.0
11341,2026-01-10,Светлана,Астана,Наушники ANC,2,63400.0,126800.0
11342,2026-01-10,Данияр,Алматы,Док-станция USB-C,2,53000.0,105900.0
11343,2026-01-10,Данияр,Шымкент,Наушники ANC,1,67600.0,67600.0
11344,2026-01-11,Ерлан,Астана,Док-станция USB-C,1,51800.0,51800.0
11345,2026-01-11,Данияр,Астана,Наушники ANC,2,67500.0,134900.0
11346,2026-01-11,Ерлан,Астана,Мышь беспроводная,1,14600.0,14600.0
11347,2026-01-11,Ерлан,Алматы,Наушники ANC,1,69900.0,69900.0
11348,2026-01-11,Данияр,Алматы,"Монитор 27""",1,135400.0,135400.0
11349,2026-01-11,Мария,Астана,Мышь беспроводная,1,13700.0,13700.0
11350,2026-01-12,Айгерим,Шымкент,Док-станция USB-C,1,53800.0,53800.0
11351,2026-01-12,Айгерим,Алматы,Наушники ANC,5,66900.0,334600.0
11352,2026-01-12,Айгерим,Караганда,Мышь беспроводная,1,14900.0,14900.0
11353,2026-01-12,Ерлан,Алматы,Веб-камера 4K,2,40500.0,81000.0
11354,2026-01-12,Ерлан,Астана,Наушники ANC,3,63600.0,190800.0
11355,2026-01-12,Айгерим,Алматы,Док-станция USB-C,1,57600.0,57600.0
11356,2026-01-12,Светлана,Астана,Веб-камера 4K,3,40200.0,120600.0
11357,2026-01-12,Айгерим,Караганда,Ноутбук Pro 14,2,402400.0,804700.0
11358,2026-01-12,Данияр,Алматы,Мышь беспроводная,1,14300.0,14300.0
11359,2026-01-13,Данияр,Астана,Док-станция USB-C,3,57800.0,173500.0
11360,2026-01-13,Данияр,Астана,Наушники ANC,1,69200.0,69200.0
11361,2026-01-13,Ерлан,Шымкент,Мышь беспроводная,1,14900.0,14900.0
11362,2026-01-13,Айгерим,Алматы,"Монитор 27""",1,141600.0,141600.0
11363,2026-01-13,Мария,Алматы,Наушники ANC,1,64900.0,64900.0
11364,2026-01-13,Ерлан,Астана,Мышь беспроводная,1,14600.0,14600.0
11365,2026-01-13,Ерлан,Алматы,Наушники ANC,2,63900.0,127700.0
11366,2026-01-13,Мария,Алматы,Мышь беспроводная,1,13400.0,13400.0
11367,2026-01-13,Данияр,Астана,Веб-камера 4K,2,39600.0,79100.0
11368,2026-01-13,Мария,Астана,Веб-камера 4K,1,40000.0,40000.0
11369,2026-01-13,Данияр,Алматы,Ноутбук Pro 14,1,422900.0,422900.0
11370,2026-01-13,Данияр,Астана,Ноутбук Pro 14,1,413600.0,413600.0
11371,2026-01-13,Данияр,Астана,"Монитор 27""",1,137800.0,137800.0
11372,2026-01-13,Айгерим,Астана,Наушники ANC,3,66000.0,197900.0
11373,2026-01-14,Мария,Астана,Клавиатура механ.,1,30100.0,30100.0
11374,2026-01-14,Данияр,Астана,Ноутбук Pro 14,2,431600.0,863200.0
11375,2026-01-14,Данияр,Караганда,Наушники ANC,1,62900.0,62900.0
11376,2026-01-14,Ерлан,Караганда,Док-станция USB-C,2,52300.0,104600.0
11377,2026-01-14,Данияр,Астана,Мышь беспроводная,5,14400.0,72100.0
11378,2026-01-14,Ерлан,Астана,Док-станция USB-C,3,57800.0,173400.0
11379,2026-01-14,Айгерим,Алматы,Ноутбук Pro 14,1,417500.0,417500.0
11380,2026-01-14,Светлана,Шымкент,"Монитор 27""",2,135700.0,271400.0
11381,2026-01-14,Ерлан,Алматы,Ноутбук Pro 14,5,427900.0,2139500.0
11382,2026-01-14,Айгерим,Алматы,"Монитор 27""",2,126300.0,252600.0
11383,2026-01-15,Светлана,Алматы,Наушники ANC,5,70000.0,349900.0
11384,2026-01-15,Айгерим,Алматы,Веб-камера 4K,1,42600.0,42600.0
11385,2026-01-15,Айгерим,Караганда,Ноутбук Pro 14,2,393200.0,786400.0
11386,2026-01-15,Данияр,Алматы,Клавиатура механ.,5,33200.0,166200.0
11387,2026-01-15,Айгерим,Шымкент,Веб-камера 4K,1,40100.0,40100.0
11388,2026-01-15,Данияр,Алматы,Веб-камера 4K,5,40500.0,202700.0
11389,2026-01-15,Мария,Алматы,Наушники ANC,1,64900.0,64900.0
11390,2026-01-15,Айгерим,Алматы,"Монитор 27""",2,139100.0,278200.0
11391,2026-01-15,Мария,Шымкент,Клавиатура механ.,1,30000.0,30000.0
11392,2026-01-15,Данияр,Алматы,Ноутбук Pro 14,5,421100.0,2105400.0
11393,2026-01-15,Светлана,Астана,Док-станция USB-C,1,53900.0,53900.0
11394,2026-01-15,Айгерим,Караганда,Веб-камера 4K,1,39300.0,39300.0
11395,2026-01-15,Айгерим,Шымкент,Ноутбук Pro 14,1,387100.0,387100.0
11396,2026-01-15,Данияр,Алматы,Ноутбук Pro 14,2,420600.0,841100.0
11397,2026-01-15,Айгерим,Астана,Ноутбук Pro 14,3,396900.0,1190600.0
11398,2026-01-15,Ерлан,Астана,Наушники ANC,1,63400.0,63400.0
11399,2026-01-15,Ерлан,Алматы,Ноутбук Pro 14,1,405400.0,405400.0
11400,2026-01-15,Мария,Караганда,Ноутбук Pro 14,1,420000.0,420000.0
11401,2026-01-15,Мария,Астана,Веб-камера 4K,1,38100.0,38100.0
11402,2026-01-16,Ерлан,Алматы,Веб-камера 4K,1,42200.0,42200.0
11403,2026-01-16,Айгерим,Алматы,Док-станция USB-C,5,58700.0,293300.0
11404,2026-01-16,Данияр,Алматы,Док-станция USB-C,2,52100.0,104300.0
11405,2026-01-16,Ерлан,Алматы,"Монитор 27""",5,131400.0,657100.0
11406,2026-01-16,Айгерим,Алматы,Наушники ANC,1,70200.0,70200.0
11407,2026-01-16,Данияр,Алматы,Мышь беспроводная,1,14600.0,14600.0
11408,2026-01-16,Айгерим,Астана,"Монитор 27""",1,128500.0,128500.0
11409,2026-01-16,Мария,Астана,Ноутбук Pro 14,1,402100.0,402100.0
11410,2026-01-16,Айгерим,Караганда,Клавиатура механ.,1,30800.0,30800.0
11411,2026-01-17,Мария,Астана,Веб-камера 4K,1,41100.0,41100.0
11412,2026-01-17,Светлана,Астана,Клавиатура механ.,3,30800.0,92400.0
11413,2026-01-17,Данияр,Алматы,Веб-камера 4K,3,41600.0,124700.0
11414,2026-01-17,Данияр,Алматы,Веб-камера 4K,1,38200.0,38200.0
11415,2026-01-18,Мария,Астана,"Монитор 27""",2,139800.0,279700.0
11416,2026-01-18,Ерлан,Караганда,Веб-камера 4K,2,39600.0,79100.0
11417,2026-01-18,Данияр,Алматы,Клавиатура механ.,1,31100.0,31100.0
11418,2026-01-18,Данияр,Алматы,"Монитор 27""",5,136600.0,683000.0
11419,2026-01-19,Мария,Алматы,Док-станция USB-C,2,57400.0,114900.0
11420,2026-01-19,Данияр,Астана,Ноутбук Pro 14,3,425700.0,1277000.0
11421,2026-01-19,Айгерим,Алматы,Веб-камера 4K,2,42200.0,84400.0
11422,2026-01-19,Данияр,Шымкент,Мышь беспроводная,2,13400.0,26800.0
11423,2026-01-19,Светлана,Астана,Наушники ANC,1,66600.0,66600.0
11424,2026-01-19,Айгерим,Алматы,Клавиатура механ.,2,31800.0,63500.0
11425,2026-01-19,Данияр,Алматы,Веб-камера 4K,2,39800.0,79700.0
11426,2026-01-19,Ерлан,Алматы,"Монитор 27""",3,124800.0,374300.0
11427,2026-01-19,Айгерим,Астана,Наушники ANC,2,64700.0,129500.0
11428,2026-01-19,Данияр,Алматы,Клавиатура механ.,2,30300.0,60500.0
11429,2026-01-19,Айгерим,Астана,Док-станция USB-C,1,55600.0,55600.0
11430,2026-01-19,Данияр,Астана,Наушники ANC,1,66900.0,66900.0
11431,2026-01-19,Мария,Шымкент,Мышь беспроводная,2,15100.0,30100.0
11432,2026-01-20,Мария,Шымкент,Ноутбук Pro 14,1,409400.0,409400.0
11433,2026-01-20,Айгерим,Алматы,Мышь беспроводная,2,14500.0,29100.0
11434,2026-01-20,Айгерим,Караганда,"Монитор 27""",3,127100.0,381400.0
11435,2026-01-20,Данияр,Шымкент,Наушники ANC,5,68000.0,340000.0
11436,2026-01-20,Данияр,Караганда,"Монитор 27""",1,131700.0,131700.0
11437,2026-01-20,Айгерим,Астана,Наушники ANC,5,68300.0,341600.0
11438,2026-01-20,Айгерим,Алматы,Наушники ANC,1,70400.0,70400.0
11439,2026-01-20,Ерлан,Алматы,Мышь беспроводная,2,14200.0,28400.0
11440,2026-01-20,Айгерим,Астана,"Монитор 27""",3,124900.0,374600.0
11441,2026-01-20,Айгерим,Алматы,Ноутбук Pro 14,1,418800.0,418800.0
11442,2026-01-20,Мария,Астана,Клавиатура механ.,3,30300.0,90900.0
11443,2026-01-21,Мария,Астана,Мышь беспроводная,1,14900.0,14900.0
11444,2026-01-21,Светлана,Астана,"Монитор 27""",5,130100.0,650400.0
11445,2026-01-21,Светлана,Алматы,Док-станция USB-C,5,58100.0,290600.0
11446,2026-01-21,Мария,Алматы,Ноутбук Pro 14,3,430300.0,1291000.0
11447,2026-01-21,Мария,Астана,Мышь беспроводная,5,13700.0,68600.0
11448,2026-01-21,Айгерим,Астана,Наушники ANC,1,68900.0,68900.0
11449,2026-01-21,Ерлан,Алматы,Мышь беспроводная,3,14000.0,42000.0
11450,2026-01-21,Айгерим,Астана,Клавиатура механ.,3,33400.0,100200.0
11451,2026-01-21,Ерлан,Астана,Ноутбук Pro 14,2,415400.0,830800.0
11452,2026-01-21,Данияр,Шымкент,Наушники ANC,2,64600.0,129200.0
11453,2026-01-21,Айгерим,Шымкент,"Монитор 27""",1,134700.0,134700.0
11454,2026-01-22,Светлана,Астана,Ноутбук Pro 14,1,410300.0,410300.0
11455,2026-01-22,Данияр,Алматы,Мышь беспроводная,2,14700.0,29500.0
11456,2026-01-22,Ерлан,Шымкент,Мышь беспроводная,1,13600.0,13600.0
11457,2026-01-22,Данияр,Алматы,Док-станция USB-C,5,57900.0,289700.0
11458,2026-01-22,Ерлан,Астана,Док-станция USB-C,2,58500.0,116900.0
11459,2026-01-22,Светлана,Шымкент,Веб-камера 4K,2,41800.0,83700.0
11460,2026-01-22,Мария,Алматы,Клавиатура механ.,2,30600.0,61200.0
11461,2026-01-22,Мария,Алматы,Клавиатура механ.,5,31600.0,157800.0
11462,2026-01-22,Айгерим,Шымкент,Ноутбук Pro 14,2,414800.0,829600.0
11463,2026-01-22,Айгерим,Астана,Док-станция USB-C,1,54700.0,54700.0
11464,2026-01-22,Айгерим,Караганда,Ноутбук Pro 14,2,434500.0,869000.0
11465,2026-01-22,Айгерим,Алматы,Клавиатура механ.,2,30600.0,61200.0
11466,2026-01-22,Данияр,Астана,Наушники ANC,5,65100.0,325700.0
11467,2026-01-22,Ерлан,Алматы,Ноутбук Pro 14,5,422400.0,2111800.0
11468,2026-01-22,Айгерим,Караганда,"Монитор 27""",5,129000.0,645200.0
11469,2026-01-23,Айгерим,Астана,Мышь беспроводная,2,13900.0,27900.0
11470,2026-01-23,Айгерим,Астана,Ноутбук Pro 14,3,429700.0,1289100.0
11471,2026-01-23,Айгерим,Алматы,Мышь беспроводная,3,13600.0,40900.0
11472,2026-01-23,Ерлан,Караганда,Ноутбук Pro 14,2,397000.0,794100.0
11473,2026-01-23,Айгерим,Алматы,Ноутбук Pro 14,1,421800.0,421800.0
11474,2026-01-23,Светлана,Астана,Клавиатура механ.,3,31200.0,93700.0
11475,2026-01-23,Айгерим,Шымкент,Док-станция USB-C,1,54800.0,54800.0
11476,2026-01-23,Мария,Астана,Наушники ANC,2,65600.0,131200.0
11477,2026-01-23,Айгерим,Алматы,Клавиатура механ.,3,29800.0,89300.0
11478,2026-01-23,Айгерим,Алматы,"Монитор 27""",1,132400.0,132400.0
11479,2026-01-24,Ерлан,Алматы,Наушники ANC,5,70000.0,349800.0
11480,2026-01-24,Данияр,Астана,Ноутбук Pro 14,1,424100.0,424100.0
11481,2026-01-24,Данияр,Астана,Клавиатура механ.,3,30700.0,92000.0
11482,2026-01-24,Ерлан,Астана,Мышь беспроводная,1,14600.0,14600.0
11483,2026-01-24,Ерлан,Алматы,Ноутбук Pro 14,3,414300.0,1242800.0
11484,2026-01-24,Данияр,Астана,"Монитор 27""",3,136800.0,410300.0
11485,2026-01-24,Ерлан,Караганда,Клавиатура механ.,3,30500.0,91400.0
11486,2026-01-24,Мария,Караганда,Веб-камера 4K,5,39900.0,199300.0
11487,2026-01-24,Айгерим,Шымкент,Наушники ANC,2,63600.0,127200.0
11488,2026-01-25,Мария,Шымкент,"Монитор 27""",5,128800.0,643900.0
11489,2026-01-25,Айгерим,Алматы,Наушники ANC,1,70100.0,70100.0
11490,2026-01-25,Мария,Караганда,"Монитор 27""",2,130800.0,261500.0
11491,2026-01-25,Светлана,Шымкент,Ноутбук Pro 14,1,418000.0,418000.0
11492,2026-01-25,Айгерим,Астана,"Монитор 27""",1,140700.0,140700.0
11493,2026-01-25,Айгерим,Алматы,Док-станция USB-C,2,57200.0,114500.0
11494,2026-01-25,Данияр,Астана,"Монитор 27""",3,126800.0,380500.0
11495,2026-01-25,Данияр,Караганда,Док-станция USB-C,2,53100.0,106100.0
11496,2026-01-25,Айгерим,Алматы,"Монитор 27""",2,125000.0,250000.0
11497,2026-01-25,Айгерим,Астана,"Монитор 27""",5,129500.0,647600.0
11498,2026-01-25,Светлана,Астана,"Монитор 27""",1,129000.0,129000.0
11499,2026-01-26,Мария,Астана,Мышь беспроводная,1,13600.0,13600.0
11500,2026-01-26,Айгерим,Караганда,Док-станция USB-C,3,58000.0,174000.0
11501,2026-01-26,Ерлан,Алматы,Веб-камера 4K,2,39100.0,78200.0
11502,2026-01-26,Данияр,Шымкент,Ноутбук Pro 14,2,425800.0,851600.0
11503,2026-01-26,Айгерим,Алматы,Клавиатура механ.,1,32900.0,32900.0
11504,2026-01-26,Айгерим,Шымкент,Ноутбук Pro 14,1,433000.0,433000.0
11505,2026-01-27,Светлана,Алматы,Мышь беспроводная,1,13600.0,13600.0
11506,2026-01-27,Мария,Астана,Док-станция USB-C,2,55700.0,111400.0
11507,2026-01-27,Мария,Астана,Веб-камера 4K,5,41400.0,207200.0
11508,2026-01-27,Мария,Алматы,"Монитор 27""",2,131800.0,263600.0
11509,2026-01-27,Светлана,Шымкент,Док-станция USB-C,3,58600.0,175700.0
11510,2026-01-27,Айгерим,Астана,Док-станция USB-C,2,57000.0,114000.0
11511,2026-01-27,Светлана,Шымкент,Веб-камера 4K,1,37700.0,37700.0
11512,2026-01-27,Ерлан,Алматы,Клавиатура механ.,2,30500.0,61000.0
11513,2026-01-27,Данияр,Алматы,Клавиатура механ.,3,33600.0,100800.0
11514,2026-01-27,Данияр,Алматы,Док-станция USB-C,1,52200.0,52200.0
11515,2026-01-27,Айгерим,Астана,Веб-камера 4K,1,39200.0,39200.0
11516,2026-01-28,Данияр,Астана,Клавиатура механ.,1,32400.0,32400.0
11517,2026-01-28,Айгерим,Алматы,"Монитор 27""",1,141500.0,141500.0
11518,2026-01-28,Данияр,Шымкент,"Монитор 27""",3,128500.0,385500.0
11519,2026-01-28,Данияр,Алматы,Клавиатура механ.,1,29500.0,29500.0
11520,2026-01-28,Мария,Алматы,"Монитор 27""",5,135500.0,677300.0
11521,2026-01-28,Айгерим,Шымкент,Клавиатура механ.,2,32300.0,64500.0
11522,2026-01-28,Данияр,Алматы,Наушники ANC,2,69600.0,139100.0
11523,2026-01-28,Данияр,Алматы,Док-станция USB-C,2,57300.0,114600.0
11524,2026-01-28,Данияр,Астана,Наушники ANC,3,64400.0,193100.0
11525,2026-01-28,Айгерим,Караганда,Ноутбук Pro 14,1,390300.0,390300.0
11526,2026-01-28,Светлана,Астана,"Монитор 27""",1,135800.0,135800.0
11527,2026-01-29,Светлана,Шымкент,Док-станция USB-C,1,55900.0,55900.0
11528,2026-01-29,Светлана,Алматы,"Монитор 27""",1,130000.0,130000.0
11529,2026-01-29,Ерлан,Шымкент,Веб-камера 4K,3,39100.0,117200.0
11530,2026-01-29,Ерлан,Алматы,Док-станция USB-C,2,52900.0,105800.0
11531,2026-01-29,Данияр,Астана,"Монитор 27""",1,133200.0,133200.0
11532,2026-01-29,Светлана,Алматы,Ноутбук Pro 14,1,410200.0,410200.0
11533,2026-01-29,Светлана,Астана,Ноутбук Pro 14,2,422500.0,844900.0
11534,2026-01-29,Данияр,Караганда,Ноутбук Pro 14,3,398600.0,1195700.0
11535,2026-01-29,Мария,Астана,Веб-камера 4K,5,40700.0,203500.0
11536,2026-01-29,Ерлан,Астана,Веб-камера 4K,1,42500.0,42500.0
11537,2026-01-29,Айгерим,Астана,Ноутбук Pro 14,1,405100.0,405100.0
11538,2026-01-29,Мария,Караганда,Наушники ANC,2,64600.0,129300.0
11539,2026-01-29,Мария,Алматы,Ноутбук Pro 14,1,411400.0,411400.0
11540,2026-01-29,Айгерим,Алматы,Мышь беспроводная,2,14500.0,29000.0
11541,2026-01-29,Мария,Астана,Наушники ANC,3,65300.0,195900.0
11542,2026-01-30,Данияр,Алматы,Клавиатура механ.,3,32000.0,96100.0
11543,2026-01-30,Айгерим,Алматы,Ноутбук Pro 14,1,409200.0,409200.0
11544,2026-01-30,Данияр,Шымкент,Ноутбук Pro 14,1,388300.0,388300.0
11545,2026-01-30,Мария,Шымкент,Ноутбук Pro 14,2,430400.0,860800.0
11546,2026-01-30,Светлана,Алматы,"Монитор 27""",3,125900.0,377800.0
11547,2026-01-30,Данияр,Астана,Док-станция USB-C,2,57300.0,114600.0
11548,2026-01-30,Айгерим,Алматы,Ноутбук Pro 14,1,389700.0,389700.0
11549,2026-01-30,Мария,Астана,Клавиатура механ.,1,32000.0,32000.0
11550,2026-01-30,Данияр,Шымкент,Ноутбук Pro 14,2,387300.0,774600.0
11551,2026-01-30,Айгерим,Шымкент,Наушники ANC,5,66400.0,332200.0
11552,2026-01-30,Айгерим,Алматы,Клавиатура механ.,5,31200.0,155800.0
11553,2026-01-30,Ерлан,Алматы,"Монитор 27""",2,140200.0,280300.0
11554,2026-01-30,Мария,Шымкент,Веб-камера 4K,2,42200.0,84300.0
11555,2026-01-30,Мария,Астана,"Монитор 27""",1,130300.0,130300.0
11556,2026-01-30,Данияр,Алматы,Док-станция USB-C,5,55300.0,276400.0
11557,2026-01-30,Ерлан,Алматы,Ноутбук Pro 14,2,405800.0,811600.0
11558,2026-01-30,Айгерим,Астана,Ноутбук Pro 14,1,420100.0,420100.0
11559,2026-01-30,Ерлан,Шымкент,Ноутбук Pro 14,2,411100.0,822300.0
11560,2026-01-30,Данияр,Астана,"Монитор 27""",3,130800.0,392300.0
11561,2026-01-31,Ерлан,Астана,Веб-камера 4K,1,42400.0,42400.0
11562,2026-01-31,Ерлан,Алматы,Ноутбук Pro 14,5,409600.0,2047900.0
11563,2026-01-31,Айгерим,Астана,Наушники ANC,1,65500.0,65500.0
11564,2026-01-31,Айгерим,Алматы,Клавиатура механ.,1,32100.0,32100.0
11565,2026-01-31,Светлана,Астана,Ноутбук Pro 14,5,422300.0,2111700.0
11566,2026-01-31,Мария,Алматы,Мышь беспроводная,1,14400.0,14400.0
11567,2026-01-31,Ерлан,Астана,Наушники ANC,5,68000.0,340200.0
11568,2026-01-31,Светлана,Алматы,Наушники ANC,2,64800.0,129700.0
11569,2026-01-31,Мария,Караганда,Док-станция USB-C,1,51900.0,51900.0
11570,2026-02-01,Данияр,Астана,Клавиатура механ.,5,33600.0,167900.0
11571,2026-02-01,Данияр,Алматы,Мышь беспроводная,1,13600.0,13600.0
11572,2026-02-01,Айгерим,Алматы,"Монитор 27""",1,128000.0,128000.0
11573,2026-02-01,Данияр,Астана,Веб-камера 4K,5,38200.0,190900.0
11574,2026-02-01,Айгерим,Астана,Клавиатура механ.,1,31600.0,31600.0
11575,2026-02-01,Мария,Алматы,Наушники ANC,2,68600.0,137200.0
11576,2026-02-01,Мария,Алматы,Ноутбук Pro 14,1,398800.0,398800.0
11577,2026-02-01,Айгерим,Алматы,Док-станция USB-C,1,56500.0,56500.0
11578,2026-02-01,Ерлан,Караганда,Док-станция USB-C,2,54400.0,108800.0
11579,2026-02-02,Мария,Астана,Наушники ANC,1,67900.0,67900.0
11580,2026-02-02,Айгерим,Алматы,Мышь беспроводная,1,13500.0,13500.0
11581,2026-02-02,Айгерим,Астана,Ноутбук Pro 14,1,437000.0,437000.0
11582,2026-02-02,Мария,Астана,Мышь беспроводная,5,14000.0,70100.0
11583,2026-02-02,Ерлан,Астана,Веб-камера 4K,1,40300.0,40300.0
11584,2026-02-02,Данияр,Астана,Веб-камера 4K,3,43000.0,128900.0
11585,2026-02-02,Ерлан,Астана,"Монитор 27""",2,135900.0,271800.0
11586,2026-02-02,Мария,Алматы,Веб-камера 4K,5,39600.0,197900.0
11587,2026-02-02,Ерлан,Алматы,Наушники ANC,2,69200.0,138400.0
11588,2026-02-02,Айгерим,Алматы,Мышь беспроводная,2,14000.0,27900.0
11589,2026-02-02,Светлана,Алматы,Мышь беспроводная,5,13900.0,69600.0
11590,2026-02-02,Ерлан,Астана,Клавиатура механ.,3,31800.0,95500.0
11591,2026-02-02,Мария,Алматы,Ноутбук Pro 14,2,435800.0,871700.0
11592,2026-02-02,Мария,Астана,Док-станция USB-C,1,56700.0,56700.0
11593,2026-02-02,Ерлан,Астана,Клавиатура механ.,2,31000.0,62100.0
11594,2026-02-02,Светлана,Астана,Док-станция USB-C,3,56700.0,170200.0
11595,2026-02-02,Мария,Астана,Наушники ANC,5,63600.0,318100.0
11596,2026-02-02,Мария,Алматы,Ноутбук Pro 14,2,402100.0,804300.0
11597,2026-02-02,Айгерим,Астана,"Монитор 27""",5,130500.0,652300.0
11598,2026-02-02,Мария,Астана,Мышь беспроводная,1,13500.0,13500.0
11599,2026-02-02,Мария,Шымкент,Веб-камера 4K,1,40900.0,40900.0
11600,2026-02-02,Светлана,Астана,Док-станция USB-C,1,53300.0,53300.0
11601,2026-02-02,Айгерим,Шымкент,Веб-камера 4K,1,42100.0,42100.0
11602,2026-02-02,Светлана,Алматы,Ноутбук Pro 14,2,439300.0,878600.0
11603,2026-02-03,Айгерим,Алматы,Док-станция USB-C,2,55900.0,111700.0
11604,2026-02-03,Данияр,Караганда,Мышь беспроводная,1,13600.0,13600.0
11605,2026-02-03,Ерлан,Астана,"Монитор 27""",2,138200.0,276400.0
11606,2026-02-03,Ерлан,Астана,Мышь беспроводная,1,15000.0,15000.0
11607,2026-02-03,Мария,Шымкент,Ноутбук Pro 14,5,419100.0,2095400.0
11608,2026-02-03,Айгерим,Алматы,Веб-камера 4K,2,42000.0,84100.0
11609,2026-02-03,Светлана,Алматы,Наушники ANC,2,63200.0,126400.0
11610,2026-02-03,Светлана,Алматы,Клавиатура механ.,3,30500.0,91400.0
11611,2026-02-03,Мария,Караганда,Мышь беспроводная,1,13400.0,13400.0
11612,2026-02-03,Мария,Алматы,Мышь беспроводная,5,14000.0,69900.0
11613,2026-02-03,Данияр,Астана,"Монитор 27""",2,134700.0,269400.0
11614,2026-02-03,Айгерим,Алматы,Док-станция USB-C,5,51500.0,257600.0
11615,2026-02-03,Мария,Алматы,Мышь беспроводная,1,13700.0,13700.0
11616,2026-02-03,Светлана,Астана,Веб-камера 4K,3,42400.0,127300.0
11617,2026-02-03,Айгерим,Караганда,Ноутбук Pro 14,1,391100.0,391100.0
11618,2026-02-03,Данияр,Астана,Док-станция USB-C,5,54300.0,271500.0
11619,2026-02-03,Айгерим,Алматы,Мышь беспроводная,1,15200.0,15200.0
11620,2026-02-03,Данияр,Шымкент,Док-станция USB-C,2,52400.0,104900.0
11621,2026-02-03,Данияр,Алматы,Док-станция USB-C,1,55800.0,55800.0
11622,2026-02-04,Светлана,Алматы,Ноутбук Pro 14,3,425700.0,1277100.0
11623,2026-02-04,Айгерим,Алматы,Ноутбук Pro 14,2,422700.0,845500.0
11624,2026-02-04,Данияр,Алматы,Клавиатура механ.,2,32800.0,65500.0
11625,2026-02-04,Светлана,Шымкент,Мышь беспроводная,5,13600.0,67800.0
11626,2026-02-04,Айгерим,Астана,"Монитор 27""",3,138200.0,414500.0
11627,2026-02-04,Данияр,Алматы,Веб-камера 4K,3,41700.0,125100.0
11628,2026-02-04,Мария,Шымкент,Док-станция USB-C,1,55000.0,55000.0
11629,2026-02-04,Данияр,Астана,Мышь беспроводная,3,14600.0,43800.0
11630,2026-02-05,Данияр,Астана,Веб-камера 4K,1,39500.0,39500.0
11631,2026-02-05,Айгерим,Астана,Веб-камера 4K,1,39200.0,39200.0
11632,2026-02-05,Айгерим,Караганда,Док-станция USB-C,2,54000.0,108000.0
11633,2026-02-05,Мария,Шымкент,Мышь беспроводная,2,14600.0,29200.0
11634,2026-02-05,Ерлан,Алматы,Наушники ANC,5,65900.0,329700.0
11635,2026-02-05,Айгерим,Караганда,Клавиатура механ.,2,31100.0,62200.0
11636,2026-02-05,Светлана,Алматы,Наушники ANC,5,65100.0,325700.0
11637,2026-02-05,Данияр,Астана,Веб-камера 4K,2,42300.0,84500.0
11638,2026-02-05,Данияр,Алматы,Мышь беспроводная,2,13600.0,27200.0
11639,2026-02-05,Айгерим,Астана,Мышь беспроводная,2,13600.0,27200.0
11640,2026-02-05,Ерлан,Шымкент,Веб-камера 4K,1,40000.0,40000.0
11641,2026-02-05,Ерлан,Алматы,Клавиатура механ.,1,33000.0,33000.0
11642,2026-02-05,Мария,Астана,Клавиатура механ.,3,32500.0,97400.0
11643,2026-02-06,Светлана,Алматы,Ноутбук Pro 14,3,433100.0,1299400.0
11644,2026-02-06,Данияр,Астана,Ноутбук Pro 14,1,418400.0,418400.0
11645,2026-02-06,Данияр,Астана,Клавиатура механ.,3,33300.0,99900.0
11646,2026-02-06,Айгерим,Астана,Наушники ANC,1,67300.0,67300.0
11647,2026-02-06,Мария,Алматы,"Монитор 27""",2,137100.0,274200.0
11648,2026-02-06,Светлана,Караганда,Ноутбук Pro 14,1,392700.0,392700.0
11649,2026-02-06,Данияр,Астана,Наушники ANC,1,64800.0,64800.0
11650,2026-02-06,Данияр,Алматы,Клавиатура механ.,1,29700.0,29700.0
11651,2026-02-06,Мария,Астана,Наушники ANC,1,64000.0,64000.0
11652,2026-02-06,Мария,Шымкент,Мышь беспроводная,1,14400.0,14400.0
11653,2026-02-06,Светлана,Астана,Клавиатура механ.,5,30000.0,149900.0
11654,2026-02-06,Данияр,Алматы,Веб-камера 4K,2,39700.0,79400.0
11655,2026-02-06,Данияр,Астана,Мышь беспроводная,5,14500.0,72400.0
11656,2026-02-06,Мария,Астана,Ноутбук Pro 14,1,395900.0,395900.0
11657,2026-02-06,Мария,Шымкент,Док-станция USB-C,3,56300.0,168900.0
11658,2026-02-06,Ерлан,Алматы,Док-станция USB-C,1,56500.0,56500.0
11659,2026-02-07,Данияр,Алматы,Наушники ANC,1,62800.0,62800.0
11660,2026-02-07,Айгерим,Алматы,Веб-камера 4K,5,39300.0,196700.0
11661,2026-02-07,Ерлан,Алматы,Наушники ANC,1,67900.0,67900.0
11662,2026-02-07,Ерлан,Астана,Мышь беспроводная,2,14200.0,28500.0
11663,2026-02-07,Ерлан,Астана,Ноутбук Pro 14,1,424800.0,424800.0
11664,2026-02-08,Ерлан,Алматы,Клавиатура механ.,2,33200.0,66400.0
11665,2026-02-08,Мария,Алматы,Веб-камера 4K,5,42100.0,210600.0
11666,2026-02-08,Данияр,Астана,Веб-камера 4K,2,38000.0,76000.0
11667,2026-02-08,Светлана,Караганда,Клавиатура механ.,5,30900.0,154600.0
11668,2026-02-08,Ерлан,Шымкент,Клавиатура механ.,1,30400.0,30400.0
11669,2026-02-08,Мария,Астана,Ноутбук Pro 14,1,422300.0,422300.0
11670,2026-02-08,Айгерим,Алматы,"Монитор 27""",3,125700.0,377100.0
11671,2026-02-08,Ерлан,Алматы,"Монитор 27""",5,140200.0,701200.0
11672,2026-02-08,Данияр,Алматы,Клавиатура механ.,2,30200.0,60400.0
11673,2026-02-08,Мария,Караганда,Ноутбук Pro 14,3,394300.0,1182900.0
11674,2026-02-09,Данияр,Астана,Наушники ANC,5,68200.0,341200.0
11675,2026-02-09,Мария,Астана,Ноутбук Pro 14,5,412500.0,2062300.0
11676,2026-02-09,Айгерим,Алматы,Ноутбук Pro 14,1,429400.0,429400.0
11677,2026-02-09,Данияр,Астана,"Монитор 27""",1,129100.0,129100.0
11678,2026-02-09,Светлана,Караганда,Клавиатура механ.,1,30200.0,30200.0
11679,2026-02-09,Айгерим,Алматы,Ноутбук Pro 14,2,404300.0,808500.0
11680,2026-02-09,Ерлан,Алматы,Мышь беспроводная,1,15100.0,15100.0
11681,2026-02-09,Данияр,Алматы,"Монитор 27""",5,131700.0,658600.0
11682,2026-02-09,Данияр,Астана,Наушники ANC,1,70400.0,70400.0
11683,2026-02-09,Мария,Астана,Мышь беспроводная,1,15000.0,15000.0
11684,2026-02-09,Мария,Алматы,Ноутбук Pro 14,1,435600.0,435600.0
11685,2026-02-09,Данияр,Астана,Наушники ANC,5,63000.0,315200.0
11686,2026-02-09,Данияр,Алматы,Ноутбук Pro 14,1,412400.0,412400.0
11687,2026-02-09,Светлана,Астана,Ноутбук Pro 14,1,395000.0,395000.0
11688,2026-02-09,Ерлан,Алматы,Ноутбук Pro 14,2,407400.0,814800.0
11689,2026-02-09,Мария,Шымкент,Ноутбук Pro 14,1,422200.0,422200.0
11690,2026-02-09,Айгерим,Алматы,Наушники ANC,5,69800.0,349200.0
11691,2026-02-09,Светлана,Караганда,Док-станция USB-C,1,57200.0,57200.0
11692,2026-02-10,Мария,Алматы,Док-станция USB-C,2,57500.0,115000.0
11693,2026-02-10,Данияр,Алматы,Ноутбук Pro 14,1,438700.0,438700.0
11694,2026-02-10,Светлана,Алматы,Мышь беспроводная,1,14100.0,14100.0
11695,2026-02-10,Мария,Алматы,Мышь беспроводная,1,14800.0,14800.0
11696,2026-02-10,Данияр,Алматы,Мышь беспроводная,1,13800.0,13800.0
11697,2026-02-10,Светлана,Шымкент,Ноутбук Pro 14,1,426700.0,426700.0
11698,2026-02-10,Светлана,Шымкент,Мышь беспроводная,1,13900.0,13900.0
11699,2026-02-10,Данияр,Астана,Док-станция USB-C,2,53400.0,106700.0
11700,2026-02-10,Светлана,Астана,"Монитор 27""",2,124400.0,248900.0
11701,2026-02-10,Ерлан,Астана,Док-станция USB-C,2,53100.0,106100.0
11702,2026-02-10,Мария,Шымкент,Веб-камера 4K,1,40900.0,40900.0
11703,2026-02-10,Данияр,Алматы,Мышь беспроводная,1,15000.0,15000.0
11704,2026-02-10,Данияр,Астана,"Монитор 27""",1,127700.0,127700.0
11705,2026-02-11,Мария,Караганда,Наушники ANC,5,64000.0,319900.0
11706,2026-02-11,Ерлан,Алматы,Док-станция USB-C,3,56200.0,168700.0
11707,2026-02-11,Айгерим,Алматы,Док-станция USB-C,1,54700.0,54700.0
11708,2026-02-11,Светлана,Шымкент,Ноутбук Pro 14,1,436400.0,436400.0
11709,2026-02-11,Айгерим,Астана,Веб-камера 4K,2,38500.0,77100.0
11710,2026-02-11,Мария,Астана,Веб-камера 4K,2,39700.0,79400.0
11711,2026-02-11,Данияр,Астана,Мышь беспроводная,1,13900.0,13900.0
11712,2026-02-11,Ерлан,Шымкент,Веб-камера 4K,5,40600.0,203000.0
11713,2026-02-11,Мария,Астана,Веб-камера 4K,1,41200.0,41200.0
11714,2026-02-11,Светлана,Алматы,Веб-камера 4K,1,42600.0,42600.0
11715,2026-02-11,Ерлан,Астана,Наушники ANC,1,64200.0,64200.0
11716,2026-02-11,Данияр,Астана,Клавиатура механ.,1,32800.0,32800.0
11717,2026-02-11,Мария,Алматы,Клавиатура механ.,1,31600.0,31600.0
11718,2026-02-11,Мария,Караганда,Клавиатура механ.,1,33200.0,33200.0
11719,2026-02-11,Данияр,Шымкент,Ноутбук Pro 14,2,428400.0,856800.0
11720,2026-02-11,Айгерим,Алматы,Клавиатура механ.,1,29500.0,29500.0
11721,2026-02-11,Ерлан,Алматы,"Монитор 27""",5,141700.0,708700.0
11722,2026-02-11,Данияр,Астана,Ноутбук Pro 14,5,427000.0,2135100.0
11723,2026-02-11,Мария,Астана,Мышь беспроводная,2,13400.0,26800.0
11724,2026-02-12,Светлана,Шымкент,Док-станция USB-C,2,56900.0,113700.0
11725,2026-02-12,Мария,Астана,Веб-камера 4K,2,40800.0,81700.0
11726,2026-02-12,Ерлан,Астана,Клавиатура механ.,1,32300.0,32300.0
11727,2026-02-12,Данияр,Алматы,Ноутбук Pro 14,5,423100.0,2115600.0
11728,2026-02-12,Данияр,Алматы,Док-станция USB-C,1,54100.0,54100.0
11729,2026-02-12,Ерлан,Шымкент,Клавиатура механ.,1,30400.0,30400.0
11730,2026-02-12,Айгерим,Алматы,Веб-камера 4K,1,38600.0,38600.0
11731,2026-02-12,Данияр,Караганда,"Монитор 27""",1,125000.0,125000.0
11732,2026-02-12,Айгерим,Алматы,Наушники ANC,2,69800.0,139700.0
11733,2026-02-12,Мария,Караганда,Мышь беспроводная,5,14100.0,70300.0
11734,2026-02-12,Мария,Алматы,Мышь беспроводная,2,13900.0,27800.0
11735,2026-02-12,Светлана,Астана,"Монитор 27""",1,124300.0,124300.0
11736,2026-02-13,Данияр,Алматы,Наушники ANC,2,70700.0,141400.0
11737,2026-02-13,Светлана,Алматы,Наушники ANC,3,70500.0,211400.0
11738,2026-02-13,Данияр,Шымкент,Ноутбук Pro 14,1,410400.0,410400.0
11739,2026-02-13,Светлана,Караганда,Док-станция USB-C,1,56100.0,56100.0
11740,2026-02-13,Айгерим,Алматы,Ноутбук Pro 14,2,438300.0,876500.0
11741,2026-02-13,Светлана,Алматы,Ноутбук Pro 14,1,440000.0,440000.0
11742,2026-02-13,Данияр,Шымкент,Веб-камера 4K,1,39700.0,39700.0
11743,2026-02-13,Мария,Алматы,Мышь беспроводная,1,14800.0,14800.0
11744,2026-02-13,Мария,Алматы,Ноутбук Pro 14,1,440900.0,440900.0
11745,2026-02-13,Ерлан,Шымкент,Ноутбук Pro 14,1,435900.0,435900.0
11746,2026-02-13,Данияр,Астана,"Монитор 27""",2,139800.0,279600.0
11747,2026-02-13,Светлана,Караганда,Мышь беспроводная,1,14500.0,14500.0
11748,2026-02-13,Светлана,Караганда,Ноутбук Pro 14,2,417700.0,835500.0
11749,2026-02-13,Данияр,Шымкент,Наушники ANC,3,63100.0,189400.0
11750,2026-02-14,Айгерим,Караганда,Наушники ANC,1,66200.0,66200.0
11751,2026-02-14,Ерлан,Астана,Мышь беспроводная,5,13400.0,67200.0
11752,2026-02-14,Мария,Алматы,Мышь беспроводная,2,15000.0,30000.0
11753,2026-02-14,Светлана,Астана,Наушники ANC,1,67000.0,67000.0
11754,2026-02-14,Светлана,Алматы,Мышь беспроводная,1,13400.0,13400.0
11755,2026-02-14,Данияр,Алматы,Наушники ANC,2,68700.0,137400.0
11756,2026-02-14,Ерлан,Шымкент,Клавиатура механ.,1,30800.0,30800.0
11757,2026-02-14,Айгерим,Алматы,Веб-камера 4K,1,40500.0,40500.0
11758,2026-02-14,Ерлан,Алматы,"Монитор 27""",3,138100.0,414400.0
11759,2026-02-14,Светлана,Астана,Мышь беспроводная,2,14100.0,28300.0
11760,2026-02-14,Данияр,Шымкент,Наушники ANC,5,63800.0,319200.0
11761,2026-02-14,Мария,Караганда,Мышь беспроводная,1,14500.0,14500.0
11762,2026-02-15,Ерлан,Алматы,Наушники ANC,3,67000.0,200900.0
11763,2026-02-15,Данияр,Алматы,Клавиатура механ.,1,29600.0,29600.0
11764,2026-02-15,Мария,Алматы,Док-станция USB-C,1,53300.0,53300.0
11765,2026-02-15,Мария,Алматы,Наушники ANC,3,63500.0,190600.0
11766,2026-02-15,Мария,Алматы,Ноутбук Pro 14,2,416600.0,833100.0
11767,2026-02-15,Данияр,Алматы,Веб-камера 4K,2,38700.0,77400.0
11768,2026-02-15,Ерлан,Алматы,Клавиатура механ.,2,31200.0,62500.0
11769,2026-02-15,Айгерим,Астана,"Монитор 27""",1,129000.0,129000.0
11770,2026-02-15,Данияр,Алматы,"Монитор 27""",3,137700.0,413100.0
11771,2026-02-15,Данияр,Шымкент,Мышь беспроводная,5,13400.0,67200.0
11772,2026-02-15,Данияр,Астана,Док-станция USB-C,1,52400.0,52400.0
11773,2026-02-15,Данияр,Алматы,Клавиатура механ.,1,32200.0,32200.0
11774,2026-02-15,Данияр,Астана,Наушники ANC,1,69800.0,69800.0
11775,2026-02-16,Данияр,Шымкент,Ноутбук Pro 14,2,414100.0,828200.0
11776,2026-02-16,Мария,Астана,Наушники ANC,5,69500.0,347600.0
11777,2026-02-16,Ерлан,Шымкент,Док-станция USB-C,2,53600.0,107200.0
11778,2026-02-16,Ерлан,Алматы,Веб-камера 4K,1,42500.0,42500.0
11779,2026-02-16,Айгерим,Алматы,Ноутбук Pro 14,5,393000.0,1964900.0
11780,2026-02-16,Светлана,Алматы,Мышь беспроводная,2,14000.0,28000.0
11781,2026-02-16,Айгерим,Астана,Наушники ANC,1,68200.0,68200.0
11782,2026-02-16,Ерлан,Алматы,Ноутбук Pro 14,1,439800.0,439800.0
11783,2026-02-16,Светлана,Астана,"Монитор 27""",1,125700.0,125700.0
11784,2026-02-16,Светлана,Алматы,Док-станция USB-C,1,53000.0,53000.0
11785,2026-02-16,Данияр,Астана,Мышь беспроводная,2,14800.0,29600.0
11786,2026-02-16,Светлана,Астана,Док-станция USB-C,1,54300.0,54300.0
11787,2026-02-16,Айгерим,Астана,Док-станция USB-C,3,55500.0,166400.0
11788,2026-02-16,Данияр,Астана,Ноутбук Pro 14,2,396100.0,792100.0
11789,2026-02-16,Светлана,Алматы,"Монитор 27""",3,128500.0,385400.0
11790,2026-02-16,Ерлан,Алматы,Ноутбук Pro 14,1,397100.0,397100.0
11791,2026-02-17,Данияр,Караганда,Веб-камера 4K,2,41900.0,83800.0
11792,2026-02-17,Мария,Астана,Док-станция USB-C,1,52500.0,52500.0
11793,2026-02-17,Данияр,Астана,Наушники ANC,1,67500.0,67500.0
11794,2026-02-17,Данияр,Астана,Клавиатура механ.,2,33500.0,67000.0
11795,2026-02-17,Данияр,Караганда,Наушники ANC,2,65400.0,130700.0
11796,2026-02-17,Айгерим,Шымкент,Наушники ANC,1,69500.0,69500.0
11797,2026-02-17,Ерлан,Алматы,Наушники ANC,1,71100.0,71100.0
11798,2026-02-17,Данияр,Алматы,Клавиатура механ.,2,32000.0,63900.0
11799,2026-02-17,Данияр,Шымкент,"Монитор 27""",3,137200.0,411600.0
11800,2026-02-17,Мария,Алматы,Клавиатура механ.,1,29700.0,29700.0
11801,2026-02-17,Данияр,Алматы,Ноутбук Pro 14,1,414100.0,414100.0
11802,2026-02-17,Ерлан,Астана,Ноутбук Pro 14,2,416300.0,832500.0
11803,2026-02-17,Ерлан,Алматы,Док-станция USB-C,2,53400.0,106800.0
11804,2026-02-17,Ерлан,Астана,Клавиатура механ.,1,32900.0,32900.0
11805,2026-02-17,Мария,Астана,Док-станция USB-C,1,52400.0,52400.0
11806,2026-02-17,Айгерим,Астана,Веб-камера 4K,2,37800.0,75600.0
11807,2026-02-18,Айгерим,Астана,Док-станция USB-C,1,53400.0,53400.0
11808,2026-02-18,Ерлан,Караганда,Док-станция USB-C,1,56200.0,56200.0
11809,2026-02-18,Айгерим,Алматы,Мышь беспроводная,5,13900.0,69300.0
11810,2026-02-18,Данияр,Алматы,Веб-камера 4K,2,38000.0,76100.0
11811,2026-02-18,Мария,Астана,Клавиатура механ.,1,32400.0,32400.0
11812,2026-02-18,Айгерим,Алматы,Мышь беспроводная,5,13500.0,67700.0
11813,2026-02-18,Айгерим,Караганда,Веб-камера 4K,2,40800.0,81700.0
11814,2026-02-18,Мария,Караганда,Док-станция USB-C,1,54100.0,54100.0
11815,2026-02-18,Айгерим,Астана,Клавиатура механ.,2,33400.0,66800.0
11816,2026-02-18,Данияр,Караганда,Док-станция USB-C,3,55200.0,165700.0
11817,2026-02-18,Светлана,Караганда,"Монитор 27""",1,131400.0,131400.0
11818,2026-02-18,Айгерим,Караганда,Веб-камера 4K,5,42400.0,212200.0
11819,2026-02-18,Данияр,Шымкент,Клавиатура механ.,1,32200.0,32200.0
11820,2026-02-18,Айгерим,Алматы,Док-станция USB-C,2,57700.0,115400.0
11821,2026-02-18,Ерлан,Алматы,Веб-камера 4K,2,37700.0,75500.0
11822,2026-02-18,Айгерим,Астана,Ноутбук Pro 14,2,390200.0,780400.0
11823,2026-02-18,Айгерим,Алматы,Ноутбук Pro 14,1,398100.0,398100.0
11824,2026-02-18,Данияр,Астана,Ноутбук Pro 14,2,395600.0,791100.0
11825,2026-02-18,Данияр,Караганда,"Монитор 27""",2,134700.0,269400.0
11826,2026-02-19,Мария,Шымкент,Мышь беспроводная,5,14600.0,72900.0
11827,2026-02-19,Ерлан,Алматы,Ноутбук Pro 14,1,432100.0,432100.0
11828,2026-02-19,Светлана,Алматы,Клавиатура механ.,1,29900.0,29900.0
11829,2026-02-19,Ерлан,Алматы,Клавиатура механ.,1,32300.0,32300.0
11830,2026-02-19,Ерлан,Алматы,"Монитор 27""",3,133200.0,399500.0
11831,2026-02-19,Айгерим,Астана,Клавиатура механ.,1,32100.0,32100.0
11832,2026-02-19,Светлана,Шымкент,Наушники ANC,1,69500.0,69500.0
11833,2026-02-19,Данияр,Алматы,Мышь беспроводная,5,15000.0,75200.0
11834,2026-02-19,Светлана,Шымкент,"Монитор 27""",5,140500.0,702300.0
11835,2026-02-19,Светлана,Астана,Веб-камера 4K,1,42800.0,42800.0
11836,2026-02-19,Светлана,Алматы,Мышь беспроводная,5,14400.0,72000.0
11837,2026-02-19,Данияр,Алматы,Клавиатура механ.,5,29700.0,148400.0
11838,2026-02-19,Светлана,Астана,Мышь беспроводная,2,13800.0,27600.0
11839,2026-02-19,Айгерим,Шымкент,Ноутбук Pro 14,5,401600.0,2007900.0
11840,2026-02-19,Ерлан,Шымкент,Ноутбук Pro 14,2,416200.0,832400.0
11841,2026-02-19,Ерлан,Астана,"Монитор 27""",2,141200.0,282300.0
11842,2026-02-20,Ерлан,Алматы,Наушники ANC,1,69300.0,69300.0
11843,2026-02-20,Данияр,Караганда,Наушники ANC,2,64300.0,128600.0
11844,2026-02-20,Мария,Алматы,Ноутбук Pro 14,1,399800.0,399800.0
11845,2026-02-20,Мария,Астана,Док-станция USB-C,3,58500.0,175600.0
11846,2026-02-20,Данияр,Алматы,Наушники ANC,1,67600.0,67600.0
11847,2026-02-20,Мария,Алматы,Наушники ANC,5,66400.0,331800.0
11848,2026-02-20,Данияр,Шымкент,"Монитор 27""",3,127200.0,381600.0
11849,2026-02-20,Айгерим,Астана,Док-станция USB-C,2,58300.0,116600.0
11850,2026-02-20,Ерлан,Алматы,"Монитор 27""",5,133800.0,669200.0
11851,2026-02-20,Ерлан,Караганда,Клавиатура механ.,3,33200.0,99700.0
11852,2026-02-20,Данияр,Астана,Ноутбук Pro 14,2,417900.0,835800.0
11853,2026-02-20,Айгерим,Астана,Мышь беспроводная,5,14600.0,72800.0
11854,2026-02-20,Айгерим,Алматы,Наушники ANC,3,70900.0,212600.0
11855,2026-02-20,Светлана,Алматы,Мышь беспроводная,1,13600.0,13600.0
11856,2026-02-20,Данияр,Караганда,"Монитор 27""",2,128200.0,256400.0
11857,2026-02-21,Айгерим,Шымкент,Клавиатура механ.,1,31800.0,31800.0
11858,2026-02-21,Данияр,Алматы,Док-станция USB-C,5,52800.0,263900.0
11859,2026-02-21,Данияр,Караганда,"Монитор 27""",1,125300.0,125300.0
11860,2026-02-21,Айгерим,Астана,Мышь беспроводная,1,15000.0,15000.0
11861,2026-02-21,Айгерим,Алматы,Клавиатура механ.,2,33300.0,66600.0
11862,2026-02-21,Ерлан,Алматы,Мышь беспроводная,3,14700.0,44100.0
11863,2026-02-22,Данияр,Астана,"Монитор 27""",1,136900.0,136900.0
11864,2026-02-22,Светлана,Алматы,Док-станция USB-C,2,52900.0,105900.0
11865,2026-02-22,Мария,Алматы,Клавиатура механ.,1,32300.0,32300.0
11866,2026-02-22,Ерлан,Шымкент,Док-станция USB-C,2,58100.0,116200.0
11867,2026-02-22,Мария,Алматы,Веб-камера 4K,1,40000.0,40000.0
11868,2026-02-22,Данияр,Алматы,Мышь беспроводная,3,13900.0,41800.0
11869,2026-02-22,Мария,Астана,Клавиатура механ.,1,30800.0,30800.0
11870,2026-02-22,Ерлан,Алматы,Док-станция USB-C,1,53000.0,53000.0
11871,2026-02-22,Мария,Шымкент,Наушники ANC,2,67200.0,134300.0
11872,2026-02-22,Светлана,Алматы,"Монитор 27""",2,141300.0,282600.0
11873,2026-02-22,Данияр,Астана,Веб-камера 4K,1,39600.0,39600.0
11874,2026-02-23,Ерлан,Караганда,Док-станция USB-C,1,56400.0,56400.0
11875,2026-02-23,Светлана,Астана,Док-станция USB-C,1,54400.0,54400.0
11876,2026-02-23,Айгерим,Шымкент,"Монитор 27""",2,133700.0,267300.0
11877,2026-02-23,Мария,Алматы,Наушники ANC,2,67600.0,135200.0
11878,2026-02-23,Мария,Алматы,Веб-камера 4K,1,41700.0,41700.0
11879,2026-02-23,Данияр,Алматы,Мышь беспроводная,1,15100.0,15100.0
11880,2026-02-23,Мария,Шымкент,Мышь беспроводная,2,14900.0,29700.0
11881,2026-02-23,Светлана,Астана,Ноутбук Pro 14,1,436900.0,436900.0
11882,2026-02-23,Данияр,Алматы,Веб-камера 4K,2,38900.0,77700.0
11883,2026-02-23,Данияр,Астана,Клавиатура механ.,1,33500.0,33500.0
11884,2026-02-23,Данияр,Алматы,Док-станция USB-C,1,54200.0,54200.0
11885,2026-02-23,Данияр,Караганда,Веб-камера 4K,2,42800.0,85700.0
11886,2026-02-23,Айгерим,Алматы,Веб-камера 4K,2,41000.0,81900.0
11887,2026-02-23,Данияр,Шымкент,Веб-камера 4K,3,40800.0,122300.0
11888,2026-02-24,Данияр,Алматы,Клавиатура механ.,1,33300.0,33300.0
11889,2026-02-24,Светлана,Астана,Веб-камера 4K,2,38600.0,77200.0
11890,2026-02-24,Светлана,Астана,"Монитор 27""",1,127900.0,127900.0
11891,2026-02-24,Светлана,Астана,Док-станция USB-C,5,52300.0,261600.0
11892,2026-02-24,Айгерим,Караганда,Наушники ANC,2,65900.0,131700.0
11893,2026-02-24,Светлана,Алматы,"Монитор 27""",5,130600.0,653000.0
11894,2026-02-24,Данияр,Алматы,Мышь беспроводная,1,13500.0,13500.0
11895,2026-02-24,Ерлан,Шымкент,Мышь беспроводная,1,13600.0,13600.0
11896,2026-02-24,Ерлан,Алматы,Ноутбук Pro 14,2,397300.0,794700.0
11897,2026-02-24,Данияр,Алматы,Наушники ANC,3,67600.0,202700.0
11898,2026-02-24,Мария,Караганда,Веб-камера 4K,3,42700.0,128200.0
11899,2026-02-24,Ерлан,Алматы,Наушники ANC,5,64300.0,321400.0
11900,2026-02-24,Светлана,Астана,Док-станция USB-C,2,52700.0,105300.0
11901,2026-02-24,Данияр,Астана,Док-станция USB-C,1,54200.0,54200.0
11902,2026-02-24,Мария,Астана,Веб-камера 4K,5,39400.0,197200.0
11903,2026-02-25,Данияр,Караганда,Наушники ANC,1,64000.0,64000.0
11904,2026-02-25,Ерлан,Караганда,Ноутбук Pro 14,1,400000.0,400000.0
11905,2026-02-25,Ерлан,Алматы,Ноутбук Pro 14,2,386900.0,773700.0
11906,2026-02-25,Айгерим,Алматы,Док-станция USB-C,2,53500.0,107100.0
11907,2026-02-25,Айгерим,Астана,Док-станция USB-C,2,54400.0,108800.0
11908,2026-02-25,Ерлан,Астана,Веб-камера 4K,3,38400.0,115100.0
11909,2026-02-25,Светлана,Алматы,Наушники ANC,1,71100.0,71100.0
11910,2026-02-25,Айгерим,Астана,Клавиатура механ.,1,30700.0,30700.0
11911,2026-02-25,Данияр,Алматы,Клавиатура механ.,5,33100.0,165300.0
11912,2026-02-25,Айгерим,Караганда,Док-станция USB-C,1,55500.0,55500.0
11913,2026-02-25,Ерлан,Астана,Мышь беспроводная,5,13700.0,68700.0
11914,2026-02-25,Айгерим,Астана,Наушники ANC,3,66800.0,200300.0
11915,2026-02-25,Айгерим,Астана,Док-станция USB-C,1,55800.0,55800.0
11916,2026-02-25,Данияр,Астана,Клавиатура механ.,3,29900.0,89700.0
11917,2026-02-25,Ерлан,Алматы,Мышь беспроводная,1,14400.0,14400.0
11918,2026-02-25,Мария,Алматы,Мышь беспроводная,3,14300.0,42900.0
11919,2026-02-26,Ерлан,Алматы,Мышь беспроводная,2,14800.0,29700.0
11920,2026-02-26,Айгерим,Караганда,Клавиатура механ.,5,30100.0,150500.0
11921,2026-02-26,Мария,Караганда,Мышь беспроводная,2,14000.0,28100.0
11922,2026-02-26,Данияр,Алматы,Док-станция USB-C,1,57000.0,57000.0
11923,2026-02-26,Айгерим,Алматы,Клавиатура механ.,1,31700.0,31700.0
11924,2026-02-26,Ерлан,Шымкент,"Монитор 27""",2,134300.0,268600.0
11925,2026-02-26,Мария,Астана,Клавиатура механ.,1,31200.0,31200.0
11926,2026-02-26,Айгерим,Алматы,"Монитор 27""",1,129700.0,129700.0
11927,2026-02-26,Данияр,Астана,Ноутбук Pro 14,5,418200.0,2091100.0
11928,2026-02-26,Данияр,Астана,Ноутбук Pro 14,2,410100.0,820300.0
11929,2026-02-26,Мария,Шымкент,Клавиатура механ.,1,31700.0,31700.0
11930,2026-02-26,Мария,Алматы,Док-станция USB-C,5,57300.0,286600.0
11931,2026-02-26,Светлана,Шымкент,Наушники ANC,2,69900.0,139900.0
11932,2026-02-26,Светлана,Астана,Клавиатура механ.,1,32400.0,32400.0
11933,2026-02-26,Мария,Алматы,Док-станция USB-C,2,55200.0,110300.0
11934,2026-02-26,Светлана,Шымкент,Клавиатура механ.,1,32900.0,32900.0
11935,2026-02-26,Данияр,Шымкент,"Монитор 27""",1,125800.0,125800.0
11936,2026-02-26,Данияр,Астана,Мышь беспроводная,2,15200.0,30300.0
11937,2026-02-26,Светлана,Астана,Мышь беспроводная,3,13800.0,41300.0
11938,2026-02-26,Светлана,Астана,"Монитор 27""",1,124600.0,124600.0
11939,2026-02-26,Данияр,Шымкент,Веб-камера 4K,3,41900.0,125700.0
11940,2026-02-26,Ерлан,Алматы,Клавиатура механ.,5,30200.0,150800.0
11941,2026-02-27,Данияр,Астана,Док-станция USB-C,5,51700.0,258400.0
11942,2026-02-27,Светлана,Алматы,Клавиатура механ.,1,32700.0,32700.0
11943,2026-02-27,Айгерим,Алматы,Док-станция USB-C,1,58600.0,58600.0
11944,2026-02-27,Мария,Астана,Клавиатура механ.,5,33200.0,165800.0
11945,2026-02-27,Мария,Шымкент,Ноутбук Pro 14,5,422200.0,2111000.0
11946,2026-02-27,Данияр,Астана,"Монитор 27""",2,133000.0,266100.0
11947,2026-02-27,Данияр,Шымкент,Наушники ANC,2,65700.0,131500.0
11948,2026-02-27,Данияр,Алматы,Веб-камера 4K,1,37900.0,37900.0
11949,2026-02-27,Данияр,Шымкент,Мышь беспроводная,3,14200.0,42600.0
11950,2026-02-27,Ерлан,Астана,Ноутбук Pro 14,1,395900.0,395900.0
11951,2026-02-27,Светлана,Алматы,Клавиатура механ.,3,32900.0,98800.0
11952,2026-02-27,Айгерим,Караганда,Клавиатура механ.,3,32400.0,97200.0
11953,2026-02-27,Мария,Астана,Док-станция USB-C,1,58000.0,58000.0
11954,2026-02-27,Мария,Алматы,Ноутбук Pro 14,1,436300.0,436300.0
11955,2026-02-27,Айгерим,Астана,Док-станция USB-C,1,57200.0,57200.0
11956,2026-02-28,Мария,Алматы,Док-станция USB-C,2,52300.0,104600.0
11957,2026-02-28,Айгерим,Шымкент,Веб-камера 4K,5,39900.0,199700.0
11958,2026-02-28,Ерлан,Алматы,Ноутбук Pro 14,3,424300.0,1273000.0
11959,2026-02-28,Айгерим,Караганда,Наушники ANC,2,62900.0,125800.0
11960,2026-02-28,Айгерим,Караганда,Ноутбук Pro 14,3,399000.0,1197000.0
11961,2026-02-28,Айгерим,Алматы,Веб-камера 4K,1,39100.0,39100.0
11962,2026-02-28,Данияр,Астана,Клавиатура механ.,1,33500.0,33500.0
11963,2026-02-28,Ерлан,Астана,Док-станция USB-C,3,55500.0,166600.0
11964,2026-02-28,Ерлан,Астана,Клавиатура механ.,2,32100.0,64300.0
11965,2026-02-28,Ерлан,Астана,"Монитор 27""",3,126800.0,380300.0
11966,2026-02-28,Данияр,Алматы,Мышь беспроводная,1,15000.0,15000.0
11967,2026-02-28,Данияр,Алматы,Док-станция USB-C,5,53300.0,266600.0
11968,2026-02-28,Ерлан,Шымкент,Наушники ANC,5,66600.0,332900.0
11969,2026-03-01,Мария,Алматы,Мышь беспроводная,2,14000.0,28000.0
11970,2026-03-01,Айгерим,Алматы,Мышь беспроводная,3,14000.0,42100.0
11971,2026-03-01,Мария,Алматы,Наушники ANC,2,68200.0,136400.0
11972,2026-03-01,Айгерим,Шымкент,Клавиатура механ.,5,31300.0,156700.0
11973,2026-03-01,Данияр,Алматы,Док-станция USB-C,2,56200.0,112500.0
11974,2026-03-01,Данияр,Караганда,Док-станция USB-C,2,51900.0,103800.0
11975,2026-03-01,Айгерим,Астана,Мышь беспроводная,2,14100.0,28300.0
11976,2026-03-01,Айгерим,Астана,Наушники ANC,1,64000.0,64000.0
11977,2026-03-01,Айгерим,Астана,Наушники ANC,2,63200.0,126400.0
11978,2026-03-02,Светлана,Астана,Веб-камера 4K,1,41600.0,41600.0
11979,2026-03-02,Данияр,Алматы,Ноутбук Pro 14,1,423500.0,423500.0
11980,2026-03-02,Данияр,Шымкент,Веб-камера 4K,1,42500.0,42500.0
11981,2026-03-02,Айгерим,Астана,"Монитор 27""",2,133300.0,266500.0
11982,2026-03-02,Данияр,Алматы,Мышь беспроводная,1,14200.0,14200.0
11983,2026-03-02,Данияр,Караганда,Ноутбук Pro 14,2,387200.0,774400.0
11984,2026-03-02,Данияр,Алматы,"Монитор 27""",1,129800.0,129800.0
11985,2026-03-02,Данияр,Астана,Наушники ANC,2,64800.0,129500.0
11986,2026-03-02,Светлана,Алматы,Клавиатура механ.,1,33400.0,33400.0
11987,2026-03-02,Айгерим,Астана,"Монитор 27""",1,127800.0,127800.0
11988,2026-03-02,Данияр,Алматы,Ноутбук Pro 14,2,409600.0,819300.0
11989,2026-03-02,Айгерим,Астана,Док-станция USB-C,5,58200.0,291200.0
11990,2026-03-02,Мария,Шымкент,Клавиатура механ.,2,32300.0,64600.0
11991,2026-03-02,Светлана,Алматы,Ноутбук Pro 14,1,405500.0,405500.0
11992,2026-03-02,Ерлан,Астана,Клавиатура механ.,1,32500.0,32500.0
11993,2026-03-02,Айгерим,Астана,Веб-камера 4K,3,41400.0,124300.0
11994,2026-03-02,Айгерим,Алматы,Наушники ANC,3,70200.0,210600.0
11995,2026-03-02,Айгерим,Шымкент,Клавиатура механ.,3,30500.0,91500.0
11996,2026-03-02,Айгерим,Алматы,Веб-камера 4K,2,39500.0,78900.0
11997,2026-03-03,Айгерим,Алматы,"Монитор 27""",1,130500.0,130500.0
11998,2026-03-03,Айгерим,Алматы,Клавиатура механ.,1,31700.0,31700.0
11999,2026-03-03,Айгерим,Алматы,Клавиатура механ.,2,31200.0,62400.0
12000,2026-03-03,Ерлан,Алматы,Наушники ANC,1,65700.0,65700.0
12001,2026-03-03,Айгерим,Алматы,Клавиатура механ.,3,32400.0,97300.0
12002,2026-03-03,Мария,Алматы,Клавиатура механ.,1,29700.0,29700.0
12003,2026-03-03,Ерлан,Шымкент,Мышь беспроводная,3,14300.0,42800.0
12004,2026-03-03,Светлана,Алматы,Наушники ANC,2,70700.0,141500.0
12005,2026-03-03,Айгерим,Астана,Ноутбук Pro 14,1,406200.0,406200.0
12006,2026-03-03,Ерлан,Алматы,Наушники ANC,1,66800.0,66800.0
12007,2026-03-03,Ерлан,Астана,Веб-камера 4K,2,39500.0,79000.0
12008,2026-03-03,Айгерим,Астана,Клавиатура механ.,1,32200.0,32200.0
12009,2026-03-03,Ерлан,Шымкент,Док-станция USB-C,2,54400.0,108900.0
12010,2026-03-03,Ерлан,Алматы,Ноутбук Pro 14,3,416200.0,1248500.0
12011,2026-03-03,Айгерим,Алматы,Веб-камера 4K,3,42100.0,126400.0
12012,2026-03-03,Данияр,Алматы,"Монитор 27""",1,127100.0,127100.0
12013,2026-03-03,Данияр,Астана,Док-станция USB-C,2,52300.0,104500.0
12014,2026-03-03,Ерлан,Караганда,Веб-камера 4K,1,40000.0,40000.0
12015,2026-03-03,Айгерим,Караганда,Ноутбук Pro 14,2,390700.0,781400.0
12016,2026-03-03,Ерлан,Алматы,Мышь беспроводная,2,14800.0,29500.0
12017,2026-03-03,Светлана,Алматы,Мышь беспроводная,2,14800.0,29700.0
12018,2026-03-03,Светлана,Алматы,Клавиатура механ.,2,30100.0,60200.0
12019,2026-03-04,Данияр,Шымкент,"Монитор 27""",2,135800.0,271500.0
12020,2026-03-04,Данияр,Астана,Веб-камера 4K,5,42300.0,211400.0
12021,2026-03-04,Мария,Астана,Наушники ANC,2,67800.0,135600.0
12022,2026-03-04,Айгерим,Алматы,Клавиатура механ.,1,31100.0,31100.0
12023,2026-03-04,Ерлан,Астана,Веб-камера 4K,1,38900.0,38900.0
12024,2026-03-04,Светлана,Шымкент,Веб-камера 4K,1,41900.0,41900.0
12025,2026-03-04,Мария,Караганда,Док-станция USB-C,3,58700.0,176200.0
12026,2026-03-04,Светлана,Шымкент,Наушники ANC,5,65300.0,326600.0
12027,2026-03-04,Данияр,Алматы,"Монитор 27""",3,139900.0,419800.0
12028,2026-03-04,Светлана,Шымкент,Веб-камера 4K,2,41700.0,83300.0
12029,2026-03-04,Айгерим,Караганда,Ноутбук Pro 14,3,438600.0,1315900.0
12030,2026-03-04,Айгерим,Астана,Ноутбук Pro 14,1,416700.0,416700.0
12031,2026-03-04,Мария,Астана,Веб-камера 4K,1,38200.0,38200.0
12032,2026-03-04,Айгерим,Алматы,Док-станция USB-C,1,56600.0,56600.0
12033,2026-03-04,Ерлан,Астана,Клавиатура механ.,1,31900.0,31900.0
12034,2026-03-04,Ерлан,Караганда,Наушники ANC,3,67800.0,203400.0
12035,2026-03-04,Айгерим,Астана,"Монитор 27""",1,126800.0,126800.0
12036,2026-03-04,Светлана,Караганда,Клавиатура механ.,2,30200.0,60400.0
12037,2026-03-04,Айгерим,Алматы,Док-станция USB-C,1,53000.0,53000.0
12038,2026-03-04,Айгерим,Астана,Док-станция USB-C,3,55900.0,167600.0
12039,2026-03-04,Данияр,Астана,Клавиатура механ.,1,31100.0,31100.0
12040,2026-03-05,Айгерим,Алматы,"Монитор 27""",1,137800.0,137800.0
12041,2026-03-05,Айгерим,Астана,Док-станция USB-C,5,56500.0,282700.0
12042,2026-03-05,Мария,Алматы,"Монитор 27""",3,140700.0,422000.0
12043,2026-03-05,Айгерим,Астана,"Монитор 27""",2,126900.0,253800.0
12044,2026-03-05,Ерлан,Астана,Веб-камера 4K,3,37900.0,113700.0
12045,2026-03-05,Данияр,Алматы,Наушники ANC,3,64700.0,194200.0
12046,2026-03-05,Данияр,Алматы,Мышь беспроводная,1,13900.0,13900.0
12047,2026-03-05,Ерлан,Алматы,Ноутбук Pro 14,1,435600.0,435600.0
12048,2026-03-05,Данияр,Шымкент,Клавиатура механ.,5,30400.0,152200.0
12049,2026-03-05,Данияр,Астана,Док-станция USB-C,2,53200.0,106500.0
12050,2026-03-05,Данияр,Алматы,"Монитор 27""",2,131300.0,262600.0
12051,2026-03-05,Светлана,Астана,Наушники ANC,2,64500.0,129000.0
12052,2026-03-05,Айгерим,Алматы,Мышь беспроводная,1,14700.0,14700.0
12053,2026-03-05,Ерлан,Караганда,Наушники ANC,2,66700.0,133400.0
12054,2026-03-05,Мария,Алматы,Веб-камера 4K,1,39600.0,39600.0
12055,2026-03-05,Ерлан,Караганда,Ноутбук Pro 14,1,438900.0,438900.0
12056,2026-03-05,Данияр,Караганда,Док-станция USB-C,1,51600.0,51600.0
12057,2026-03-05,Айгерим,Шымкент,Наушники ANC,1,63600.0,63600.0
12058,2026-03-05,Айгерим,Астана,Док-станция USB-C,3,56600.0,169700.0
12059,2026-03-06,Данияр,Караганда,"Монитор 27""",1,133000.0,133000.0
12060,2026-03-06,Ерлан,Астана,Наушники ANC,2,65800.0,131700.0
12061,2026-03-06,Айгерим,Алматы,Мышь беспроводная,1,14500.0,14500.0
12062,2026-03-06,Данияр,Алматы,"Монитор 27""",2,134000.0,268000.0
12063,2026-03-06,Светлана,Астана,Док-станция USB-C,2,53800.0,107700.0
12064,2026-03-06,Ерлан,Алматы,Мышь беспроводная,5,14100.0,70400.0
12065,2026-03-06,Айгерим,Караганда,Ноутбук Pro 14,1,390700.0,390700.0
12066,2026-03-06,Мария,Астана,Веб-камера 4K,3,41100.0,123200.0
12067,2026-03-06,Мария,Астана,Клавиатура механ.,2,32900.0,65800.0
12068,2026-03-06,Айгерим,Алматы,Мышь беспроводная,1,15200.0,15200.0
12069,2026-03-06,Айгерим,Алматы,"Монитор 27""",5,127400.0,636800.0
12070,2026-03-06,Ерлан,Астана,Ноутбук Pro 14,1,437400.0,437400.0
12071,2026-03-06,Светлана,Алматы,Ноутбук Pro 14,5,421500.0,2107300.0
12072,2026-03-06,Айгерим,Астана,Ноутбук Pro 14,2,388000.0,776000.0
12073,2026-03-06,Ерлан,Алматы,Веб-камера 4K,1,40600.0,40600.0
12074,2026-03-06,Светлана,Алматы,Наушники ANC,2,68600.0,137200.0
12075,2026-03-06,Мария,Алматы,"Монитор 27""",5,139000.0,695100.0
12076,2026-03-06,Данияр,Караганда,Наушники ANC,2,69800.0,139600.0
12077,2026-03-07,Светлана,Астана,Мышь беспроводная,5,14100.0,70500.0
12078,2026-03-07,Мария,Алматы,Ноутбук Pro 14,1,435600.0,435600.0
12079,2026-03-07,Айгерим,Алматы,Клавиатура механ.,1,29900.0,29900.0
12080,2026-03-07,Айгерим,Алматы,Наушники ANC,2,65300.0,130600.0
12081,2026-03-07,Данияр,Алматы,Ноутбук Pro 14,1,440600.0,440600.0
12082,2026-03-07,Ерлан,Шымкент,Клавиатура механ.,2,33300.0,66500.0
12083,2026-03-07,Светлана,Алматы,Клавиатура механ.,5,32100.0,160400.0
12084,2026-03-07,Светлана,Астана,Мышь беспроводная,3,15000.0,44900.0
12085,2026-03-08,Айгерим,Алматы,Клавиатура механ.,3,32300.0,96900.0
12086,2026-03-08,Айгерим,Алматы,Веб-камера 4K,2,39600.0,79300.0
12087,2026-03-08,Данияр,Шымкент,Док-станция USB-C,1,52200.0,52200.0
12088,2026-03-08,Мария,Астана,Ноутбук Pro 14,2,409600.0,819200.0
12089,2026-03-08,Айгерим,Астана,Клавиатура механ.,1,30400.0,30400.0
12090,2026-03-08,Мария,Караганда,Веб-камера 4K,2,39800.0,79600.0
12091,2026-03-08,Мария,Астана,Клавиатура механ.,1,31600.0,31600.0
12092,2026-03-08,Айгерим,Алматы,Наушники ANC,3,69000.0,207000.0
12093,2026-03-08,Светлана,Алматы,Клавиатура механ.,3,31000.0,93100.0
12094,2026-03-08,Данияр,Шымкент,Веб-камера 4K,2,40200.0,80500.0
12095,2026-03-08,Мария,Шымкент,"Монитор 27""",1,134200.0,134200.0
12096,2026-03-08,Светлана,Алматы,Наушники ANC,2,71000.0,142100.0
12097,2026-03-09,Айгерим,Астана,Клавиатура механ.,1,32100.0,32100.0
12098,2026-03-09,Айгерим,Астана,Ноутбук Pro 14,1,418500.0,418500.0
12099,2026-03-09,Данияр,Алматы,Ноутбук Pro 14,2,420500.0,841100.0
12100,2026-03-09,Айгерим,Астана,Наушники ANC,2,70900.0,141800.0
12101,2026-03-09,Айгерим,Астана,Мышь беспроводная,1,14700.0,14700.0
12102,2026-03-09,Данияр,Алматы,Ноутбук Pro 14,1,392600.0,392600.0
12103,2026-03-09,Мария,Караганда,Наушники ANC,2,71200.0,142300.0
12104,2026-03-09,Айгерим,Алматы,Веб-камера 4K,2,38300.0,76600.0
12105,2026-03-09,Ерлан,Астана,Ноутбук Pro 14,1,433700.0,433700.0
12106,2026-03-09,Мария,Алматы,Клавиатура механ.,2,31100.0,62200.0
12107,2026-03-09,Айгерим,Астана,Док-станция USB-C,1,53700.0,53700.0
12108,2026-03-09,Светлана,Караганда,Клавиатура механ.,1,30100.0,30100.0
12109,2026-03-09,Ерлан,Алматы,Ноутбук Pro 14,2,413400.0,826900.0
12110,2026-03-09,Данияр,Караганда,Мышь беспроводная,1,13500.0,13500.0
12111,2026-03-09,Ерлан,Астана,"Монитор 27""",3,141500.0,424500.0
12112,2026-03-10,Мария,Алматы,Наушники ANC,2,65100.0,130300.0
12113,2026-03-10,Мария,Алматы,Наушники ANC,2,63900.0,127700.0
12114,2026-03-10,Айгерим,Караганда,"Монитор 27""",1,133000.0,133000.0
12115,2026-03-10,Айгерим,Шымкент,Веб-камера 4K,2,39600.0,79200.0
12116,2026-03-10,Айгерим,Астана,Док-станция USB-C,2,54600.0,109100.0
12117,2026-03-10,Айгерим,Алматы,Ноутбук Pro 14,5,407200.0,2036000.0
12118,2026-03-10,Светлана,Караганда,Ноутбук Pro 14,1,427000.0,427000.0
12119,2026-03-10,Светлана,Алматы,Ноутбук Pro 14,3,395300.0,1185800.0
12120,2026-03-10,Айгерим,Шымкент,Ноутбук Pro 14,1,423900.0,423900.0
12121,2026-03-10,Ерлан,Алматы,Док-станция USB-C,5,57200.0,285800.0
12122,2026-03-10,Мария,Караганда,Док-станция USB-C,1,57300.0,57300.0
12123,2026-03-10,Данияр,Астана,Веб-камера 4K,1,39300.0,39300.0
12124,2026-03-10,Данияр,Астана,Ноутбук Pro 14,3,438900.0,1316600.0
12125,2026-03-10,Данияр,Астана,Мышь беспроводная,1,13800.0,13800.0
12126,2026-03-10,Мария,Шымкент,Мышь беспроводная,2,14000.0,28100.0
12127,2026-03-10,Ерлан,Шымкент,"Монитор 27""",1,130200.0,130200.0
12128,2026-03-10,Мария,Караганда,Клавиатура механ.,3,30300.0,90900.0
12129,2026-03-10,Светлана,Алматы,"Монитор 27""",1,131700.0,131700.0
12130,2026-03-10,Айгерим,Астана,Веб-камера 4K,2,42300.0,84500.0
12131,2026-03-10,Светлана,Шымкент,"Монитор 27""",2,139200.0,278300.0
12132,2026-03-10,Светлана,Астана,"Монитор 27""",1,137500.0,137500.0
12133,2026-03-10,Светлана,Алматы,Наушники ANC,2,63000.0,125900.0
12134,2026-03-11,Светлана,Астана,"Монитор 27""",2,126000.0,252000.0
12135,2026-03-11,Данияр,Шымкент,Док-станция USB-C,1,52100.0,52100.0
12136,2026-03-11,Айгерим,Алматы,Веб-камера 4K,2,38200.0,76300.0
12137,2026-03-11,Мария,Алматы,Веб-камера 4K,1,42700.0,42700.0
12138,2026-03-11,Айгерим,Астана,Клавиатура механ.,3,31000.0,92900.0
12139,2026-03-11,Ерлан,Караганда,Мышь беспроводная,1,14200.0,14200.0
12140,2026-03-11,Айгерим,Астана,Мышь беспроводная,1,14600.0,14600.0
12141,2026-03-11,Айгерим,Караганда,Ноутбук Pro 14,1,417600.0,417600.0
12142,2026-03-11,Ерлан,Алматы,Клавиатура механ.,5,30800.0,154200.0
12143,2026-03-11,Айгерим,Астана,Ноутбук Pro 14,3,401800.0,1205500.0
12144,2026-03-11,Мария,Алматы,Док-станция USB-C,2,55400.0,110800.0
12145,2026-03-11,Мария,Алматы,Мышь беспроводная,1,14500.0,14500.0
12146,2026-03-11,Мария,Шымкент,Док-станция USB-C,1,56000.0,56000.0
12147,2026-03-11,Мария,Алматы,Клавиатура механ.,1,31700.0,31700.0
12148,2026-03-11,Ерлан,Алматы,"Монитор 27""",1,124300.0,124300.0
12149,2026-03-11,Данияр,Шымкент,Веб-камера 4K,2,40800.0,81600.0
12150,2026-03-11,Ерлан,Астана,Док-станция USB-C,2,51700.0,103400.0
12151,2026-03-11,Ерлан,Алматы,Наушники ANC,1,69000.0,69000.0
12152,2026-03-11,Мария,Алматы,Веб-камера 4K,5,41200.0,205900.0
12153,2026-03-12,Ерлан,Алматы,Ноутбук Pro 14,2,414400.0,828800.0
12154,2026-03-12,Ерлан,Шымкент,Клавиатура механ.,2,32800.0,65700.0
12155,2026-03-12,Ерлан,Караганда,"Монитор 27""",5,125700.0,628400.0
12156,2026-03-12,Светлана,Алматы,Мышь беспроводная,2,13700.0,27500.0
12157,2026-03-12,Данияр,Алматы,"Монитор 27""",1,127200.0,127200.0
12158,2026-03-12,Мария,Астана,Док-станция USB-C,2,58300.0,116600.0
12159,2026-03-12,Айгерим,Алматы,Док-станция USB-C,5,57500.0,287400.0
12160,2026-03-12,Мария,Алматы,Клавиатура механ.,2,33000.0,65900.0
12161,2026-03-12,Мария,Шымкент,"Монитор 27""",3,136000.0,407900.0
12162,2026-03-12,Мария,Астана,Ноутбук Pro 14,3,422900.0,1268600.0
12163,2026-03-12,Ерлан,Астана,Мышь беспроводная,2,14200.0,28400.0
12164,2026-03-12,Ерлан,Астана,Веб-камера 4K,2,38400.0,76800.0
12165,2026-03-12,Айгерим,Караганда,Наушники ANC,1,65700.0,65700.0
12166,2026-03-12,Данияр,Астана,Мышь беспроводная,5,14400.0,72000.0
12167,2026-03-12,Айгерим,Алматы,Наушники ANC,2,71200.0,142400.0
12168,2026-03-12,Мария,Шымкент,Клавиатура механ.,2,30300.0,60600.0
12169,2026-03-13,Мария,Алматы,"Монитор 27""",2,138800.0,277700.0
12170,2026-03-13,Ерлан,Астана,Веб-камера 4K,2,40100.0,80300.0
12171,2026-03-13,Мария,Алматы,Док-станция USB-C,1,57000.0,57000.0
12172,2026-03-13,Ерлан,Алматы,"Монитор 27""",2,140800.0,281700.0
12173,2026-03-13,Мария,Астана,Мышь беспроводная,2,13900.0,27700.0
12174,2026-03-13,Светлана,Алматы,"Монитор 27""",1,130300.0,130300.0
12175,2026-03-13,Мария,Алматы,Наушники ANC,3,68500.0,205400.0
12176,2026-03-13,Мария,Караганда,Наушники ANC,1,64100.0,64100.0
12177,2026-03-13,Данияр,Алматы,Клавиатура механ.,5,29500.0,147700.0
12178,2026-03-13,Айгерим,Астана,Клавиатура механ.,5,30400.0,152100.0
12179,2026-03-13,Ерлан,Алматы,Док-станция USB-C,2,53200.0,106300.0
12180,2026-03-13,Данияр,Караганда,"Монитор 27""",1,125600.0,125600.0
12181,2026-03-13,Данияр,Астана,Веб-камера 4K,2,41700.0,83500.0
12182,2026-03-13,Светлана,Астана,Док-станция USB-C,5,54100.0,270600.0
12183,2026-03-14,Айгерим,Астана,Наушники ANC,1,71200.0,71200.0
12184,2026-03-14,Айгерим,Астана,Веб-камера 4K,2,41100.0,82200.0
12185,2026-03-14,Айгерим,Астана,Док-станция USB-C,2,55700.0,111300.0
12186,2026-03-14,Данияр,Алматы,Ноутбук Pro 14,1,418700.0,418700.0
12187,2026-03-14,Светлана,Шымкент,Ноутбук Pro 14,3,396000.0,1188000.0
12188,2026-03-14,Айгерим,Караганда,Клавиатура механ.,1,30700.0,30700.0
12189,2026-03-14,Мария,Алматы,Веб-камера 4K,2,37900.0,75800.0
12190,2026-03-14,Айгерим,Шымкент,Док-станция USB-C,2,55200.0,110500.0
12191,2026-03-14,Мария,Караганда,Ноутбук Pro 14,1,416000.0,416000.0
12192,2026-03-14,Данияр,Шымкент,Клавиатура механ.,2,33300.0,66500.0
12193,2026-03-14,Айгерим,Караганда,Клавиатура механ.,1,32400.0,32400.0
12194,2026-03-14,Мария,Астана,Док-станция USB-C,5,54700.0,273700.0
12195,2026-03-15,Мария,Астана,Ноутбук Pro 14,1,406200.0,406200.0
12196,2026-03-15,Айгерим,Алматы,Мышь беспроводная,2,14600.0,29200.0
12197,2026-03-15,Мария,Алматы,Мышь беспроводная,2,14600.0,29100.0
12198,2026-03-15,Мария,Алматы,Наушники ANC,3,63200.0,189700.0
12199,2026-03-15,Ерлан,Алматы,Ноутбук Pro 14,2,409200.0,818400.0
12200,2026-03-15,Ерлан,Алматы,Ноутбук Pro 14,2,394300.0,788600.0
12201,2026-03-15,Айгерим,Алматы,Наушники ANC,1,68900.0,68900.0
12202,2026-03-15,Светлана,Алматы,Мышь беспроводная,3,14900.0,44600.0
12203,2026-03-15,Айгерим,Астана,"Монитор 27""",2,137800.0,275500.0
12204,2026-03-16,Мария,Алматы,Клавиатура механ.,2,31500.0,63000.0
12205,2026-03-16,Мария,Астана,Веб-камера 4K,1,41600.0,41600.0
12206,2026-03-16,Данияр,Алматы,Веб-камера 4K,1,41400.0,41400.0
12207,2026-03-16,Мария,Караганда,Мышь беспроводная,5,14300.0,71500.0
12208,2026-03-16,Ерлан,Астана,"Монитор 27""",1,140800.0,140800.0
12209,2026-03-16,Данияр,Алматы,Клавиатура механ.,1,29700.0,29700.0
12210,2026-03-16,Ерлан,Алматы,Наушники ANC,1,67800.0,67800.0
12211,2026-03-16,Ерлан,Шымкент,Веб-камера 4K,3,42800.0,128300.0
12212,2026-03-16,Данияр,Караганда,"Монитор 27""",2,128100.0,256300.0
12213,2026-03-16,Светлана,Алматы,Мышь беспроводная,2,14800.0,29700.0
12214,2026-03-16,Айгерим,Астана,Веб-камера 4K,1,41200.0,41200.0
12215,2026-03-16,Данияр,Астана,Наушники ANC,3,68000.0,203900.0
12216,2026-03-16,Айгерим,Шымкент,"Монитор 27""",1,139900.0,139900.0
12217,2026-03-17,Данияр,Шымкент,Ноутбук Pro 14,2,397300.0,794700.0
12218,2026-03-17,Ерлан,Шымкент,Док-станция USB-C,3,52700.0,158100.0
12219,2026-03-17,Айгерим,Караганда,Мышь беспроводная,3,14100.0,42400.0
12220,2026-03-17,Ерлан,Алматы,Мышь беспроводная,1,14000.0,14000.0
12221,2026-03-17,Ерлан,Караганда,Клавиатура механ.,3,29800.0,89300.0
12222,2026-03-17,Светлана,Алматы,Док-станция USB-C,5,58200.0,291200.0
12223,2026-03-17,Мария,Алматы,"Монитор 27""",5,140500.0,702400.0
12224,2026-03-17,Ерлан,Алматы,Мышь беспроводная,1,14500.0,14500.0
12225,2026-03-17,Айгерим,Караганда,Ноутбук Pro 14,1,417700.0,417700.0
12226,2026-03-17,Айгерим,Шымкент,Док-станция USB-C,1,52500.0,52500.0
12227,2026-03-17,Айгерим,Алматы,Веб-камера 4K,5,38200.0,191100.0
12228,2026-03-17,Айгерим,Астана,Ноутбук Pro 14,1,426600.0,426600.0
12229,2026-03-17,Данияр,Алматы,Клавиатура механ.,1,31400.0,31400.0
12230,2026-03-17,Айгерим,Караганда,Клавиатура механ.,1,29700.0,29700.0
12231,2026-03-17,Айгерим,Шымкент,Ноутбук Pro 14,1,403200.0,403200.0
12232,2026-03-17,Мария,Шымкент,Наушники ANC,5,69500.0,347700.0
12233,2026-03-17,Ерлан,Алматы,Мышь беспроводная,1,15000.0,15000.0
12234,2026-03-17,Айгерим,Шымкент,Наушники ANC,2,64900.0,129800.0
12235,2026-03-17,Светлана,Астана,Ноутбук Pro 14,1,426300.0,426300.0
12236,2026-03-17,Ерлан,Алматы,Ноутбук Pro 14,1,419500.0,419500.0
12237,2026-03-18,Данияр,Караганда,Веб-камера 4K,5,39300.0,196600.0
12238,2026-03-18,Мария,Алматы,Клавиатура механ.,1,29800.0,29800.0
12239,2026-03-18,Мария,Астана,Мышь беспроводная,1,14500.0,14500.0
12240,2026-03-18,Мария,Шымкент,Мышь беспроводная,1,14400.0,14400.0
12241,2026-03-18,Светлана,Шымкент,Ноутбук Pro 14,3,422700.0,1268100.0
12242,2026-03-18,Светлана,Алматы,Наушники ANC,1,71000.0,71000.0
12243,2026-03-18,Данияр,Астана,Веб-камера 4K,1,40900.0,40900.0
12244,2026-03-18,Айгерим,Шымкент,Ноутбук Pro 14,2,390600.0,781200.0
12245,2026-03-18,Данияр,Астана,Мышь беспроводная,1,14700.0,14700.0
12246,2026-03-18,Мария,Астана,Ноутбук Pro 14,2,400100.0,800100.0
12247,2026-03-18,Ерлан,Астана,Клавиатура механ.,1,31000.0,31000.0
12248,2026-03-18,Айгерим,Алматы,Клавиатура механ.,2,32700.0,65400.0
12249,2026-03-18,Ерлан,Алматы,"Монитор 27""",2,136400.0,272700.0
12250,2026-03-18,Айгерим,Астана,Веб-камера 4K,2,41200.0,82500.0
12251,2026-03-18,Данияр,Алматы,Ноутбук Pro 14,2,398100.0,796200.0
12252,2026-03-18,Айгерим,Алматы,Наушники ANC,5,64700.0,323300.0
12253,2026-03-19,Данияр,Алматы,"Монитор 27""",2,124500.0,249000.0
12254,2026-03-19,Мария,Астана,"Монитор 27""",1,125100.0,125100.0
12255,2026-03-19,Светлана,Астана,Ноутбук Pro 14,3,398600.0,1195900.0
12256,2026-03-19,Ерлан,Алматы,"Монитор 27""",1,131900.0,131900.0
12257,2026-03-19,Айгерим,Караганда,Мышь беспроводная,1,14500.0,14500.0
12258,2026-03-19,Айгерим,Алматы,Клавиатура механ.,1,29600.0,29600.0
12259,2026-03-19,Светлана,Астана,Ноутбук Pro 14,5,431200.0,2155800.0
12260,2026-03-19,Айгерим,Караганда,Наушники ANC,2,66000.0,131900.0
12261,2026-03-19,Мария,Шымкент,Клавиатура механ.,2,31300.0,62700.0
12262,2026-03-20,Айгерим,Алматы,Док-станция USB-C,2,57700.0,115400.0
12263,2026-03-20,Светлана,Астана,Клавиатура механ.,2,33000.0,66000.0
12264,2026-03-20,Мария,Алматы,Веб-камера 4K,1,38700.0,38700.0
12265,2026-03-20,Данияр,Алматы,Мышь беспроводная,2,14900.0,29800.0
12266,2026-03-20,Ерлан,Алматы,Ноутбук Pro 14,1,400300.0,400300.0
12267,2026-03-20,Айгерим,Астана,Веб-камера 4K,1,38300.0,38300.0
12268,2026-03-20,Мария,Алматы,"Монитор 27""",2,133300.0,266600.0
12269,2026-03-20,Светлана,Алматы,Наушники ANC,2,63100.0,126200.0
12270,2026-03-20,Ерлан,Алматы,Док-станция USB-C,1,51500.0,51500.0
12271,2026-03-20,Ерлан,Астана,Ноутбук Pro 14,5,388800.0,1944000.0
12272,2026-03-20,Данияр,Шымкент,"Монитор 27""",1,127800.0,127800.0
12273,2026-03-20,Данияр,Алматы,Наушники ANC,5,64100.0,320500.0
12274,2026-03-20,Данияр,Алматы,Наушники ANC,1,68300.0,68300.0
12275,2026-03-20,Ерлан,Алматы,Наушники ANC,5,69200.0,345900.0
12276,2026-03-20,Мария,Алматы,Ноутбук Pro 14,5,417800.0,2088900.0
12277,2026-03-20,Ерлан,Астана,Наушники ANC,5,67400.0,336800.0
12278,2026-03-21,Айгерим,Астана,Клавиатура механ.,5,30400.0,151900.0
12279,2026-03-21,Ерлан,Астана,Док-станция USB-C,2,55900.0,111800.0
12280,2026-03-21,Светлана,Алматы,Док-станция USB-C,3,53800.0,161500.0
12281,2026-03-21,Данияр,Алматы,Наушники ANC,2,70400.0,140900.0
12282,2026-03-21,Данияр,Алматы,Мышь беспроводная,1,14400.0,14400.0
12283,2026-03-21,Мария,Астана,Веб-камера 4K,5,38800.0,194100.0
12284,2026-03-21,Светлана,Астана,Веб-камера 4K,1,38200.0,38200.0
12285,2026-03-21,Мария,Алматы,Наушники ANC,1,69600.0,69600.0
12286,2026-03-21,Айгерим,Шымкент,Веб-камера 4K,2,40400.0,80800.0
12287,2026-03-21,Данияр,Шымкент,Ноутбук Pro 14,1,401900.0,401900.0
12288,2026-03-21,Айгерим,Шымкент,Клавиатура механ.,2,33200.0,66400.0
12289,2026-03-21,Айгерим,Шымкент,Клавиатура механ.,2,30700.0,61400.0
12290,2026-03-21,Мария,Алматы,Наушники ANC,1,68100.0,68100.0
12291,2026-03-22,Айгерим,Алматы,Наушники ANC,2,69100.0,138300.0
12292,2026-03-22,Данияр,Алматы,Ноутбук Pro 14,1,411500.0,411500.0
12293,2026-03-22,Айгерим,Алматы,Ноутбук Pro 14,5,387200.0,1936200.0
12294,2026-03-22,Мария,Астана,Наушники ANC,2,64100.0,128300.0
12295,2026-03-22,Данияр,Астана,Наушники ANC,1,71300.0,71300.0
12296,2026-03-22,Ерлан,Алматы,Док-станция USB-C,1,56700.0,56700.0
12297,2026-03-22,Айгерим,Караганда,Веб-камера 4K,1,39200.0,39200.0
12298,2026-03-22,Светлана,Шымкент,Клавиатура механ.,2,32000.0,63900.0
12299,2026-03-22,Данияр,Алматы,Мышь беспроводная,3,14000.0,41900.0
12300,2026-03-22,Айгерим,Алматы,Мышь беспроводная,1,14000.0,14000.0
12301,2026-03-23,Мария,Астана,Веб-камера 4K,1,39700.0,39700.0
12302,2026-03-23,Айгерим,Алматы,"Монитор 27""",2,127800.0,255500.0
12303,2026-03-23,Светлана,Алматы,Клавиатура механ.,1,31100.0,31100.0
12304,2026-03-23,Мария,Алматы,Мышь беспроводная,1,14700.0,14700.0
12305,2026-03-23,Айгерим,Астана,Ноутбук Pro 14,1,437500.0,437500.0
12306,2026-03-23,Ерлан,Алматы,Мышь беспроводная,3,13800.0,41500.0
12307,2026-03-23,Светлана,Алматы,Док-станция USB-C,1,53800.0,53800.0
12308,2026-03-23,Айгерим,Шымкент,Ноутбук Pro 14,1,436900.0,436900.0
12309,2026-03-23,Ерлан,Астана,"Монитор 27""",2,134300.0,268600.0
12310,2026-03-23,Светлана,Шымкент,Док-станция USB-C,1,58800.0,58800.0
12311,2026-03-23,Мария,Алматы,Док-станция USB-C,2,55300.0,110700.0
12312,2026-03-23,Мария,Алматы,"Монитор 27""",2,135100.0,270300.0
12313,2026-03-23,Данияр,Караганда,Наушники ANC,2,68200.0,136400.0
12314,2026-03-23,Айгерим,Астана,Ноутбук Pro 14,2,386500.0,772900.0
12315,2026-03-23,Айгерим,Алматы,Веб-камера 4K,1,42200.0,42200.0
12316,2026-03-23,Светлана,Шымкент,Док-станция USB-C,1,56900.0,56900.0
12317,2026-03-23,Айгерим,Астана,Ноутбук Pro 14,2,430800.0,861600.0
12318,2026-03-23,Светлана,Алматы,Наушники ANC,5,66100.0,330300.0
12319,2026-03-23,Светлана,Алматы,Клавиатура механ.,1,31600.0,31600.0
12320,2026-03-23,Ерлан,Астана,Клавиатура механ.,3,30100.0,90400.0
12321,2026-03-24,Айгерим,Алматы,Наушники ANC,2,67100.0,134200.0
12322,2026-03-24,Ерлан,Астана,Ноутбук Pro 14,5,422200.0,2111000.0
12323,2026-03-24,Мария,Астана,Док-станция USB-C,3,52700.0,158100.0
12324,2026-03-24,Мария,Шымкент,Веб-камера 4K,1,38500.0,38500.0
12325,2026-03-24,Светлана,Алматы,Клавиатура механ.,2,29600.0,59200.0
12326,2026-03-24,Ерлан,Караганда,Клавиатура механ.,1,33500.0,33500.0
12327,2026-03-24,Данияр,Алматы,Док-станция USB-C,3,56300.0,168800.0
12328,2026-03-24,Данияр,Алматы,"Монитор 27""",5,139300.0,696500.0
12329,2026-03-24,Светлана,Алматы,Мышь беспроводная,1,14000.0,14000.0
12330,2026-03-24,Мария,Астана,Ноутбук Pro 14,2,437900.0,875800.0
12331,2026-03-24,Айгерим,Алматы,Мышь беспроводная,1,13500.0,13500.0
12332,2026-03-24,Данияр,Алматы,Ноутбук Pro 14,1,395300.0,395300.0
12333,2026-03-24,Данияр,Шымкент,Ноутбук Pro 14,5,393200.0,1965800.0
12334,2026-03-24,Ерлан,Астана,Веб-камера 4K,1,40300.0,40300.0
12335,2026-03-24,Ерлан,Алматы,"Монитор 27""",1,137100.0,137100.0
12336,2026-03-25,Айгерим,Астана,Клавиатура механ.,3,30800.0,92300.0
12337,2026-03-25,Айгерим,Алматы,"Монитор 27""",5,124300.0,621700.0
12338,2026-03-25,Светлана,Алматы,Веб-камера 4K,2,40300.0,80500.0
12339,2026-03-25,Данияр,Астана,"Монитор 27""",1,130400.0,130400.0
12340,2026-03-25,Ерлан,Алматы,Ноутбук Pro 14,3,403800.0,1211300.0
12341,2026-03-25,Мария,Алматы,Ноутбук Pro 14,2,406900.0,813800.0
12342,2026-03-25,Ерлан,Шымкент,Веб-камера 4K,5,42600.0,212800.0
12343,2026-03-25,Данияр,Шымкент,"Монитор 27""",1,133000.0,133000.0
12344,2026-03-25,Ерлан,Алматы,Док-станция USB-C,1,53100.0,53100.0
12345,2026-03-25,Мария,Шымкент,Мышь беспроводная,3,13800.0,41500.0
12346,2026-03-26,Айгерим,Астана,"Монитор 27""",1,125000.0,125000.0
12347,2026-03-26,Айгерим,Караганда,Док-станция USB-C,1,53300.0,53300.0
12348,2026-03-26,Мария,Алматы,Наушники ANC,1,65300.0,65300.0
12349,2026-03-26,Ерлан,Астана,Клавиатура механ.,5,29900.0,149300.0
12350,2026-03-26,Ерлан,Алматы,Ноутбук Pro 14,3,422000.0,1265900.0
12351,2026-03-26,Мария,Астана,Мышь беспроводная,2,14700.0,29300.0
12352,2026-03-26,Данияр,Алматы,Клавиатура механ.,1,30500.0,30500.0
12353,2026-03-26,Мария,Астана,Мышь беспроводная,1,13300.0,13300.0
12354,2026-03-26,Айгерим,Алматы,"Монитор 27""",2,136400.0,272700.0
12355,2026-03-26,Ерлан,Астана,Ноутбук Pro 14,2,430200.0,860500.0
12356,2026-03-26,Ерлан,Астана,Веб-камера 4K,2,41700.0,83300.0
12357,2026-03-26,Данияр,Астана,Наушники ANC,1,63100.0,63100.0
12358,2026-03-26,Данияр,Шымкент,Док-станция USB-C,3,54000.0,161900.0
12359,2026-03-26,Айгерим,Алматы,Наушники ANC,1,69800.0,69800.0
12360,2026-03-26,Айгерим,Алматы,Наушники ANC,1,65200.0,65200.0
12361,2026-03-26,Ерлан,Алматы,Веб-камера 4K,1,39400.0,39400.0
12362,2026-03-26,Светлана,Шымкент,Веб-камера 4K,1,37900.0,37900.0
12363,2026-03-26,Данияр,Астана,Ноутбук Pro 14,5,436100.0,2180500.0
12364,2026-03-26,Данияр,Алматы,"Монитор 27""",1,139800.0,139800.0
12365,2026-03-26,Светлана,Алматы,Веб-камера 4K,5,42200.0,210900.0
12366,2026-03-26,Данияр,Астана,Ноутбук Pro 14,1,402800.0,402800.0
12367,2026-03-26,Айгерим,Астана,"Монитор 27""",1,138100.0,138100.0
12368,2026-03-27,Айгерим,Астана,Клавиатура механ.,1,30200.0,30200.0
12369,2026-03-27,Светлана,Астана,Ноутбук Pro 14,2,388900.0,777900.0
12370,2026-03-27,Светлана,Алматы,"Монитор 27""",3,131900.0,395700.0
12371,2026-03-27,Светлана,Астана,Клавиатура механ.,1,33100.0,33100.0
12372,2026-03-27,Ерлан,Шымкент,Мышь беспроводная,1,13900.0,13900.0
12373,2026-03-27,Мария,Астана,Док-станция USB-C,1,52000.0,52000.0
12374,2026-03-27,Светлана,Алматы,Док-станция USB-C,1,55800.0,55800.0
12375,2026-03-27,Мария,Шымкент,"Монитор 27""",2,134900.0,269800.0
12376,2026-03-27,Айгерим,Астана,Мышь беспроводная,2,14300.0,28600.0
12377,2026-03-27,Мария,Астана,"Монитор 27""",1,124700.0,124700.0
12378,2026-03-27,Ерлан,Алматы,Мышь беспроводная,5,14700.0,73400.0
12379,2026-03-27,Данияр,Шымкент,Ноутбук Pro 14,2,439600.0,879200.0
12380,2026-03-27,Мария,Алматы,Веб-камера 4K,2,38900.0,77800.0
12381,2026-03-27,Айгерим,Алматы,Мышь беспроводная,1,13800.0,13800.0
12382,2026-03-27,Ерлан,Астана,"Монитор 27""",5,131000.0,655000.0
12383,2026-03-27,Светлана,Астана,Наушники ANC,1,64200.0,64200.0
12384,2026-03-27,Ерлан,Шымкент,Наушники ANC,5,65300.0,326500.0
12385,2026-03-27,Светлана,Алматы,Мышь беспроводная,5,13400.0,66900.0
12386,2026-03-27,Мария,Алматы,Док-станция USB-C,3,55500.0,166500.0
12387,2026-03-27,Мария,Астана,Клавиатура механ.,3,30500.0,91600.0
12388,2026-03-27,Ерлан,Астана,Док-станция USB-C,3,55000.0,164900.0
12389,2026-03-27,Ерлан,Шымкент,Клавиатура механ.,2,32200.0,64500.0
12390,2026-03-27,Ерлан,Алматы,Мышь беспроводная,2,13700.0,27400.0
12391,2026-03-27,Данияр,Астана,Веб-камера 4K,1,41900.0,41900.0
12392,2026-03-27,Айгерим,Алматы,Ноутбук Pro 14,5,399200.0,1996200.0
12393,2026-03-27,Ерлан,Астана,Ноутбук Pro 14,1,426000.0,426000.0
12394,2026-03-28,Мария,Алматы,Мышь беспроводная,1,14600.0,14600.0
12395,2026-03-28,Данияр,Астана,Док-станция USB-C,3,57100.0,171200.0
12396,2026-03-28,Айгерим,Астана,Веб-камера 4K,2,38500.0,77000.0
12397,2026-03-28,Мария,Астана,Веб-камера 4K,5,40800.0,204000.0
12398,2026-03-28,Данияр,Караганда,Наушники ANC,2,63000.0,126100.0
12399,2026-03-28,Айгерим,Астана,Наушники ANC,3,70800.0,212300.0
12400,2026-03-28,Айгерим,Шымкент,Док-станция USB-C,2,53000.0,106100.0
12401,2026-03-28,Данияр,Астана,Мышь беспроводная,2,14600.0,29100.0
12402,2026-03-29,Айгерим,Алматы,Наушники ANC,5,66700.0,333600.0
12403,2026-03-29,Айгерим,Алматы,Клавиатура механ.,3,30200.0,90500.0
12404,2026-03-29,Мария,Алматы,Наушники ANC,1,68000.0,68000.0
12405,2026-03-29,Мария,Алматы,Наушники ANC,3,66300.0,199000.0
12406,2026-03-29,Мария,Алматы,Веб-камера 4K,2,39200.0,78500.0
12407,2026-03-29,Светлана,Караганда,Мышь беспроводная,5,13800.0,68900.0
12408,2026-03-29,Данияр,Караганда,Док-станция USB-C,1,53700.0,53700.0
12409,2026-03-29,Айгерим,Шымкент,Клавиатура механ.,2,31700.0,63400.0
12410,2026-03-29,Данияр,Астана,Док-станция USB-C,1,51900.0,51900.0
12411,2026-03-29,Айгерим,Алматы,Наушники ANC,5,69500.0,347700.0
12412,2026-03-29,Айгерим,Алматы,Мышь беспроводная,3,14300.0,43000.0
12413,2026-03-30,Светлана,Алматы,Мышь беспроводная,2,13800.0,27600.0
12414,2026-03-30,Данияр,Алматы,Док-станция USB-C,1,54900.0,54900.0
12415,2026-03-30,Ерлан,Алматы,Клавиатура механ.,2,32600.0,65300.0
12416,2026-03-30,Данияр,Алматы,Док-станция USB-C,1,55000.0,55000.0
12417,2026-03-30,Айгерим,Шымкент,Док-станция USB-C,5,58600.0,293100.0
12418,2026-03-30,Мария,Алматы,Веб-камера 4K,2,39100.0,78200.0
12419,2026-03-30,Мария,Алматы,"Монитор 27""",1,141600.0,141600.0
12420,2026-03-30,Данияр,Караганда,Наушники ANC,2,71000.0,141900.0
12421,2026-03-30,Ерлан,Астана,Веб-камера 4K,5,39600.0,197800.0
12422,2026-03-30,Айгерим,Алматы,Наушники ANC,3,65800.0,197400.0
12423,2026-03-30,Ерлан,Астана,Веб-камера 4K,2,41900.0,83700.0
12424,2026-03-30,Ерлан,Астана,Док-станция USB-C,1,51600.0,51600.0
12425,2026-03-30,Данияр,Караганда,Клавиатура механ.,3,30100.0,90400.0
12426,2026-03-30,Мария,Астана,Мышь беспроводная,1,13500.0,13500.0
12427,2026-03-30,Ерлан,Алматы,Мышь беспроводная,5,15000.0,75200.0
12428,2026-03-30,Данияр,Караганда,Веб-камера 4K,2,42500.0,85000.0
12429,2026-03-30,Мария,Астана,Док-станция USB-C,2,52300.0,104600.0
12430,2026-03-30,Ерлан,Алматы,Док-станция USB-C,1,54000.0,54000.0
12431,2026-03-30,Ерлан,Астана,Док-станция USB-C,1,56500.0,56500.0
12432,2026-03-30,Мария,Алматы,Клавиатура механ.,5,33300.0,166400.0
12433,2026-03-30,Ерлан,Астана,Док-станция USB-C,3,53300.0,159900.0
12434,2026-03-30,Мария,Караганда,Ноутбук Pro 14,1,416800.0,416800.0
12435,2026-03-30,Айгерим,Шымкент,"Монитор 27""",1,140500.0,140500.0
12436,2026-03-31,Ерлан,Алматы,Мышь беспроводная,1,14900.0,14900.0
12437,2026-03-31,Айгерим,Астана,Док-станция USB-C,2,57400.0,114800.0
12438,2026-03-31,Ерлан,Алматы,"Монитор 27""",2,127300.0,254500.0
12439,2026-03-31,Мария,Алматы,"Монитор 27""",5,134200.0,670900.0
12440,2026-03-31,Ерлан,Шымкент,Клавиатура механ.,1,32800.0,32800.0
12441,2026-03-31,Айгерим,Шымкент,Клавиатура механ.,1,30500.0,30500.0
12442,2026-03-31,Данияр,Алматы,Док-станция USB-C,1,55200.0,55200.0
12443,2026-03-31,Светлана,Алматы,"Монитор 27""",2,134900.0,269800.0
12444,2026-03-31,Ерлан,Астана,Док-станция USB-C,2,52000.0,104000.0
12445,2026-03-31,Данияр,Алматы,Док-станция USB-C,1,57400.0,57400.0
12446,2026-03-31,Светлана,Астана,Клавиатура механ.,2,29700.0,59500.0
12447,2026-03-31,Ерлан,Алматы,Клавиатура механ.,3,33100.0,99200.0
12448,2026-03-31,Светлана,Караганда,Наушники ANC,1,65900.0,65900.0
12449,2026-03-31,Айгерим,Шымкент,Док-станция USB-C,3,53000.0,159000.0
12450,2026-03-31,Данияр,Алматы,Ноутбук Pro 14,1,418300.0,418300.0
12451,2026-03-31,Ерлан,Астана,"Монитор 27""",2,141000.0,282100.0
12452,2026-03-31,Мария,Астана,Наушники ANC,2,70600.0,141200.0
12453,2026-03-31,Айгерим,Шымкент,"Монитор 27""",2,128400.0,256700.0
12454,2026-03-31,Данияр,Караганда,Наушники ANC,2,64000.0,128000.0
12455,2026-03-31,Айгерим,Караганда,"Монитор 27""",2,135400.0,270700.0
12456,2026-03-31,Данияр,Астана,Ноутбук Pro 14,5,416300.0,2081500.0
12457,2026-03-31,Светлана,Астана,Наушники ANC,3,69500.0,208500.0
12458,2026-03-31,Ерлан,Алматы,"Монитор 27""",1,132900.0,132900.0
12459,2026-03-31,Данияр,Шымкент,Ноутбук Pro 14,1,426000.0,426000.0
12460,2026-03-31,Данияр,Астана,Мышь беспроводная,1,14000.0,14000.0
12461,2026-03-31,Мария,Алматы,Ноутбук Pro 14,3,411300.0,1233900.0
12462,2026-03-31,Ерлан,Алматы,Клавиатура механ.,2,33600.0,67100.0
12463,2026-03-31,Айгерим,Алматы,Док-станция USB-C,2,53700.0,107300.0
12464,2026-03-31,Ерлан,Алматы,Наушники ANC,1,64300.0,64300.0
12465,2026-04-01,Данияр,Астана,Ноутбук Pro 14,3,391700.0,1175100.0
12466,2026-04-01,Ерлан,Астана,Мышь беспроводная,3,14900.0,44600.0
12467,2026-04-01,Светлана,Астана,Мышь беспроводная,2,14900.0,29800.0
12468,2026-04-01,Мария,Алматы,Клавиатура механ.,5,33100.0,165400.0
12469,2026-04-01,Айгерим,Астана,Наушники ANC,1,69400.0,69400.0
12470,2026-04-01,Ерлан,Шымкент,Ноутбук Pro 14,2,434400.0,868700.0
12471,2026-04-01,Мария,Алматы,Веб-камера 4K,1,38500.0,38500.0
12472,2026-04-01,Мария,Астана,Ноутбук Pro 14,2,439900.0,879900.0
12473,2026-04-01,Данияр,Астана,Мышь беспроводная,2,14900.0,29800.0
12474,2026-04-01,Данияр,Астана,Веб-камера 4K,1,41000.0,41000.0
12475,2026-04-01,Мария,Алматы,Наушники ANC,3,62700.0,188100.0
12476,2026-04-01,Айгерим,Караганда,Клавиатура механ.,1,29600.0,29600.0
12477,2026-04-01,Мария,Шымкент,Наушники ANC,5,68900.0,344600.0
12478,2026-04-01,Айгерим,Астана,Ноутбук Pro 14,5,414800.0,2073800.0
12479,2026-04-01,Данияр,Алматы,Док-станция USB-C,5,53400.0,267000.0
12480,2026-04-01,Данияр,Караганда,Док-станция USB-C,1,56800.0,56800.0
12481,2026-04-01,Ерлан,Шымкент,Док-станция USB-C,3,51700.0,155200.0
12482,2026-04-01,Ерлан,Алматы,Док-станция USB-C,2,55100.0,110300.0
12483,2026-04-01,Данияр,Астана,Клавиатура механ.,1,30700.0,30700.0
12484,2026-04-01,Данияр,Шымкент,Мышь беспроводная,1,14600.0,14600.0
12485,2026-04-01,Светлана,Алматы,Веб-камера 4K,2,42700.0,85400.0
12486,2026-04-01,Ерлан,Астана,Док-станция USB-C,2,53100.0,106200.0
12487,2026-04-02,Ерлан,Алматы,Мышь беспроводная,2,14800.0,29700.0
12488,2026-04-02,Мария,Алматы,Мышь беспроводная,1,14100.0,14100.0
12489,2026-04-02,Мария,Астана,Ноутбук Pro 14,1,434800.0,434800.0
12490,2026-04-02,Мария,Алматы,"Монитор 27""",2,132400.0,264700.0
12491,2026-04-02,Светлана,Астана,Док-станция USB-C,1,58700.0,58700.0
12492,2026-04-02,Айгерим,Караганда,Ноутбук Pro 14,1,388100.0,388100.0
12493,2026-04-02,Светлана,Алматы,"Монитор 27""",3,133400.0,400100.0
12494,2026-04-02,Данияр,Караганда,Клавиатура механ.,2,30200.0,60400.0
12495,2026-04-02,Айгерим,Астана,Клавиатура механ.,5,29900.0,149300.0
12496,2026-04-02,Мария,Алматы,"Монитор 27""",1,133900.0,133900.0
12497,2026-04-02,Светлана,Алматы,Клавиатура механ.,1,30400.0,30400.0
12498,2026-04-02,Ерлан,Алматы,Мышь беспроводная,2,13900.0,27800.0
12499,2026-04-02,Ерлан,Алматы,Наушники ANC,1,69100.0,69100.0
12500,2026-04-02,Айгерим,Алматы,Наушники ANC,1,71000.0,71000.0
12501,2026-04-02,Мария,Астана,Наушники ANC,2,65100.0,130100.0
12502,2026-04-02,Данияр,Шымкент,Клавиатура механ.,2,32000.0,64000.0
12503,2026-04-02,Ерлан,Алматы,Мышь беспроводная,1,13900.0,13900.0
12504,2026-04-02,Ерлан,Алматы,Ноутбук Pro 14,1,405200.0,405200.0
12505,2026-04-03,Светлана,Астана,Веб-камера 4K,3,38900.0,116600.0
12506,2026-04-03,Мария,Астана,Клавиатура механ.,1,32800.0,32800.0
12507,2026-04-03,Ерлан,Шымкент,"Монитор 27""",1,134800.0,134800.0
12508,2026-04-03,Ерлан,Астана,"Монитор 27""",1,135300.0,135300.0
12509,2026-04-03,Ерлан,Алматы,Ноутбук Pro 14,2,407700.0,815500.0
12510,2026-04-03,Данияр,Алматы,Клавиатура механ.,1,31700.0,31700.0
12511,2026-04-03,Светлана,Астана,Ноутбук Pro 14,1,424300.0,424300.0
12512,2026-04-03,Данияр,Караганда,Док-станция USB-C,1,57500.0,57500.0
12513,2026-04-03,Мария,Алматы,"Монитор 27""",2,128300.0,256600.0
12514,2026-04-03,Светлана,Шымкент,Ноутбук Pro 14,3,392200.0,1176500.0
12515,2026-04-03,Айгерим,Астана,Веб-камера 4K,5,42500.0,212500.0
12516,2026-04-03,Айгерим,Алматы,Веб-камера 4K,3,39700.0,119200.0
12517,2026-04-03,Данияр,Астана,Ноутбук Pro 14,1,433900.0,433900.0
12518,2026-04-03,Ерлан,Алматы,Веб-камера 4K,5,39300.0,196600.0
12519,2026-04-03,Данияр,Алматы,Док-станция USB-C,1,52700.0,52700.0
12520,2026-04-03,Айгерим,Астана,Клавиатура механ.,2,30500.0,60900.0
12521,2026-04-03,Светлана,Астана,Наушники ANC,1,69700.0,69700.0
12522,2026-04-03,Мария,Караганда,Клавиатура механ.,2,32200.0,64300.0
12523,2026-04-03,Мария,Шымкент,Ноутбук Pro 14,5,409700.0,2048500.0
12524,2026-04-03,Мария,Астана,Ноутбук Pro 14,1,415200.0,415200.0
12525,2026-04-03,Айгерим,Астана,Мышь беспроводная,1,13900.0,13900.0
12526,2026-04-03,Данияр,Алматы,Наушники ANC,5,70500.0,352400.0
12527,2026-04-03,Мария,Алматы,Наушники ANC,3,69000.0,206900.0
12528,2026-04-04,Светлана,Астана,"Монитор 27""",5,135800.0,678900.0
12529,2026-04-04,Светлана,Караганда,Мышь беспроводная,2,15100.0,30200.0
12530,2026-04-04,Айгерим,Алматы,Наушники ANC,3,66600.0,199900.0
12531,2026-04-04,Ерлан,Караганда,Док-станция USB-C,5,54200.0,270800.0
12532,2026-04-04,Мария,Астана,Док-станция USB-C,5,58400.0,292100.0
12533,2026-04-04,Айгерим,Караганда,Клавиатура механ.,5,30300.0,151700.0
12534,2026-04-04,Айгерим,Астана,Клавиатура механ.,2,31700.0,63300.0
12535,2026-04-04,Данияр,Астана,Мышь беспроводная,5,14500.0,72400.0
12536,2026-04-04,Данияр,Астана,"Монитор 27""",5,140200.0,701100.0
12537,2026-04-04,Айгерим,Астана,Мышь беспроводная,1,14200.0,14200.0
12538,2026-04-04,Данияр,Алматы,Док-станция USB-C,2,54000.0,108000.0
12539,2026-04-04,Айгерим,Алматы,Веб-камера 4K,1,41500.0,41500.0
12540,2026-04-05,Айгерим,Шымкент,Веб-камера 4K,3,40700.0,122100.0
12541,2026-04-05,Ерлан,Астана,Ноутбук Pro 14,3,405500.0,1216500.0
12542,2026-04-05,Айгерим,Шымкент,"Монитор 27""",5,138300.0,691400.0
12543,2026-04-05,Айгерим,Шымкент,"Монитор 27""",5,137200.0,686100.0
12544,2026-04-05,Светлана,Астана,Наушники ANC,2,65600.0,131100.0
12545,2026-04-05,Данияр,Караганда,Наушники ANC,3,68500.0,205500.0
12546,2026-04-05,Данияр,Алматы,"Монитор 27""",2,133300.0,266500.0
12547,2026-04-05,Светлана,Караганда,Веб-камера 4K,2,40000.0,80000.0
12548,2026-04-05,Ерлан,Алматы,Веб-камера 4K,3,39000.0,117000.0
12549,2026-04-05,Светлана,Алматы,Док-станция USB-C,3,55100.0,165300.0
12550,2026-04-05,Мария,Шымкент,Клавиатура механ.,1,33600.0,33600.0
12551,2026-04-05,Данияр,Астана,"Монитор 27""",5,133300.0,666500.0
12552,2026-04-05,Данияр,Астана,Клавиатура механ.,3,33500.0,100400.0
12553,2026-04-05,Ерлан,Шымкент,Ноутбук Pro 14,1,419800.0,419800.0
12554,2026-04-05,Данияр,Алматы,Наушники ANC,2,65800.0,131700.0
12555,2026-04-05,Данияр,Алматы,Ноутбук Pro 14,1,434000.0,434000.0
12556,2026-04-06,Айгерим,Алматы,Ноутбук Pro 14,1,437500.0,437500.0
12557,2026-04-06,Данияр,Алматы,"Монитор 27""",2,128200.0,256500.0
12558,2026-04-06,Данияр,Алматы,Ноутбук Pro 14,1,435500.0,435500.0
12559,2026-04-06,Айгерим,Шымкент,Наушники ANC,1,71100.0,71100.0
12560,2026-04-06,Данияр,Алматы,Клавиатура механ.,1,33400.0,33400.0
12561,2026-04-06,Ерлан,Астана,Веб-камера 4K,2,38900.0,77900.0
12562,2026-04-06,Ерлан,Алматы,Док-станция USB-C,2,52900.0,105900.0
12563,2026-04-06,Мария,Шымкент,Док-станция USB-C,5,56800.0,284200.0
12564,2026-04-06,Айгерим,Астана,Мышь беспроводная,2,14400.0,28800.0
12565,2026-04-06,Ерлан,Алматы,Док-станция USB-C,1,51800.0,51800.0
12566,2026-04-06,Данияр,Шымкент,Наушники ANC,2,63900.0,127900.0
12567,2026-04-06,Мария,Шымкент,Мышь беспроводная,1,14600.0,14600.0
12568,2026-04-06,Данияр,Алматы,"Монитор 27""",1,138200.0,138200.0
12569,2026-04-06,Мария,Алматы,Ноутбук Pro 14,1,407500.0,407500.0
12570,2026-04-06,Мария,Алматы,Веб-камера 4K,1,41200.0,41200.0
12571,2026-04-06,Мария,Караганда,Док-станция USB-C,1,54700.0,54700.0
12572,2026-04-06,Айгерим,Караганда,Ноутбук Pro 14,2,423300.0,846700.0
12573,2026-04-06,Айгерим,Алматы,Мышь беспроводная,1,14000.0,14000.0
12574,2026-04-06,Данияр,Алматы,Док-станция USB-C,3,53300.0,159800.0
12575,2026-04-06,Светлана,Шымкент,"Монитор 27""",5,137900.0,689500.0
12576,2026-04-06,Айгерим,Алматы,Мышь беспроводная,5,14200.0,71200.0
12577,2026-04-06,Айгерим,Алматы,Ноутбук Pro 14,1,425600.0,425600.0
12578,2026-04-06,Айгерим,Алматы,Клавиатура механ.,2,30000.0,59900.0
12579,2026-04-06,Айгерим,Алматы,Мышь беспроводная,2,13600.0,27200.0
12580,2026-04-06,Айгерим,Караганда,Веб-камера 4K,3,38800.0,116400.0
12581,2026-04-07,Ерлан,Алматы,Клавиатура механ.,1,30200.0,30200.0
12582,2026-04-07,Мария,Алматы,Веб-камера 4K,5,42100.0,210700.0
12583,2026-04-07,Ерлан,Алматы,Ноутбук Pro 14,5,426100.0,2130700.0
12584,2026-04-07,Светлана,Астана,Клавиатура механ.,2,32800.0,65600.0
12585,2026-04-07,Ерлан,Караганда,Клавиатура механ.,2,31200.0,62400.0
12586,2026-04-07,Айгерим,Астана,Веб-камера 4K,2,38900.0,77900.0
12587,2026-04-07,Данияр,Караганда,"Монитор 27""",5,125400.0,626800.0
12588,2026-04-07,Данияр,Алматы,Клавиатура механ.,2,30400.0,60700.0
12589,2026-04-07,Мария,Астана,Наушники ANC,1,68400.0,68400.0
12590,2026-04-07,Айгерим,Алматы,"Монитор 27""",2,124500.0,249000.0
12591,2026-04-07,Айгерим,Астана,"Монитор 27""",1,137100.0,137100.0
12592,2026-04-07,Айгерим,Астана,Док-станция USB-C,1,52400.0,52400.0
12593,2026-04-07,Айгерим,Астана,Док-станция USB-C,2,57400.0,114900.0
12594,2026-04-07,Айгерим,Алматы,Веб-камера 4K,3,39400.0,118200.0
12595,2026-04-07,Данияр,Астана,Док-станция USB-C,1,58000.0,58000.0
12596,2026-04-07,Мария,Алматы,Веб-камера 4K,3,39700.0,119100.0
12597,2026-04-07,Айгерим,Алматы,Веб-камера 4K,2,38200.0,76500.0
12598,2026-04-07,Ерлан,Алматы,Веб-камера 4K,3,41300.0,123900.0
12599,2026-04-07,Ерлан,Астана,Клавиатура механ.,5,29700.0,148300.0
12600,2026-04-07,Ерлан,Астана,"Монитор 27""",2,131900.0,263800.0
12601,2026-04-07,Айгерим,Астана,Наушники ANC,1,69600.0,69600.0
12602,2026-04-07,Данияр,Алматы,Клавиатура механ.,2,32900.0,65700.0
12603,2026-04-07,Мария,Астана,Веб-камера 4K,2,39100.0,78100.0
12604,2026-04-07,Айгерим,Астана,Ноутбук Pro 14,3,399500.0,1198500.0
12605,2026-04-07,Данияр,Астана,Веб-камера 4K,1,38900.0,38900.0
12606,2026-04-07,Светлана,Астана,Ноутбук Pro 14,1,417000.0,417000.0
12607,2026-04-07,Айгерим,Астана,Ноутбук Pro 14,1,389800.0,389800.0
12608,2026-04-07,Айгерим,Алматы,Наушники ANC,2,63000.0,126000.0
12609,2026-04-08,Айгерим,Алматы,Док-станция USB-C,1,52500.0,52500.0
12610,2026-04-08,Мария,Астана,Док-станция USB-C,1,52200.0,52200.0
12611,2026-04-08,Данияр,Караганда,Наушники ANC,1,70200.0,70200.0
12612,2026-04-08,Айгерим,Шымкент,Веб-камера 4K,5,40000.0,200200.0
12613,2026-04-08,Мария,Астана,"Монитор 27""",1,127100.0,127100.0
12614,2026-04-08,Светлана,Астана,Мышь беспроводная,3,14700.0,44100.0
12615,2026-04-08,Светлана,Караганда,Клавиатура механ.,2,31500.0,63000.0
12616,2026-04-08,Мария,Алматы,Веб-камера 4K,3,41900.0,125600.0
12617,2026-04-08,Айгерим,Алматы,Док-станция USB-C,5,51600.0,258000.0
12618,2026-04-08,Айгерим,Алматы,Ноутбук Pro 14,2,417000.0,834000.0
12619,2026-04-08,Айгерим,Астана,Док-станция USB-C,1,54100.0,54100.0
12620,2026-04-08,Данияр,Астана,Веб-камера 4K,1,39600.0,39600.0
12621,2026-04-08,Данияр,Астана,Мышь беспроводная,5,13600.0,68100.0
12622,2026-04-08,Светлана,Астана,Мышь беспроводная,1,14900.0,14900.0
12623,2026-04-08,Данияр,Алматы,Док-станция USB-C,5,54500.0,272600.0
12624,2026-04-08,Мария,Астана,Мышь беспроводная,1,13800.0,13800.0
12625,2026-04-08,Айгерим,Алматы,Док-станция USB-C,1,56000.0,56000.0
12626,2026-04-09,Айгерим,Алматы,Веб-камера 4K,2,41600.0,83300.0
12627,2026-04-09,Данияр,Алматы,Клавиатура механ.,5,29700.0,148300.0
12628,2026-04-09,Айгерим,Астана,Клавиатура механ.,1,31400.0,31400.0
12629,2026-04-09,Айгерим,Шымкент,Мышь беспроводная,5,13700.0,68600.0
12630,2026-04-09,Данияр,Астана,Док-станция USB-C,2,57900.0,115900.0
12631,2026-04-09,Ерлан,Астана,Наушники ANC,5,64100.0,320400.0
12632,2026-04-09,Данияр,Алматы,Мышь беспроводная,3,13700.0,41000.0
12633,2026-04-09,Айгерим,Шымкент,"Монитор 27""",5,125300.0,626500.0
12634,2026-04-09,Данияр,Астана,Ноутбук Pro 14,1,419000.0,419000.0
12635,2026-04-09,Мария,Алматы,Мышь беспроводная,1,14200.0,14200.0
12636,2026-04-09,Ерлан,Алматы,Веб-камера 4K,1,38500.0,38500.0
12637,2026-04-09,Данияр,Астана,Мышь беспроводная,1,14000.0,14000.0
12638,2026-04-09,Ерлан,Шымкент,Веб-камера 4K,1,42400.0,42400.0
12639,2026-04-09,Светлана,Шымкент,"Монитор 27""",3,126800.0,380400.0
12640,2026-04-09,Айгерим,Астана,Док-станция USB-C,2,52700.0,105400.0
12641,2026-04-09,Данияр,Астана,Док-станция USB-C,1,56400.0,56400.0
12642,2026-04-09,Айгерим,Шымкент,Ноутбук Pro 14,1,394900.0,394900.0
12643,2026-04-10,Айгерим,Астана,Клавиатура механ.,5,32400.0,162200.0
12644,2026-04-10,Ерлан,Шымкент,Док-станция USB-C,1,52100.0,52100.0
12645,2026-04-10,Светлана,Алматы,Док-станция USB-C,1,52100.0,52100.0
12646,2026-04-10,Ерлан,Астана,"Монитор 27""",1,136900.0,136900.0
12647,2026-04-10,Айгерим,Шымкент,Наушники ANC,2,65500.0,131100.0
12648,2026-04-10,Данияр,Алматы,Док-станция USB-C,3,53900.0,161600.0
12649,2026-04-10,Айгерим,Шымкент,Веб-камера 4K,1,39200.0,39200.0
12650,2026-04-10,Мария,Шымкент,Веб-камера 4K,1,41400.0,41400.0
12651,2026-04-10,Айгерим,Астана,Наушники ANC,5,65800.0,329000.0
12652,2026-04-10,Айгерим,Шымкент,Клавиатура механ.,1,30400.0,30400.0
12653,2026-04-10,Данияр,Астана,Наушники ANC,1,66900.0,66900.0
12654,2026-04-10,Ерлан,Алматы,Наушники ANC,1,70300.0,70300.0
12655,2026-04-10,Ерлан,Алматы,Веб-камера 4K,1,42100.0,42100.0
12656,2026-04-10,Айгерим,Алматы,Наушники ANC,1,62900.0,62900.0
12657,2026-04-10,Светлана,Шымкент,Клавиатура механ.,1,30100.0,30100.0
12658,2026-04-10,Мария,Алматы,Веб-камера 4K,3,41000.0,123100.0
12659,2026-04-10,Мария,Караганда,Док-станция USB-C,2,53600.0,107100.0
12660,2026-04-10,Ерлан,Алматы,Док-станция USB-C,5,53200.0,266100.0
12661,2026-04-10,Айгерим,Астана,Наушники ANC,1,62800.0,62800.0
12662,2026-04-10,Светлана,Астана,Веб-камера 4K,1,37800.0,37800.0
12663,2026-04-10,Мария,Астана,Мышь беспроводная,1,14300.0,14300.0
12664,2026-04-10,Данияр,Астана,Веб-камера 4K,2,42400.0,84900.0
12665,2026-04-11,Айгерим,Алматы,Клавиатура механ.,5,31900.0,159400.0
12666,2026-04-11,Данияр,Алматы,Наушники ANC,1,71300.0,71300.0
12667,2026-04-11,Айгерим,Шымкент,Мышь беспроводная,2,14100.0,28200.0
12668,2026-04-11,Ерлан,Алматы,Наушники ANC,1,70500.0,70500.0
12669,2026-04-11,Мария,Астана,"Монитор 27""",3,137700.0,413200.0
12670,2026-04-11,Ерлан,Алматы,Веб-камера 4K,1,38000.0,38000.0
12671,2026-04-11,Айгерим,Шымкент,"Монитор 27""",1,133000.0,133000.0
12672,2026-04-11,Айгерим,Алматы,Наушники ANC,3,70000.0,210000.0
12673,2026-04-11,Ерлан,Астана,Наушники ANC,3,65800.0,197300.0
12674,2026-04-12,Светлана,Астана,"Монитор 27""",2,126500.0,253100.0
12675,2026-04-12,Данияр,Алматы,Док-станция USB-C,1,56600.0,56600.0
12676,2026-04-12,Мария,Шымкент,Клавиатура механ.,5,32400.0,162200.0
12677,2026-04-12,Айгерим,Алматы,Веб-камера 4K,2,40100.0,80100.0
12678,2026-04-12,Ерлан,Алматы,Наушники ANC,2,66600.0,133200.0
12679,2026-04-12,Светлана,Алматы,Веб-камера 4K,2,42200.0,84300.0
12680,2026-04-12,Айгерим,Алматы,"Монитор 27""",5,138300.0,691700.0
12681,2026-04-12,Мария,Астана,Док-станция USB-C,1,56400.0,56400.0
12682,2026-04-12,Данияр,Шымкент,Док-станция USB-C,3,53900.0,161800.0
12683,2026-04-13,Айгерим,Караганда,Веб-камера 4K,1,40000.0,40000.0
12684,2026-04-13,Данияр,Алматы,Веб-камера 4K,2,39900.0,79900.0
12685,2026-04-13,Айгерим,Шымкент,Клавиатура механ.,2,32400.0,64800.0
12686,2026-04-13,Светлана,Алматы,Док-станция USB-C,1,53400.0,53400.0
12687,2026-04-13,Данияр,Алматы,Веб-камера 4K,1,41100.0,41100.0
12688,2026-04-13,Мария,Алматы,Клавиатура механ.,1,29800.0,29800.0
12689,2026-04-13,Айгерим,Алматы,Веб-камера 4K,3,42300.0,126900.0
12690,2026-04-13,Айгерим,Шымкент,Клавиатура механ.,1,30600.0,30600.0
12691,2026-04-13,Ерлан,Шымкент,Мышь беспроводная,1,14300.0,14300.0
12692,2026-04-13,Светлана,Алматы,"Монитор 27""",1,127900.0,127900.0
12693,2026-04-13,Мария,Алматы,Клавиатура механ.,2,32300.0,64500.0
12694,2026-04-13,Мария,Шымкент,Веб-камера 4K,1,40300.0,40300.0
12695,2026-04-13,Светлана,Астана,Клавиатура механ.,2,33200.0,66500.0
12696,2026-04-13,Мария,Астана,Мышь беспроводная,1,14100.0,14100.0
12697,2026-04-13,Данияр,Алматы,"Монитор 27""",1,134400.0,134400.0
12698,2026-04-13,Мария,Астана,Клавиатура механ.,3,31200.0,93600.0
12699,2026-04-13,Мария,Алматы,"Монитор 27""",2,127900.0,255900.0
12700,2026-04-13,Светлана,Шымкент,Мышь беспроводная,2,13600.0,27200.0
12701,2026-04-14,Мария,Астана,Док-станция USB-C,1,56800.0,56800.0
12702,2026-04-14,Мария,Алматы,Наушники ANC,5,66600.0,333000.0
12703,2026-04-14,Ерлан,Алматы,"Монитор 27""",2,132500.0,265100.0
12704,2026-04-14,Светлана,Астана,Мышь беспроводная,1,13900.0,13900.0
12705,2026-04-14,Данияр,Шымкент,Веб-камера 4K,1,39900.0,39900.0
12706,2026-04-14,Ерлан,Алматы,Док-станция USB-C,5,57700.0,288300.0
12707,2026-04-14,Мария,Алматы,Клавиатура механ.,1,31900.0,31900.0
12708,2026-04-14,Данияр,Алматы,Ноутбук Pro 14,3,397300.0,1192000.0
12709,2026-04-14,Мария,Шымкент,Мышь беспроводная,3,14700.0,44200.0
12710,2026-04-14,Ерлан,Алматы,Клавиатура механ.,3,31100.0,93200.0
12711,2026-04-14,Данияр,Астана,Док-станция USB-C,2,52400.0,104800.0
12712,2026-04-14,Мария,Астана,Наушники ANC,1,66600.0,66600.0
12713,2026-04-14,Данияр,Шымкент,Док-станция USB-C,1,52200.0,52200.0
12714,2026-04-14,Ерлан,Астана,Веб-камера 4K,5,39400.0,196900.0
12715,2026-04-14,Мария,Астана,Мышь беспроводная,5,13500.0,67600.0
12716,2026-04-14,Айгерим,Астана,"Монитор 27""",1,125000.0,125000.0
12717,2026-04-14,Айгерим,Шымкент,Док-станция USB-C,2,56600.0,113200.0
12718,2026-04-14,Айгерим,Шымкент,Веб-камера 4K,1,42900.0,42900.0
12719,2026-04-14,Ерлан,Алматы,Док-станция USB-C,5,57500.0,287500.0
12720,2026-04-14,Данияр,Караганда,"Монитор 27""",2,134400.0,268700.0
12721,2026-04-14,Светлана,Алматы,Клавиатура механ.,1,31200.0,31200.0
12722,2026-04-15,Айгерим,Астана,Наушники ANC,3,70200.0,210500.0
12723,2026-04-15,Ерлан,Караганда,Док-станция USB-C,2,56400.0,112800.0
12724,2026-04-15,Мария,Алматы,Клавиатура механ.,1,30700.0,30700.0
12725,2026-04-15,Айгерим,Караганда,Док-станция USB-C,2,52000.0,104000.0
12726,2026-04-15,Ерлан,Алматы,Мышь беспроводная,1,14500.0,14500.0
12727,2026-04-15,Мария,Алматы,Наушники ANC,1,65900.0,65900.0
12728,2026-04-15,Айгерим,Алматы,Док-станция USB-C,2,53200.0,106300.0
12729,2026-04-15,Светлана,Алматы,Наушники ANC,1,65800.0,65800.0
12730,2026-04-15,Ерлан,Астана,Ноутбук Pro 14,2,417900.0,835900.0
12731,2026-04-15,Данияр,Шымкент,Клавиатура механ.,1,32100.0,32100.0
12732,2026-04-15,Мария,Астана,"Монитор 27""",1,136800.0,136800.0
12733,2026-04-15,Ерлан,Астана,Веб-камера 4K,1,41300.0,41300.0
12734,2026-04-15,Данияр,Шымкент,Ноутбук Pro 14,1,395500.0,395500.0
12735,2026-04-15,Ерлан,Астана,Док-станция USB-C,1,56600.0,56600.0
12736,2026-04-15,Мария,Алматы,Клавиатура механ.,2,32000.0,64000.0
12737,2026-04-15,Данияр,Караганда,Веб-камера 4K,3,42900.0,128600.0
12738,2026-04-15,Ерлан,Астана,Ноутбук Pro 14,5,412900.0,2064700.0
12739,2026-04-16,Данияр,Шымкент,Док-станция USB-C,2,57300.0,114500.0
12740,2026-04-16,Данияр,Астана,Клавиатура механ.,2,32300.0,64700.0
12741,2026-04-16,Айгерим,Алматы,Наушники ANC,1,64700.0,64700.0
12742,2026-04-16,Данияр,Алматы,Док-станция USB-C,1,55700.0,55700.0
12743,2026-04-16,Светлана,Астана,Наушники ANC,5,67200.0,336000.0
12744,2026-04-16,Светлана,Астана,Веб-камера 4K,1,42600.0,42600.0
12745,2026-04-16,Мария,Шымкент,Наушники ANC,2,66600.0,133100.0
12746,2026-04-16,Айгерим,Алматы,Клавиатура механ.,2,30200.0,60300.0
12747,2026-04-16,Светлана,Алматы,Клавиатура механ.,1,31000.0,31000.0
12748,2026-04-16,Мария,Астана,Мышь беспроводная,1,13800.0,13800.0
12749,2026-04-16,Светлана,Шымкент,Веб-камера 4K,2,42800.0,85600.0
12750,2026-04-16,Мария,Алматы,Док-станция USB-C,3,54200.0,162600.0
12751,2026-04-16,Айгерим,Алматы,Веб-камера 4K,3,38600.0,115900.0
12752,2026-04-16,Айгерим,Астана,"Монитор 27""",2,136300.0,272600.0
12753,2026-04-16,Айгерим,Алматы,Мышь беспроводная,1,14800.0,14800.0
12754,2026-04-16,Ерлан,Астана,Наушники ANC,2,67800.0,135600.0
12755,2026-04-16,Данияр,Караганда,Наушники ANC,5,65300.0,326700.0
12756,2026-04-16,Айгерим,Астана,Веб-камера 4K,1,42000.0,42000.0
12757,2026-04-17,Айгерим,Алматы,Мышь беспроводная,3,13400.0,40200.0
12758,2026-04-17,Светлана,Алматы,Наушники ANC,1,65900.0,65900.0
12759,2026-04-17,Данияр,Алматы,Наушники ANC,1,66600.0,66600.0
12760,2026-04-17,Ерлан,Алматы,Мышь беспроводная,3,14500.0,43500.0
12761,2026-04-17,Светлана,Караганда,Ноутбук Pro 14,2,435200.0,870400.0
12762,2026-04-17,Ерлан,Шымкент,"Монитор 27""",1,141500.0,141500.0
12763,2026-04-17,Данияр,Астана,Наушники ANC,2,71300.0,142500.0
12764,2026-04-17,Ерлан,Алматы,Док-станция USB-C,2,56800.0,113700.0
12765,2026-04-17,Ерлан,Астана,Док-станция USB-C,1,54400.0,54400.0
12766,2026-04-17,Мария,Алматы,Ноутбук Pro 14,3,429500.0,1288400.0
12767,2026-04-17,Мария,Шымкент,Мышь беспроводная,2,15000.0,30000.0
12768,2026-04-17,Ерлан,Астана,Док-станция USB-C,5,54100.0,270700.0
12769,2026-04-17,Айгерим,Алматы,Наушники ANC,2,64700.0,129400.0
12770,2026-04-17,Данияр,Астана,Клавиатура механ.,2,30000.0,60100.0
12771,2026-04-17,Данияр,Алматы,Мышь беспроводная,2,15000.0,29900.0
12772,2026-04-17,Мария,Шымкент,Мышь беспроводная,5,14900.0,74700.0
12773,2026-04-17,Айгерим,Астана,Ноутбук Pro 14,1,428200.0,428200.0
12774,2026-04-18,Айгерим,Астана,Веб-камера 4K,1,39100.0,39100.0
12775,2026-04-18,Данияр,Шымкент,Док-станция USB-C,1,55300.0,55300.0
12776,2026-04-18,Данияр,Алматы,Веб-камера 4K,1,42700.0,42700.0
12777,2026-04-18,Данияр,Алматы,Док-станция USB-C,1,52100.0,52100.0
12778,2026-04-18,Айгерим,Астана,Наушники ANC,5,67100.0,335700.0
12779,2026-04-18,Данияр,Алматы,Ноутбук Pro 14,1,396200.0,396200.0
12780,2026-04-18,Мария,Караганда,Мышь беспроводная,1,15100.0,15100.0
12781,2026-04-18,Данияр,Алматы,Наушники ANC,1,70100.0,70100.0
12782,2026-04-19,Мария,Астана,Док-станция USB-C,1,57500.0,57500.0
12783,2026-04-19,Светлана,Алматы,Наушники ANC,1,63200.0,63200.0
12784,2026-04-19,Светлана,Шымкент,Клавиатура механ.,1,30400.0,30400.0
12785,2026-04-19,Айгерим,Шымкент,Ноутбук Pro 14,2,438600.0,877100.0
12786,2026-04-19,Айгерим,Караганда,Мышь беспроводная,1,14100.0,14100.0
12787,2026-04-19,Айгерим,Алматы,Ноутбук Pro 14,5,418300.0,2091700.0
12788,2026-04-19,Айгерим,Астана,Клавиатура механ.,2,30800.0,61600.0
12789,2026-04-19,Мария,Алматы,Мышь беспроводная,2,15000.0,30100.0
12790,2026-04-19,Мария,Шымкент,Док-станция USB-C,2,52900.0,105900.0
12791,2026-04-19,Светлана,Астана,Ноутбук Pro 14,1,403800.0,403800.0
12792,2026-04-19,Мария,Алматы,Клавиатура механ.,2,32400.0,64900.0
12793,2026-04-19,Айгерим,Алматы,Наушники ANC,3,70700.0,212200.0
12794,2026-04-19,Данияр,Астана,Ноутбук Pro 14,2,419400.0,838800.0
12795,2026-04-19,Айгерим,Алматы,Наушники ANC,2,67000.0,134000.0
12796,2026-04-19,Мария,Алматы,"Монитор 27""",2,140400.0,280800.0
12797,2026-04-20,Ерлан,Астана,Мышь беспроводная,2,13600.0,27100.0
12798,2026-04-20,Данияр,Алматы,Клавиатура механ.,3,30800.0,92400.0
12799,2026-04-20,Мария,Астана,Наушники ANC,5,63300.0,316600.0
12800,2026-04-20,Айгерим,Астана,Веб-камера 4K,1,39700.0,39700.0
12801,2026-04-20,Светлана,Алматы,Док-станция USB-C,5,54600.0,273200.0
12802,2026-04-20,Светлана,Алматы,Мышь беспроводная,1,15000.0,15000.0
12803,2026-04-20,Ерлан,Астана,Ноутбук Pro 14,2,434800.0,869600.0
12804,2026-04-20,Мария,Астана,Наушники ANC,1,63200.0,63200.0
12805,2026-04-20,Данияр,Астана,Веб-камера 4K,1,39300.0,39300.0
12806,2026-04-20,Айгерим,Шымкент,"Монитор 27""",1,131000.0,131000.0
12807,2026-04-20,Данияр,Алматы,Мышь беспроводная,2,13600.0,27200.0
12808,2026-04-20,Мария,Астана,Клавиатура механ.,2,32000.0,63900.0
12809,2026-04-20,Айгерим,Астана,Ноутбук Pro 14,1,403000.0,403000.0
12810,2026-04-20,Айгерим,Астана,"Монитор 27""",2,137100.0,274200.0
12811,2026-04-20,Ерлан,Алматы,Док-станция USB-C,1,54300.0,54300.0
12812,2026-04-20,Ерлан,Алматы,Наушники ANC,1,66000.0,66000.0
12813,2026-04-20,Ерлан,Алматы,Наушники ANC,5,71400.0,356900.0
12814,2026-04-20,Светлана,Астана,"Монитор 27""",2,125700.0,251300.0
12815,2026-04-20,Ерлан,Шымкент,Ноутбук Pro 14,1,404300.0,404300.0
12816,2026-04-20,Ерлан,Шымкент,"Монитор 27""",2,132600.0,265300.0
12817,2026-04-20,Мария,Шымкент,Наушники ANC,3,66000.0,197900.0
12818,2026-04-20,Айгерим,Алматы,Ноутбук Pro 14,1,407600.0,407600.0
12819,2026-04-20,Мария,Алматы,Веб-камера 4K,3,38800.0,116300.0
12820,2026-04-20,Мария,Астана,Мышь беспроводная,5,14900.0,74400.0
12821,2026-04-20,Ерлан,Алматы,Наушники ANC,1,70000.0,70000.0
12822,2026-04-20,Мария,Алматы,Ноутбук Pro 14,5,387600.0,1938200.0
12823,2026-04-20,Айгерим,Астана,Веб-камера 4K,3,38100.0,114300.0
12824,2026-04-20,Мария,Астана,Веб-камера 4K,5,39200.0,196000.0
12825,2026-04-20,Мария,Караганда,Веб-камера 4K,3,39300.0,117800.0
12826,2026-04-20,Светлана,Алматы,Док-станция USB-C,1,54700.0,54700.0
12827,2026-04-21,Мария,Астана,Ноутбук Pro 14,3,437200.0,1311600.0
12828,2026-04-21,Айгерим,Алматы,Док-станция USB-C,1,51600.0,51600.0
12829,2026-04-21,Айгерим,Алматы,"Монитор 27""",1,135700.0,135700.0
12830,2026-04-21,Айгерим,Алматы,Веб-камера 4K,1,39000.0,39000.0
12831,2026-04-21,Ерлан,Шымкент,Наушники ANC,1,67300.0,67300.0
12832,2026-04-21,Светлана,Астана,"Монитор 27""",3,135200.0,405700.0
12833,2026-04-21,Данияр,Алматы,"Монитор 27""",2,131400.0,262800.0
12834,2026-04-21,Айгерим,Астана,Клавиатура механ.,1,32800.0,32800.0
12835,2026-04-21,Айгерим,Алматы,Док-станция USB-C,5,55100.0,275700.0
12836,2026-04-21,Ерлан,Астана,Мышь беспроводная,1,15200.0,15200.0
12837,2026-04-21,Ерлан,Алматы,Клавиатура механ.,2,32400.0,64800.0
12838,2026-04-21,Мария,Шымкент,Мышь беспроводная,1,13400.0,13400.0
12839,2026-04-21,Светлана,Алматы,Наушники ANC,2,67000.0,134000.0
12840,2026-04-21,Светлана,Астана,Наушники ANC,1,70700.0,70700.0
12841,2026-04-21,Ерлан,Астана,Наушники ANC,1,71100.0,71100.0
12842,2026-04-21,Ерлан,Шымкент,Мышь беспроводная,1,14300.0,14300.0
12843,2026-04-21,Ерлан,Астана,Клавиатура механ.,2,31600.0,63200.0
12844,2026-04-21,Айгерим,Шымкент,Наушники ANC,1,63300.0,63300.0
12845,2026-04-21,Светлана,Астана,Док-станция USB-C,1,51900.0,51900.0
12846,2026-04-21,Ерлан,Алматы,Веб-камера 4K,1,39400.0,39400.0
12847,2026-04-21,Айгерим,Астана,Наушники ANC,2,66600.0,133200.0
12848,2026-04-22,Айгерим,Шымкент,Наушники ANC,1,63000.0,63000.0
12849,2026-04-22,Айгерим,Астана,Мышь беспроводная,1,13900.0,13900.0
12850,2026-04-22,Мария,Астана,Клавиатура механ.,2,33400.0,66700.0
12851,2026-04-22,Светлана,Караганда,Док-станция USB-C,2,51800.0,103600.0
12852,2026-04-22,Айгерим,Астана,Мышь беспроводная,1,14500.0,14500.0
12853,2026-04-22,Данияр,Астана,"Монитор 27""",3,140700.0,422100.0
12854,2026-04-22,Мария,Астана,Ноутбук Pro 14,3,398500.0,1195400.0
12855,2026-04-22,Айгерим,Алматы,Клавиатура механ.,3,33600.0,100800.0
12856,2026-04-22,Данияр,Шымкент,Мышь беспроводная,1,13600.0,13600.0
12857,2026-04-22,Данияр,Алматы,Наушники ANC,2,68500.0,136900.0
12858,2026-04-22,Данияр,Караганда,Ноутбук Pro 14,3,422200.0,1266600.0
12859,2026-04-22,Мария,Астана,Док-станция USB-C,2,52900.0,105800.0
12860,2026-04-22,Мария,Астана,Веб-камера 4K,1,42200.0,42200.0
12861,2026-04-22,Данияр,Алматы,Наушники ANC,5,66700.0,333300.0
12862,2026-04-22,Айгерим,Астана,Веб-камера 4K,1,39800.0,39800.0
12863,2026-04-22,Мария,Алматы,Веб-камера 4K,1,38900.0,38900.0
12864,2026-04-23,Мария,Алматы,"Монитор 27""",1,125700.0,125700.0
12865,2026-04-23,Мария,Алматы,Док-станция USB-C,2,56800.0,113600.0
12866,2026-04-23,Светлана,Шымкент,Док-станция USB-C,5,52300.0,261300.0
12867,2026-04-23,Айгерим,Караганда,Мышь беспроводная,1,13600.0,13600.0
12868,2026-04-23,Мария,Астана,Док-станция USB-C,1,57900.0,57900.0
12869,2026-04-23,Данияр,Караганда,Веб-камера 4K,2,38900.0,77700.0
12870,2026-04-23,Светлана,Алматы,Ноутбук Pro 14,1,436700.0,436700.0
12871,2026-04-23,Мария,Караганда,Клавиатура механ.,2,30200.0,60300.0
12872,2026-04-23,Айгерим,Астана,"Монитор 27""",5,140400.0,702200.0
12873,2026-04-23,Айгерим,Алматы,Мышь беспроводная,1,15000.0,15000.0
12874,2026-04-23,Айгерим,Алматы,Мышь беспроводная,1,13700.0,13700.0
12875,2026-04-23,Данияр,Шымкент,Мышь беспроводная,5,14800.0,74100.0
12876,2026-04-23,Данияр,Астана,Ноутбук Pro 14,1,428700.0,428700.0
12877,2026-04-23,Мария,Шымкент,Мышь беспроводная,1,13700.0,13700.0
12878,2026-04-23,Мария,Шымкент,Мышь беспроводная,3,14000.0,42000.0
12879,2026-04-23,Данияр,Алматы,"Монитор 27""",1,125500.0,125500.0
12880,2026-04-23,Мария,Астана,Мышь беспроводная,1,13500.0,13500.0
12881,2026-04-23,Данияр,Караганда,Ноутбук Pro 14,3,421900.0,1265800.0
12882,2026-04-23,Айгерим,Астана,Док-станция USB-C,3,55400.0,166100.0
12883,2026-04-23,Ерлан,Караганда,Наушники ANC,2,68600.0,137200.0
12884,2026-04-23,Светлана,Караганда,Док-станция USB-C,5,56100.0,280500.0
12885,2026-04-23,Айгерим,Алматы,Док-станция USB-C,1,56200.0,56200.0
12886,2026-04-23,Айгерим,Алматы,Клавиатура механ.,1,31400.0,31400.0
12887,2026-04-23,Светлана,Караганда,Веб-камера 4K,1,41200.0,41200.0
12888,2026-04-23,Светлана,Алматы,Наушники ANC,2,64900.0,129700.0
12889,2026-04-24,Данияр,Шымкент,Веб-камера 4K,1,40600.0,40600.0
12890,2026-04-24,Айгерим,Астана,Клавиатура механ.,2,31200.0,62500.0
12891,2026-04-24,Мария,Шымкент,Веб-камера 4K,1,41300.0,41300.0
12892,2026-04-24,Ерлан,Астана,Док-станция USB-C,2,53500.0,107100.0
12893,2026-04-24,Светлана,Алматы,Клавиатура механ.,2,31600.0,63300.0
12894,2026-04-24,Айгерим,Шымкент,Док-станция USB-C,1,57300.0,57300.0
12895,2026-04-24,Айгерим,Шымкент,Веб-камера 4K,1,38400.0,38400.0
12896,2026-04-24,Айгерим,Алматы,Наушники ANC,3,65100.0,195300.0
12897,2026-04-24,Айгерим,Алматы,Веб-камера 4K,1,41600.0,41600.0
12898,2026-04-24,Ерлан,Астана,Веб-камера 4K,1,40900.0,40900.0
12899,2026-04-24,Мария,Шымкент,"Монитор 27""",2,141200.0,282300.0
12900,2026-04-24,Ерлан,Астана,Док-станция USB-C,2,52100.0,104300.0
12901,2026-04-24,Данияр,Шымкент,Док-станция USB-C,2,52800.0,105700.0
12902,2026-04-24,Данияр,Астана,Веб-камера 4K,1,37700.0,37700.0
12903,2026-04-24,Светлана,Астана,Док-станция USB-C,3,56200.0,168600.0
12904,2026-04-24,Айгерим,Астана,Клавиатура механ.,1,30400.0,30400.0
12905,2026-04-24,Светлана,Астана,Клавиатура механ.,1,30400.0,30400.0
12906,2026-04-24,Мария,Шымкент,Клавиатура механ.,1,32400.0,32400.0
12907,2026-04-24,Айгерим,Алматы,"Монитор 27""",2,124300.0,248600.0
12908,2026-04-24,Ерлан,Астана,"Монитор 27""",2,133100.0,266300.0
12909,2026-04-24,Айгерим,Алматы,"Монитор 27""",1,126000.0,126000.0
12910,2026-04-24,Айгерим,Астана,Док-станция USB-C,2,58400.0,116700.0
12911,2026-04-24,Айгерим,Астана,Ноутбук Pro 14,1,425400.0,425400.0
12912,2026-04-25,Мария,Алматы,Мышь беспроводная,2,14000.0,28100.0
12913,2026-04-25,Мария,Шымкент,Мышь беспроводная,5,13900.0,69400.0
12914,2026-04-25,Мария,Алматы,Клавиатура механ.,2,30800.0,61600.0
12915,2026-04-25,Ерлан,Шымкент,Мышь беспроводная,2,14200.0,28300.0
12916,2026-04-25,Данияр,Астана,"Монитор 27""",1,125600.0,125600.0
12917,2026-04-25,Мария,Караганда,Ноутбук Pro 14,1,420700.0,420700.0
12918,2026-04-25,Данияр,Астана,Док-станция USB-C,1,52100.0,52100.0
12919,2026-04-25,Данияр,Астана,Мышь беспроводная,1,13800.0,13800.0
12920,2026-04-26,Данияр,Караганда,Мышь беспроводная,1,14100.0,14100.0
12921,2026-04-26,Светлана,Астана,Док-станция USB-C,2,56500.0,112900.0
12922,2026-04-26,Данияр,Алматы,Ноутбук Pro 14,1,419600.0,419600.0
12923,2026-04-26,Данияр,Алматы,"Монитор 27""",5,129100.0,645400.0
12924,2026-04-26,Ерлан,Астана,"Монитор 27""",1,134800.0,134800.0
12925,2026-04-26,Мария,Астана,Ноутбук Pro 14,1,389700.0,389700.0
12926,2026-04-26,Светлана,Шымкент,Веб-камера 4K,3,41100.0,123400.0
12927,2026-04-26,Ерлан,Караганда,Веб-камера 4K,1,41100.0,41100.0
12928,2026-04-26,Данияр,Астана,Док-станция USB-C,1,56200.0,56200.0
12929,2026-04-26,Айгерим,Алматы,Док-станция USB-C,5,58200.0,291100.0
12930,2026-04-26,Светлана,Алматы,Док-станция USB-C,3,56100.0,168300.0
12931,2026-04-26,Айгерим,Алматы,"Монитор 27""",3,136200.0,408600.0
12932,2026-04-26,Ерлан,Астана,Веб-камера 4K,2,38600.0,77100.0
12933,2026-04-26,Светлана,Астана,Веб-камера 4K,2,39200.0,78400.0
12934,2026-04-26,Мария,Караганда,Веб-камера 4K,3,41800.0,125500.0
12935,2026-04-26,Данияр,Алматы,Веб-камера 4K,2,40500.0,81000.0
12936,2026-04-26,Ерлан,Караганда,Ноутбук Pro 14,3,404700.0,1214000.0
12937,2026-04-26,Мария,Алматы,Веб-камера 4K,2,38200.0,76500.0
12938,2026-04-27,Мария,Алматы,Ноутбук Pro 14,2,417500.0,835000.0
12939,2026-04-27,Светлана,Алматы,Наушники ANC,1,66200.0,66200.0
12940,2026-04-27,Данияр,Алматы,Наушники ANC,1,64300.0,64300.0
12941,2026-04-27,Мария,Алматы,Наушники ANC,3,63500.0,190400.0
12942,2026-04-27,Ерлан,Караганда,Ноутбук Pro 14,2,397300.0,794600.0
12943,2026-04-27,Данияр,Астана,Клавиатура механ.,1,33400.0,33400.0
12944,2026-04-27,Данияр,Алматы,Ноутбук Pro 14,2,397300.0,794600.0
12945,2026-04-27,Светлана,Алматы,Наушники ANC,2,66200.0,132500.0
12946,2026-04-27,Мария,Алматы,Мышь беспроводная,5,13600.0,68000.0
12947,2026-04-27,Мария,Алматы,Ноутбук Pro 14,1,391500.0,391500.0
12948,2026-04-27,Данияр,Алматы,Мышь беспроводная,2,15200.0,30400.0
12949,2026-04-27,Данияр,Астана,Док-станция USB-C,1,52400.0,52400.0
12950,2026-04-27,Мария,Алматы,Ноутбук Pro 14,1,394400.0,394400.0
12951,2026-04-27,Данияр,Астана,Док-станция USB-C,2,58300.0,116600.0
12952,2026-04-27,Ерлан,Шымкент,Ноутбук Pro 14,3,424200.0,1272500.0
12953,2026-04-27,Ерлан,Астана,Док-станция USB-C,2,55400.0,110800.0
12954,2026-04-27,Ерлан,Алматы,Мышь беспроводная,2,14100.0,28100.0
12955,2026-04-27,Данияр,Астана,Клавиатура механ.,1,30900.0,30900.0
12956,2026-04-27,Мария,Алматы,Мышь беспроводная,1,14600.0,14600.0
12957,2026-04-27,Ерлан,Алматы,Веб-камера 4K,1,40500.0,40500.0
12958,2026-04-27,Айгерим,Алматы,Наушники ANC,1,65200.0,65200.0
12959,2026-04-27,Айгерим,Шымкент,Веб-камера 4K,5,38200.0,191200.0
12960,2026-04-27,Мария,Караганда,Ноутбук Pro 14,2,410200.0,820400.0
12961,2026-04-27,Светлана,Шымкент,Наушники ANC,1,64700.0,64700.0
12962,2026-04-27,Светлана,Алматы,Док-станция USB-C,5,53800.0,269000.0
12963,2026-04-27,Айгерим,Алматы,Веб-камера 4K,3,42400.0,127300.0
12964,2026-04-27,Айгерим,Шымкент,Наушники ANC,2,70000.0,140000.0
12965,2026-04-27,Данияр,Караганда,Док-станция USB-C,1,54500.0,54500.0
12966,2026-04-28,Ерлан,Алматы,Мышь беспроводная,1,15100.0,15100.0
12967,2026-04-28,Данияр,Шымкент,Док-станция USB-C,1,54300.0,54300.0
12968,2026-04-28,Ерлан,Астана,Мышь беспроводная,2,14100.0,28300.0
12969,2026-04-28,Данияр,Астана,Мышь беспроводная,1,13500.0,13500.0
12970,2026-04-28,Данияр,Астана,Клавиатура механ.,1,31700.0,31700.0
12971,2026-04-28,Айгерим,Алматы,"Монитор 27""",1,132400.0,132400.0
12972,2026-04-28,Ерлан,Алматы,Клавиатура механ.,1,31400.0,31400.0
12973,2026-04-28,Мария,Астана,Клавиатура механ.,3,31900.0,95600.0
12974,2026-04-28,Ерлан,Шымкент,Наушники ANC,1,68800.0,68800.0
12975,2026-04-28,Айгерим,Астана,Ноутбук Pro 14,1,422100.0,422100.0
12976,2026-04-28,Мария,Шымкент,Док-станция USB-C,1,52900.0,52900.0
12977,2026-04-28,Мария,Караганда,Ноутбук Pro 14,1,416900.0,416900.0
12978,2026-04-28,Айгерим,Астана,"Монитор 27""",2,126000.0,252000.0
12979,2026-04-28,Светлана,Караганда,Ноутбук Pro 14,1,437100.0,437100.0
12980,2026-04-28,Мария,Алматы,Веб-камера 4K,1,41500.0,41500.0
12981,2026-04-28,Данияр,Караганда,Док-станция USB-C,1,53000.0,53000.0
12982,2026-04-28,Мария,Алматы,Веб-камера 4K,3,39300.0,117900.0
12983,2026-04-29,Ерлан,Шымкент,Наушники ANC,2,68400.0,136700.0
12984,2026-04-29,Айгерим,Алматы,Док-станция USB-C,1,56900.0,56900.0
12985,2026-04-29,Айгерим,Алматы,Веб-камера 4K,2,38000.0,76000.0
12986,2026-04-29,Данияр,Астана,Наушники ANC,1,70800.0,70800.0
12987,2026-04-29,Данияр,Караганда,"Монитор 27""",5,134100.0,670700.0
12988,2026-04-29,Мария,Алматы,Веб-камера 4K,1,38700.0,38700.0
12989,2026-04-29,Мария,Астана,Мышь беспроводная,3,13400.0,40300.0
12990,2026-04-29,Айгерим,Караганда,"Монитор 27""",5,126800.0,633800.0
12991,2026-04-29,Айгерим,Шымкент,"Монитор 27""",2,124900.0,249700.0
12992,2026-04-29,Светлана,Алматы,"Монитор 27""",2,134100.0,268200.0
12993,2026-04-29,Светлана,Алматы,"Монитор 27""",1,135000.0,135000.0
12994,2026-04-29,Айгерим,Караганда,Веб-камера 4K,2,38500.0,77100.0
12995,2026-04-29,Ерлан,Алматы,"Монитор 27""",1,124600.0,124600.0
12996,2026-04-29,Айгерим,Астана,Клавиатура механ.,1,32800.0,32800.0
12997,2026-04-29,Ерлан,Алматы,Веб-камера 4K,1,38300.0,38300.0
12998,2026-04-29,Ерлан,Алматы,Мышь беспроводная,5,15100.0,75400.0
12999,2026-04-29,Данияр,Астана,Клавиатура механ.,1,33200.0,33200.0
13000,2026-04-29,Айгерим,Астана,Мышь беспроводная,3,13900.0,41600.0
13001,2026-04-29,Мария,Шымкент,Веб-камера 4K,2,39200.0,78300.0
13002,2026-04-29,Ерлан,Шымкент,Клавиатура механ.,1,30400.0,30400.0
13003,2026-04-30,Ерлан,Алматы,Ноутбук Pro 14,5,428200.0,2140900.0
13004,2026-04-30,Данияр,Алматы,Мышь беспроводная,1,14300.0,14300.0
13005,2026-04-30,Светлана,Астана,Док-станция USB-C,5,52600.0,263200.0
13006,2026-04-30,Мария,Астана,Наушники ANC,3,65100.0,195200.0
13007,2026-04-30,Айгерим,Караганда,Ноутбук Pro 14,5,396200.0,1980900.0
13008,2026-04-30,Айгерим,Алматы,Мышь беспроводная,1,14500.0,14500.0
13009,2026-04-30,Мария,Астана,Наушники ANC,2,67400.0,134900.0
13010,2026-04-30,Данияр,Алматы,Наушники ANC,3,71300.0,214000.0
13011,2026-04-30,Данияр,Астана,Клавиатура механ.,1,32600.0,32600.0
13012,2026-04-30,Ерлан,Астана,Ноутбук Pro 14,2,419600.0,839200.0
13013,2026-04-30,Мария,Алматы,Наушники ANC,2,64900.0,129800.0
13014,2026-04-30,Айгерим,Алматы,Мышь беспроводная,3,14100.0,42200.0
13015,2026-04-30,Данияр,Алматы,Веб-камера 4K,2,42600.0,85200.0
13016,2026-04-30,Ерлан,Алматы,Клавиатура механ.,1,33500.0,33500.0
13017,2026-04-30,Ерлан,Астана,Док-станция USB-C,2,57300.0,114600.0
13018,2026-04-30,Айгерим,Алматы,Наушники ANC,3,67700.0,203200.0
13019,2026-04-30,Данияр,Шымкент,Наушники ANC,1,63100.0,63100.0
13020,2026-04-30,Айгерим,Астана,Наушники ANC,3,62900.0,188600.0
13021,2026-04-30,Ерлан,Алматы,Веб-камера 4K,2,38500.0,77000.0
13022,2026-04-30,Мария,Алматы,Ноутбук Pro 14,1,427300.0,427300.0
13023,2026-04-30,Айгерим,Астана,Клавиатура механ.,2,33200.0,66500.0
13024,2026-04-30,Данияр,Алматы,Веб-камера 4K,1,40200.0,40200.0
13025,2026-04-30,Данияр,Шымкент,"Монитор 27""",1,138300.0,138300.0
13026,2026-04-30,Мария,Алматы,"Монитор 27""",1,138900.0,138900.0
13027,2026-04-30,Мария,Алматы,Ноутбук Pro 14,2,429400.0,858700.0
13028,2026-04-30,Данияр,Шымкент,Веб-камера 4K,2,40800.0,81700.0
13029,2026-04-30,Мария,Караганда,Наушники ANC,1,66600.0,66600.0
13030,2026-04-30,Айгерим,Астана,Клавиатура механ.,1,30400.0,30400.0
13031,2026-04-30,Айгерим,Шымкент,Мышь беспроводная,2,14100.0,28100.0
13032,2026-04-30,Айгерим,Алматы,Веб-камера 4K,2,41000.0,81900.0
13033,2026-04-30,Мария,Алматы,Наушники ANC,1,65800.0,65800.0
13034,2026-04-30,Данияр,Алматы,Док-станция USB-C,1,51600.0,51600.0
13035,2026-04-30,Ерлан,Караганда,Док-станция USB-C,1,51600.0,51600.0
13036,2026-04-30,Светлана,Караганда,Веб-камера 4K,2,38200.0,76500.0
13037,2026-04-30,Ерлан,Караганда,Мышь беспроводная,2,13500.0,27100.0
13038,2026-05-01,Айгерим,Алматы,Ноутбук Pro 14,2,439800.0,879600.0
13039,2026-05-01,Данияр,Алматы,Клавиатура механ.,3,30000.0,90100.0
13040,2026-05-01,Мария,Алматы,Мышь беспроводная,1,13400.0,13400.0
13041,2026-05-01,Светлана,Астана,Ноутбук Pro 14,2,403000.0,806100.0
13042,2026-05-01,Айгерим,Шымкент,Мышь беспроводная,5,14000.0,70000.0
13043,2026-05-01,Мария,Астана,Веб-камера 4K,3,38000.0,114100.0
13044,2026-05-01,Айгерим,Алматы,Док-станция USB-C,1,55500.0,55500.0
13045,2026-05-01,Ерлан,Астана,Наушники ANC,5,66900.0,334500.0
13046,2026-05-01,Данияр,Алматы,Док-станция USB-C,5,54700.0,273500.0
13047,2026-05-01,Ерлан,Алматы,Веб-камера 4K,2,40300.0,80600.0
13048,2026-05-01,Ерлан,Алматы,Ноутбук Pro 14,1,433500.0,433500.0
13049,2026-05-01,Ерлан,Алматы,Мышь беспроводная,2,14300.0,28500.0
13050,2026-05-01,Айгерим,Шымкент,Мышь беспроводная,2,13400.0,26900.0
13051,2026-05-01,Айгерим,Алматы,"Монитор 27""",1,124800.0,124800.0
13052,2026-05-01,Ерлан,Шымкент,Ноутбук Pro 14,3,406200.0,1218700.0
13053,2026-05-01,Айгерим,Алматы,Мышь беспроводная,1,14800.0,14800.0
13054,2026-05-01,Айгерим,Алматы,Клавиатура механ.,1,29700.0,29700.0
13055,2026-05-01,Светлана,Астана,Мышь беспроводная,3,14400.0,43100.0
13056,2026-05-01,Мария,Алматы,Док-станция USB-C,2,52900.0,105700.0
13057,2026-05-01,Айгерим,Астана,Веб-камера 4K,5,42700.0,213500.0
13058,2026-05-01,Айгерим,Астана,Док-станция USB-C,2,55600.0,111200.0
13059,2026-05-01,Мария,Алматы,Мышь беспроводная,3,14000.0,42000.0
13060,2026-05-01,Айгерим,Алматы,Наушники ANC,5,63500.0,317600.0
13061,2026-05-01,Айгерим,Алматы,Наушники ANC,3,68800.0,206300.0
13062,2026-05-01,Айгерим,Караганда,Наушники ANC,3,66100.0,198400.0
13063,2026-05-01,Айгерим,Астана,"Монитор 27""",1,133200.0,133200.0
13064,2026-05-01,Мария,Караганда,Клавиатура механ.,3,31100.0,93300.0
13065,2026-05-01,Данияр,Шымкент,Клавиатура механ.,3,31200.0,93500.0
13066,2026-05-02,Айгерим,Алматы,Наушники ANC,1,69900.0,69900.0
13067,2026-05-02,Данияр,Астана,Ноутбук Pro 14,2,396500.0,792900.0
13068,2026-05-03,Айгерим,Астана,Ноутбук Pro 14,2,393500.0,786900.0
13069,2026-05-03,Светлана,Астана,Док-станция USB-C,1,53200.0,53200.0
13070,2026-05-03,Айгерим,Астана,"Монитор 27""",5,127100.0,635400.0
13071,2026-05-03,Айгерим,Алматы,Ноутбук Pro 14,1,396500.0,396500.0
13072,2026-05-03,Светлана,Алматы,Веб-камера 4K,3,39200.0,117700.0
13073,2026-05-03,Мария,Шымкент,Ноутбук Pro 14,1,406900.0,406900.0
13074,2026-05-03,Данияр,Шымкент,Мышь беспроводная,3,13400.0,40100.0
13075,2026-05-03,Данияр,Алматы,"Монитор 27""",1,133600.0,133600.0
13076,2026-05-04,Светлана,Астана,Мышь беспроводная,5,14400.0,71800.0
13077,2026-05-04,Данияр,Шымкент,Веб-камера 4K,1,40400.0,40400.0
13078,2026-05-04,Мария,Астана,"Монитор 27""",1,140600.0,140600.0
13079,2026-05-04,Мария,Астана,Наушники ANC,2,67500.0,134900.0
13080,2026-05-04,Данияр,Астана,"Монитор 27""",1,134400.0,134400.0
13081,2026-05-04,Ерлан,Астана,Док-станция USB-C,2,52800.0,105700.0
13082,2026-05-04,Мария,Астана,Веб-камера 4K,2,41300.0,82600.0
13083,2026-05-04,Мария,Алматы,Док-станция USB-C,1,52300.0,52300.0
13084,2026-05-04,Данияр,Караганда,Клавиатура механ.,1,30000.0,30000.0
13085,2026-05-04,Светлана,Караганда,Ноутбук Pro 14,1,402700.0,402700.0
13086,2026-05-04,Айгерим,Шымкент,Ноутбук Pro 14,1,434500.0,434500.0
13087,2026-05-04,Айгерим,Астана,Мышь беспроводная,1,14100.0,14100.0
13088,2026-05-04,Ерлан,Алматы,Ноутбук Pro 14,1,411800.0,411800.0
13089,2026-05-04,Айгерим,Алматы,Наушники ANC,5,65800.0,328800.0
13090,2026-05-04,Мария,Астана,Мышь беспроводная,1,13700.0,13700.0
13091,2026-05-04,Ерлан,Алматы,Веб-камера 4K,2,40000.0,80000.0
13092,2026-05-04,Айгерим,Астана,Наушники ANC,2,70500.0,140900.0
13093,2026-05-04,Светлана,Алматы,Док-станция USB-C,5,55400.0,276900.0
13094,2026-05-04,Айгерим,Караганда,Клавиатура механ.,2,30700.0,61500.0
13095,2026-05-04,Мария,Караганда,Клавиатура механ.,1,33500.0,33500.0
13096,2026-05-04,Светлана,Шымкент,"Монитор 27""",5,134200.0,670800.0
13097,2026-05-04,Айгерим,Алматы,Наушники ANC,2,68300.0,136700.0
13098,2026-05-05,Мария,Астана,Клавиатура механ.,1,31600.0,31600.0
13099,2026-05-05,Светлана,Астана,Мышь беспроводная,5,15200.0,75800.0
13100,2026-05-05,Айгерим,Алматы,Наушники ANC,1,70900.0,70900.0
13101,2026-05-05,Ерлан,Алматы,Мышь беспроводная,1,14400.0,14400.0
13102,2026-05-05,Данияр,Алматы,Наушники ANC,3,64100.0,192300.0
13103,2026-05-05,Айгерим,Алматы,Док-станция USB-C,1,57100.0,57100.0
13104,2026-05-05,Светлана,Астана,Док-станция USB-C,1,57200.0,57200.0
13105,2026-05-05,Данияр,Алматы,Ноутбук Pro 14,2,436000.0,872000.0
13106,2026-05-05,Данияр,Астана,Веб-камера 4K,2,39100.0,78200.0
13107,2026-05-05,Данияр,Алматы,Клавиатура механ.,1,31500.0,31500.0
13108,2026-05-05,Айгерим,Алматы,Док-станция USB-C,5,56600.0,283100.0
13109,2026-05-05,Айгерим,Алматы,Клавиатура механ.,1,29700.0,29700.0
13110,2026-05-05,Ерлан,Астана,Док-станция USB-C,3,57500.0,172600.0
13111,2026-05-05,Светлана,Астана,Док-станция USB-C,3,56900.0,170700.0
13112,2026-05-05,Мария,Алматы,Веб-камера 4K,3,42000.0,126000.0
13113,2026-05-05,Айгерим,Алматы,"Монитор 27""",1,131600.0,131600.0
13114,2026-05-05,Светлана,Алматы,Веб-камера 4K,1,39300.0,39300.0
13115,2026-05-05,Данияр,Астана,Веб-камера 4K,1,39900.0,39900.0
13116,2026-05-05,Мария,Алматы,Наушники ANC,2,62800.0,125600.0
13117,2026-05-05,Светлана,Алматы,Веб-камера 4K,2,42700.0,85400.0
13118,2026-05-06,Данияр,Алматы,Мышь беспроводная,5,13800.0,69100.0
13119,2026-05-06,Данияр,Алматы,Наушники ANC,1,68400.0,68400.0
13120,2026-05-06,Светлана,Шымкент,Док-станция USB-C,3,55100.0,165400.0
13121,2026-05-06,Айгерим,Алматы,"Монитор 27""",5,137800.0,688900.0
13122,2026-05-06,Данияр,Астана,Наушники ANC,5,63800.0,318900.0
13123,2026-05-06,Данияр,Алматы,Док-станция USB-C,1,53200.0,53200.0
13124,2026-05-06,Мария,Алматы,Ноутбук Pro 14,2,390500.0,781000.0
13125,2026-05-06,Айгерим,Шымкент,Клавиатура механ.,2,29900.0,59800.0
13126,2026-05-06,Данияр,Алматы,Клавиатура механ.,1,32500.0,32500.0
13127,2026-05-06,Данияр,Алматы,Док-станция USB-C,1,57900.0,57900.0
13128,2026-05-06,Ерлан,Караганда,"Монитор 27""",2,131000.0,261900.0
13129,2026-05-06,Данияр,Караганда,"Монитор 27""",2,132100.0,264300.0
13130,2026-05-06,Светлана,Караганда,"Монитор 27""",2,127300.0,254600.0
13131,2026-05-06,Ерлан,Шымкент,Веб-камера 4K,2,39600.0,79200.0
13132,2026-05-06,Данияр,Алматы,"Монитор 27""",2,130000.0,260000.0
13133,2026-05-06,Айгерим,Алматы,Наушники ANC,1,69400.0,69400.0
13134,2026-05-06,Данияр,Караганда,Ноутбук Pro 14,3,408500.0,1225400.0
13135,2026-05-06,Айгерим,Алматы,Док-станция USB-C,1,58000.0,58000.0
13136,2026-05-06,Мария,Алматы,Мышь беспроводная,2,14000.0,28100.0
13137,2026-05-06,Ерлан,Астана,Веб-камера 4K,2,38400.0,76900.0
13138,2026-05-06,Мария,Астана,Ноутбук Pro 14,2,389400.0,778800.0
13139,2026-05-06,Айгерим,Алматы,Наушники ANC,1,68500.0,68500.0
13140,2026-05-06,Айгерим,Астана,Ноутбук Pro 14,3,394400.0,1183300.0
13141,2026-05-06,Айгерим,Алматы,Веб-камера 4K,3,38000.0,114000.0
13142,2026-05-06,Мария,Шымкент,Клавиатура механ.,2,31300.0,62700.0
13143,2026-05-06,Айгерим,Алматы,"Монитор 27""",5,130300.0,651700.0
13144,2026-05-06,Светлана,Алматы,Док-станция USB-C,1,54400.0,54400.0
13145,2026-05-07,Ерлан,Шымкент,Ноутбук Pro 14,5,396700.0,1983400.0
13146,2026-05-07,Данияр,Алматы,Док-станция USB-C,1,56000.0,56000.0
13147,2026-05-07,Ерлан,Шымкент,Мышь беспроводная,1,13500.0,13500.0
13148,2026-05-07,Айгерим,Алматы,Наушники ANC,1,67600.0,67600.0
13149,2026-05-07,Ерлан,Алматы,"Монитор 27""",2,126600.0,253100.0
13150,2026-05-07,Данияр,Шымкент,"Монитор 27""",3,130700.0,392000.0
13151,2026-05-07,Светлана,Алматы,Клавиатура механ.,2,30300.0,60600.0
13152,2026-05-07,Мария,Астана,Наушники ANC,1,66200.0,66200.0
13153,2026-05-07,Айгерим,Алматы,Док-станция USB-C,3,55500.0,166400.0
13154,2026-05-07,Айгерим,Астана,Веб-камера 4K,1,41600.0,41600.0
13155,2026-05-07,Айгерим,Алматы,Док-станция USB-C,2,57200.0,114500.0
13156,2026-05-07,Данияр,Астана,Док-станция USB-C,5,55700.0,278400.0
13157,2026-05-07,Светлана,Алматы,Ноутбук Pro 14,5,400800.0,2003800.0
13158,2026-05-07,Данияр,Алматы,Веб-камера 4K,5,38600.0,193000.0
13159,2026-05-07,Данияр,Алматы,Наушники ANC,3,71300.0,213800.0
13160,2026-05-07,Ерлан,Алматы,"Монитор 27""",1,126900.0,126900.0
13161,2026-05-07,Айгерим,Астана,Клавиатура механ.,5,33300.0,166500.0
13162,2026-05-07,Ерлан,Алматы,"Монитор 27""",5,139200.0,695800.0
13163,2026-05-08,Ерлан,Алматы,Мышь беспроводная,1,14600.0,14600.0
13164,2026-05-08,Светлана,Алматы,Ноутбук Pro 14,1,407500.0,407500.0
13165,2026-05-08,Ерлан,Астана,Ноутбук Pro 14,1,438800.0,438800.0
13166,2026-05-08,Светлана,Шымкент,Док-станция USB-C,3,54500.0,163500.0
13167,2026-05-08,Данияр,Астана,Мышь беспроводная,1,14000.0,14000.0
13168,2026-05-08,Светлана,Астана,"Монитор 27""",2,133400.0,266700.0
13169,2026-05-08,Мария,Алматы,"Монитор 27""",3,135700.0,407200.0
13170,2026-05-08,Айгерим,Шымкент,Наушники ANC,2,68200.0,136500.0
13171,2026-05-08,Ерлан,Алматы,Веб-камера 4K,2,39400.0,78900.0
13172,2026-05-08,Айгерим,Алматы,Мышь беспроводная,2,14500.0,29000.0
13173,2026-05-08,Мария,Алматы,"Монитор 27""",1,127700.0,127700.0
13174,2026-05-08,Данияр,Караганда,Наушники ANC,5,66100.0,330300.0
13175,2026-05-08,Ерлан,Шымкент,"Монитор 27""",2,135000.0,270000.0
13176,2026-05-08,Светлана,Алматы,"Монитор 27""",1,125600.0,125600.0
13177,2026-05-08,Мария,Шымкент,Док-станция USB-C,2,56000.0,111900.0
13178,2026-05-09,Данияр,Алматы,Наушники ANC,1,70500.0,70500.0
13179,2026-05-09,Айгерим,Шымкент,"Монитор 27""",3,140700.0,422200.0
13180,2026-05-09,Данияр,Шымкент,Мышь беспроводная,1,13400.0,13400.0
13181,2026-05-09,Ерлан,Алматы,Мышь беспроводная,1,13600.0,13600.0
13182,2026-05-09,Ерлан,Астана,Мышь беспроводная,1,13800.0,13800.0
13183,2026-05-09,Данияр,Шымкент,Веб-камера 4K,3,38200.0,114700.0
13184,2026-05-09,Данияр,Алматы,Мышь беспроводная,1,13700.0,13700.0
13185,2026-05-09,Мария,Астана,Наушники ANC,1,71000.0,71000.0
13186,2026-05-09,Мария,Караганда,Клавиатура механ.,1,32000.0,32000.0
13187,2026-05-09,Данияр,Астана,"Монитор 27""",1,137900.0,137900.0
13188,2026-05-09,Ерлан,Шымкент,Мышь беспроводная,5,14500.0,72600.0
13189,2026-05-09,Айгерим,Астана,Клавиатура механ.,5,30300.0,151500.0
13190,2026-05-09,Данияр,Астана,Док-станция USB-C,5,55100.0,275400.0
13191,2026-05-10,Ерлан,Алматы,"Монитор 27""",1,124700.0,124700.0
13192,2026-05-10,Данияр,Алматы,Док-станция USB-C,1,55200.0,55200.0
13193,2026-05-10,Ерлан,Алматы,Ноутбук Pro 14,1,386600.0,386600.0
13194,2026-05-10,Данияр,Алматы,Мышь беспроводная,1,13700.0,13700.0
13195,2026-05-10,Айгерим,Шымкент,Наушники ANC,1,64700.0,64700.0
13196,2026-05-11,Ерлан,Алматы,Наушники ANC,2,63600.0,127300.0
13197,2026-05-11,Айгерим,Алматы,Мышь беспроводная,2,15100.0,30200.0
13198,2026-05-11,Данияр,Астана,Веб-камера 4K,2,42900.0,85900.0
13199,2026-05-11,Данияр,Астана,"Монитор 27""",1,135500.0,135500.0
13200,2026-05-11,Айгерим,Астана,"Монитор 27""",1,133400.0,133400.0
13201,2026-05-11,Светлана,Астана,Наушники ANC,3,70100.0,210200.0
13202,2026-05-11,Светлана,Астана,Веб-камера 4K,2,37800.0,75600.0
13203,2026-05-11,Ерлан,Шымкент,Клавиатура механ.,1,31200.0,31200.0
13204,2026-05-11,Данияр,Караганда,Ноутбук Pro 14,3,414300.0,1242800.0
13205,2026-05-11,Мария,Астана,Ноутбук Pro 14,2,416100.0,832200.0
13206,2026-05-11,Светлана,Шымкент,Док-станция USB-C,2,55500.0,111100.0
13207,2026-05-11,Мария,Астана,Наушники ANC,2,64000.0,128100.0
13208,2026-05-11,Айгерим,Алматы,Мышь беспроводная,2,15000.0,30000.0
13209,2026-05-11,Данияр,Алматы,"Монитор 27""",5,140700.0,703400.0
13210,2026-05-11,Мария,Алматы,Ноутбук Pro 14,1,411300.0,411300.0
13211,2026-05-11,Мария,Астана,Клавиатура механ.,1,32200.0,32200.0
13212,2026-05-11,Данияр,Караганда,Ноутбук Pro 14,1,404800.0,404800.0
13213,2026-05-11,Мария,Шымкент,Док-станция USB-C,1,55900.0,55900.0
13214,2026-05-11,Ерлан,Алматы,Веб-камера 4K,1,40000.0,40000.0
13215,2026-05-11,Светлана,Астана,Клавиатура механ.,2,31100.0,62200.0
13216,2026-05-11,Ерлан,Астана,Мышь беспроводная,1,14900.0,14900.0
13217,2026-05-12,Светлана,Алматы,Клавиатура механ.,2,31300.0,62500.0
13218,2026-05-12,Мария,Алматы,"Монитор 27""",2,128600.0,257100.0
13219,2026-05-12,Мария,Алматы,Веб-камера 4K,1,38600.0,38600.0
13220,2026-05-12,Мария,Астана,Веб-камера 4K,3,38300.0,115000.0
13221,2026-05-12,Данияр,Астана,Клавиатура механ.,1,29600.0,29600.0
13222,2026-05-12,Ерлан,Астана,Клавиатура механ.,5,29800.0,149100.0
13223,2026-05-12,Светлана,Астана,Клавиатура механ.,2,31600.0,63200.0
13224,2026-05-12,Ерлан,Караганда,Мышь беспроводная,3,13800.0,41500.0
13225,2026-05-12,Ерлан,Алматы,Ноутбук Pro 14,5,403000.0,2015000.0
13226,2026-05-12,Мария,Алматы,Веб-камера 4K,2,39500.0,79100.0
13227,2026-05-12,Айгерим,Алматы,Ноутбук Pro 14,1,399000.0,399000.0
13228,2026-05-12,Ерлан,Шымкент,Веб-камера 4K,3,41700.0,125000.0
13229,2026-05-12,Мария,Алматы,Веб-камера 4K,1,40400.0,40400.0
13230,2026-05-12,Мария,Астана,Док-станция USB-C,2,56800.0,113500.0
13231,2026-05-12,Айгерим,Шымкент,Клавиатура механ.,1,32600.0,32600.0
13232,2026-05-12,Мария,Алматы,Клавиатура механ.,1,31500.0,31500.0
13233,2026-05-12,Мария,Караганда,Веб-камера 4K,1,38700.0,38700.0
13234,2026-05-12,Светлана,Астана,Док-станция USB-C,1,55200.0,55200.0
13235,2026-05-12,Данияр,Алматы,"Монитор 27""",3,132000.0,396100.0
13236,2026-05-12,Ерлан,Алматы,Наушники ANC,1,68000.0,68000.0
13237,2026-05-13,Светлана,Астана,Клавиатура механ.,1,33200.0,33200.0
13238,2026-05-13,Данияр,Шымкент,Ноутбук Pro 14,1,395800.0,395800.0
13239,2026-05-13,Айгерим,Астана,Ноутбук Pro 14,1,424300.0,424300.0
13240,2026-05-13,Мария,Караганда,Наушники ANC,1,67000.0,67000.0
13241,2026-05-13,Айгерим,Караганда,Мышь беспроводная,5,14700.0,73300.0
13242,2026-05-13,Мария,Алматы,Мышь беспроводная,5,15000.0,75100.0
13243,2026-05-13,Данияр,Алматы,Клавиатура механ.,3,31100.0,93200.0
13244,2026-05-13,Ерлан,Астана,Мышь беспроводная,2,14000.0,27900.0
13245,2026-05-13,Светлана,Алматы,Мышь беспроводная,2,13400.0,26900.0
13246,2026-05-13,Данияр,Астана,Мышь беспроводная,2,14200.0,28400.0
13247,2026-05-13,Айгерим,Караганда,Клавиатура механ.,1,33100.0,33100.0
13248,2026-05-13,Мария,Алматы,Мышь беспроводная,2,13500.0,26900.0
13249,2026-05-13,Мария,Алматы,Ноутбук Pro 14,5,427600.0,2138200.0
13250,2026-05-13,Мария,Алматы,Наушники ANC,5,68500.0,342300.0
13251,2026-05-13,Мария,Шымкент,Мышь беспроводная,1,14700.0,14700.0
13252,2026-05-13,Мария,Шымкент,Док-станция USB-C,2,55800.0,111500.0
13253,2026-05-13,Данияр,Астана,Мышь беспроводная,1,14900.0,14900.0
13254,2026-05-13,Данияр,Астана,Док-станция USB-C,5,57100.0,285600.0
13255,2026-05-13,Ерлан,Шымкент,Мышь беспроводная,1,13400.0,13400.0
13256,2026-05-13,Данияр,Караганда,Наушники ANC,1,70900.0,70900.0
13257,2026-05-13,Ерлан,Караганда,"Монитор 27""",3,140000.0,420000.0
13258,2026-05-13,Данияр,Шымкент,Клавиатура механ.,2,30400.0,60800.0
13259,2026-05-13,Айгерим,Шымкент,Док-станция USB-C,1,58300.0,58300.0
13260,2026-05-13,Светлана,Алматы,Клавиатура механ.,2,32900.0,65900.0
13261,2026-05-13,Ерлан,Шымкент,Мышь беспроводная,2,13800.0,27500.0
13262,2026-05-13,Данияр,Алматы,Ноутбук Pro 14,1,387700.0,387700.0
13263,2026-05-13,Светлана,Караганда,Док-станция USB-C,3,53400.0,160300.0
13264,2026-05-13,Данияр,Шымкент,Клавиатура механ.,5,31900.0,159700.0
13265,2026-05-13,Данияр,Алматы,Клавиатура механ.,2,33500.0,67000.0
13266,2026-05-13,Айгерим,Астана,Ноутбук Pro 14,5,432200.0,2160800.0
13267,2026-05-13,Данияр,Алматы,Клавиатура механ.,1,31800.0,31800.0
13268,2026-05-13,Данияр,Алматы,Веб-камера 4K,1,39200.0,39200.0
13269,2026-05-14,Айгерим,Алматы,Док-станция USB-C,2,56400.0,112900.0
13270,2026-05-14,Светлана,Караганда,Веб-камера 4K,3,42400.0,127100.0
13271,2026-05-14,Данияр,Шымкент,Клавиатура механ.,2,33200.0,66300.0
13272,2026-05-14,Данияр,Алматы,Веб-камера 4K,5,42000.0,209800.0
13273,2026-05-14,Ерлан,Астана,Наушники ANC,1,65800.0,65800.0
13274,2026-05-14,Данияр,Астана,Ноутбук Pro 14,1,425200.0,425200.0
13275,2026-05-14,Ерлан,Астана,Док-станция USB-C,1,55300.0,55300.0
13276,2026-05-14,Ерлан,Алматы,Ноутбук Pro 14,3,407800.0,1223300.0
13277,2026-05-14,Ерлан,Караганда,Док-станция USB-C,2,55800.0,111500.0
13278,2026-05-14,Данияр,Астана,Веб-камера 4K,1,42200.0,42200.0
13279,2026-05-14,Светлана,Шымкент,Мышь беспроводная,3,14700.0,44100.0
13280,2026-05-14,Светлана,Алматы,Клавиатура механ.,1,33600.0,33600.0
13281,2026-05-14,Ерлан,Караганда,"Монитор 27""",1,129500.0,129500.0
13282,2026-05-14,Айгерим,Астана,Мышь беспроводная,3,14100.0,42300.0
13283,2026-05-14,Айгерим,Алматы,Клавиатура механ.,1,30000.0,30000.0
13284,2026-05-14,Данияр,Алматы,Док-станция USB-C,1,57000.0,57000.0
13285,2026-05-14,Ерлан,Астана,Клавиатура механ.,2,33400.0,66900.0
13286,2026-05-14,Ерлан,Астана,Мышь беспроводная,3,14700.0,44100.0
13287,2026-05-14,Данияр,Алматы,Ноутбук Pro 14,2,411600.0,823200.0
13288,2026-05-14,Мария,Астана,Мышь беспроводная,1,14100.0,14100.0
13289,2026-05-14,Данияр,Астана,"Монитор 27""",1,130200.0,130200.0
13290,2026-05-14,Айгерим,Астана,Клавиатура механ.,1,29500.0,29500.0
13291,2026-05-14,Мария,Караганда,Клавиатура механ.,1,31500.0,31500.0
13292,2026-05-15,Данияр,Караганда,Наушники ANC,1,69600.0,69600.0
13293,2026-05-15,Айгерим,Караганда,Мышь беспроводная,2,13500.0,27000.0
13294,2026-05-15,Данияр,Шымкент,Наушники ANC,5,70200.0,350900.0
13295,2026-05-15,Ерлан,Караганда,Мышь беспроводная,1,14100.0,14100.0
13296,2026-05-15,Айгерим,Алматы,"Монитор 27""",2,132900.0,265800.0
13297,2026-05-15,Айгерим,Астана,Ноутбук Pro 14,1,433300.0,433300.0
13298,2026-05-15,Данияр,Алматы,Клавиатура механ.,1,31400.0,31400.0
13299,2026-05-15,Светлана,Алматы,Клавиатура механ.,2,32100.0,64200.0
13300,2026-05-15,Данияр,Шымкент,Ноутбук Pro 14,2,435600.0,871300.0
13301,2026-05-15,Мария,Астана,Ноутбук Pro 14,5,432700.0,2163400.0
13302,2026-05-15,Светлана,Алматы,Наушники ANC,2,67800.0,135700.0
13303,2026-05-15,Айгерим,Астана,Веб-камера 4K,3,40400.0,121300.0
13304,2026-05-15,Ерлан,Алматы,Ноутбук Pro 14,3,417500.0,1252400.0
13305,2026-05-15,Ерлан,Алматы,"Монитор 27""",5,135600.0,677900.0
13306,2026-05-15,Айгерим,Алматы,Мышь беспроводная,2,15100.0,30100.0
13307,2026-05-15,Светлана,Астана,Веб-камера 4K,3,41700.0,125100.0
13308,2026-05-15,Мария,Шымкент,Док-станция USB-C,5,55100.0,275700.0
13309,2026-05-15,Данияр,Астана,Мышь беспроводная,2,13500.0,27100.0
13310,2026-05-15,Ерлан,Шымкент,Наушники ANC,3,67400.0,202100.0
13311,2026-05-15,Мария,Алматы,"Монитор 27""",1,135000.0,135000.0
13312,2026-05-15,Ерлан,Астана,Клавиатура механ.,2,31700.0,63400.0
13313,2026-05-15,Ерлан,Астана,Мышь беспроводная,1,14300.0,14300.0
13314,2026-05-15,Айгерим,Алматы,Веб-камера 4K,1,42600.0,42600.0
13315,2026-05-15,Ерлан,Алматы,"Монитор 27""",2,137200.0,274300.0
13316,2026-05-15,Светлана,Караганда,"Монитор 27""",3,136800.0,410500.0
13317,2026-05-15,Данияр,Караганда,"Монитор 27""",3,127500.0,382600.0
13318,2026-05-16,Ерлан,Шымкент,Наушники ANC,5,70300.0,351400.0
13319,2026-05-16,Светлана,Алматы,"Монитор 27""",1,137500.0,137500.0
13320,2026-05-16,Мария,Алматы,Док-станция USB-C,1,57300.0,57300.0
13321,2026-05-16,Данияр,Шымкент,Док-станция USB-C,1,53900.0,53900.0
13322,2026-05-16,Айгерим,Алматы,Ноутбук Pro 14,2,426500.0,853100.0
13323,2026-05-16,Светлана,Алматы,Мышь беспроводная,1,14900.0,14900.0
13324,2026-05-16,Данияр,Шымкент,Наушники ANC,5,62700.0,313400.0
13325,2026-05-16,Айгерим,Шымкент,"Монитор 27""",1,140400.0,140400.0
13326,2026-05-16,Данияр,Караганда,Наушники ANC,1,64300.0,64300.0
13327,2026-05-16,Айгерим,Алматы,Наушники ANC,2,68200.0,136300.0
13328,2026-05-16,Айгерим,Алматы,"Монитор 27""",1,138600.0,138600.0
13329,2026-05-16,Данияр,Алматы,Клавиатура механ.,2,31900.0,63700.0
13330,2026-05-16,Айгерим,Астана,Ноутбук Pro 14,2,426700.0,853500.0
13331,2026-05-17,Ерлан,Астана,Веб-камера 4K,2,39900.0,79900.0
13332,2026-05-17,Айгерим,Астана,"Монитор 27""",2,127800.0,255500.0
13333,2026-05-17,Ерлан,Астана,Док-станция USB-C,2,57600.0,115200.0
13334,2026-05-17,Ерлан,Шымкент,"Монитор 27""",2,140200.0,280500.0
13335,2026-05-17,Ерлан,Астана,Ноутбук Pro 14,5,408400.0,2042200.0
13336,2026-05-17,Данияр,Астана,Наушники ANC,1,68200.0,68200.0
13337,2026-05-17,Ерлан,Астана,"Монитор 27""",1,137300.0,137300.0
13338,2026-05-17,Айгерим,Алматы,Док-станция USB-C,1,55600.0,55600.0
13339,2026-05-17,Данияр,Астана,"Монитор 27""",1,139700.0,139700.0
13340,2026-05-17,Светлана,Алматы,"Монитор 27""",5,131700.0,658400.0
13341,2026-05-17,Мария,Караганда,"Монитор 27""",1,125900.0,125900.0
13342,2026-05-17,Данияр,Караганда,Веб-камера 4K,2,41100.0,82100.0
13343,2026-05-17,Светлана,Алматы,Мышь беспроводная,2,13800.0,27700.0
13344,2026-05-17,Айгерим,Шымкент,Док-станция USB-C,1,51800.0,51800.0
13345,2026-05-17,Айгерим,Астана,"Монитор 27""",2,141000.0,281900.0
13346,2026-05-17,Мария,Астана,Клавиатура механ.,3,32000.0,96100.0
13347,2026-05-17,Данияр,Астана,Док-станция USB-C,2,57800.0,115600.0
13348,2026-05-17,Айгерим,Караганда,Веб-камера 4K,2,39400.0,78800.0
13349,2026-05-17,Мария,Алматы,Док-станция USB-C,1,53200.0,53200.0
13350,2026-05-17,Айгерим,Алматы,Наушники ANC,1,63100.0,63100.0
13351,2026-05-18,Данияр,Алматы,Док-станция USB-C,1,55900.0,55900.0
13352,2026-05-18,Данияр,Алматы,"Монитор 27""",1,130200.0,130200.0
13353,2026-05-18,Светлана,Алматы,Клавиатура механ.,5,33500.0,167500.0
13354,2026-05-18,Айгерим,Караганда,Ноутбук Pro 14,3,417700.0,1253100.0
13355,2026-05-18,Светлана,Алматы,Наушники ANC,3,63800.0,191500.0
13356,2026-05-18,Айгерим,Караганда,Клавиатура механ.,2,30100.0,60200.0
13357,2026-05-18,Ерлан,Шымкент,Клавиатура механ.,2,30500.0,61000.0
13358,2026-05-18,Светлана,Астана,"Монитор 27""",5,140600.0,702900.0
13359,2026-05-18,Айгерим,Алматы,Док-станция USB-C,1,58300.0,58300.0
13360,2026-05-18,Мария,Караганда,Мышь беспроводная,2,13900.0,27700.0
13361,2026-05-18,Данияр,Астана,Ноутбук Pro 14,2,416600.0,833300.0
13362,2026-05-18,Мария,Астана,Мышь беспроводная,1,13400.0,13400.0
13363,2026-05-18,Айгерим,Астана,Клавиатура механ.,1,30800.0,30800.0
13364,2026-05-18,Светлана,Астана,Наушники ANC,1,66500.0,66500.0
13365,2026-05-18,Айгерим,Алматы,Док-станция USB-C,1,56300.0,56300.0
13366,2026-05-18,Данияр,Шымкент,Клавиатура механ.,2,30000.0,59900.0
13367,2026-05-18,Светлана,Алматы,Клавиатура механ.,3,33300.0,99900.0
13368,2026-05-18,Ерлан,Алматы,Веб-камера 4K,2,39700.0,79500.0
13369,2026-05-18,Ерлан,Алматы,Ноутбук Pro 14,1,391500.0,391500.0
13370,2026-05-18,Ерлан,Алматы,Док-станция USB-C,2,57800.0,115500.0
13371,2026-05-18,Мария,Алматы,Мышь беспроводная,1,15100.0,15100.0
13372,2026-05-18,Данияр,Алматы,"Монитор 27""",5,128000.0,639900.0
13373,2026-05-18,Ерлан,Алматы,Мышь беспроводная,1,14100.0,14100.0
13374,2026-05-18,Светлана,Алматы,Веб-камера 4K,2,42000.0,84000.0
13375,2026-05-18,Ерлан,Алматы,Док-станция USB-C,3,52600.0,157800.0
13376,2026-05-18,Мария,Алматы,Док-станция USB-C,2,53100.0,106200.0
13377,2026-05-18,Данияр,Астана,Веб-камера 4K,1,41000.0,41000.0
13378,2026-05-18,Ерлан,Шымкент,Наушники ANC,2,68100.0,136100.0
13379,2026-05-18,Мария,Астана,Ноутбук Pro 14,5,390800.0,1954000.0
13380,2026-05-18,Данияр,Астана,Мышь беспроводная,1,13800.0,13800.0
13381,2026-05-19,Данияр,Шымкент,Веб-камера 4K,2,41200.0,82400.0
13382,2026-05-19,Айгерим,Алматы,Док-станция USB-C,2,52500.0,104900.0
13383,2026-05-19,Айгерим,Алматы,Док-станция USB-C,5,53900.0,269500.0
13384,2026-05-19,Ерлан,Астана,Мышь беспроводная,1,14100.0,14100.0
13385,2026-05-19,Данияр,Шымкент,Мышь беспроводная,3,13400.0,40300.0
13386,2026-05-19,Данияр,Астана,Наушники ANC,2,70100.0,140200.0
13387,2026-05-19,Ерлан,Алматы,Клавиатура механ.,2,30100.0,60300.0
13388,2026-05-19,Ерлан,Шымкент,Веб-камера 4K,1,41800.0,41800.0
13389,2026-05-19,Мария,Караганда,"Монитор 27""",5,129100.0,645400.0
13390,2026-05-19,Светлана,Алматы,"Монитор 27""",1,132500.0,132500.0
13391,2026-05-19,Светлана,Астана,Мышь беспроводная,5,14300.0,71300.0
13392,2026-05-19,Айгерим,Астана,Веб-камера 4K,2,41800.0,83700.0
13393,2026-05-19,Светлана,Астана,Веб-камера 4K,5,42800.0,214100.0
13394,2026-05-19,Мария,Астана,Наушники ANC,2,67400.0,134900.0
13395,2026-05-19,Мария,Алматы,Клавиатура механ.,1,29800.0,29800.0
13396,2026-05-19,Ерлан,Караганда,Клавиатура механ.,1,30200.0,30200.0
13397,2026-05-19,Светлана,Алматы,Мышь беспроводная,2,15100.0,30200.0
13398,2026-05-19,Айгерим,Астана,Наушники ANC,1,64400.0,64400.0
13399,2026-05-19,Мария,Алматы,"Монитор 27""",1,140200.0,140200.0
13400,2026-05-19,Ерлан,Шымкент,Наушники ANC,5,71000.0,354900.0
13401,2026-05-19,Светлана,Алматы,"Монитор 27""",5,134700.0,673700.0
13402,2026-05-19,Айгерим,Алматы,Док-станция USB-C,2,55200.0,110400.0
13403,2026-05-20,Ерлан,Алматы,Веб-камера 4K,3,41000.0,123000.0
13404,2026-05-20,Данияр,Астана,Мышь беспроводная,3,13600.0,40800.0
13405,2026-05-20,Ерлан,Астана,Наушники ANC,5,71400.0,356900.0
13406,2026-05-20,Айгерим,Алматы,Ноутбук Pro 14,2,422700.0,845500.0
13407,2026-05-20,Данияр,Алматы,Док-станция USB-C,5,58700.0,293300.0
13408,2026-05-20,Айгерим,Астана,"Монитор 27""",1,132700.0,132700.0
13409,2026-05-20,Данияр,Шымкент,Док-станция USB-C,1,52300.0,52300.0
13410,2026-05-20,Мария,Шымкент,Клавиатура механ.,1,31400.0,31400.0
13411,2026-05-20,Данияр,Астана,Мышь беспроводная,1,14700.0,14700.0
13412,2026-05-20,Светлана,Шымкент,Ноутбук Pro 14,2,437000.0,874000.0
13413,2026-05-20,Мария,Алматы,"Монитор 27""",5,126600.0,633000.0
13414,2026-05-20,Ерлан,Астана,Док-станция USB-C,1,55300.0,55300.0
13415,2026-05-20,Светлана,Шымкент,Док-станция USB-C,5,55600.0,278000.0
13416,2026-05-20,Мария,Астана,Веб-камера 4K,3,38900.0,116800.0
13417,2026-05-21,Данияр,Шымкент,Клавиатура механ.,1,30900.0,30900.0
13418,2026-05-21,Ерлан,Алматы,Клавиатура механ.,1,30900.0,30900.0
13419,2026-05-21,Мария,Караганда,Мышь беспроводная,1,14500.0,14500.0
13420,2026-05-21,Айгерим,Шымкент,Клавиатура механ.,3,33500.0,100600.0
13421,2026-05-21,Данияр,Алматы,Веб-камера 4K,2,41500.0,83000.0
13422,2026-05-21,Ерлан,Алматы,Веб-камера 4K,1,42200.0,42200.0
13423,2026-05-21,Мария,Алматы,Мышь беспроводная,2,14700.0,29500.0
13424,2026-05-21,Ерлан,Астана,Мышь беспроводная,5,14600.0,72800.0
13425,2026-05-21,Светлана,Алматы,Мышь беспроводная,3,13600.0,40800.0
13426,2026-05-21,Мария,Астана,Клавиатура механ.,3,33200.0,99500.0
13427,2026-05-21,Мария,Алматы,Наушники ANC,1,66400.0,66400.0
13428,2026-05-21,Данияр,Алматы,Ноутбук Pro 14,1,440600.0,440600.0
13429,2026-05-21,Мария,Шымкент,Веб-камера 4K,1,41200.0,41200.0
13430,2026-05-21,Мария,Алматы,"Монитор 27""",2,124500.0,248900.0
13431,2026-05-21,Айгерим,Астана,Док-станция USB-C,3,52300.0,157000.0
13432,2026-05-21,Данияр,Караганда,Наушники ANC,1,67300.0,67300.0
13433,2026-05-21,Ерлан,Алматы,Клавиатура механ.,1,31800.0,31800.0
13434,2026-05-21,Ерлан,Караганда,Док-станция USB-C,2,57800.0,115600.0
13435,2026-05-21,Светлана,Алматы,Мышь беспроводная,3,14100.0,42200.0
13436,2026-05-21,Светлана,Караганда,Док-станция USB-C,2,57100.0,114200.0
13437,2026-05-21,Айгерим,Шымкент,Мышь беспроводная,1,14700.0,14700.0
13438,2026-05-21,Ерлан,Астана,Клавиатура механ.,2,30200.0,60400.0
13439,2026-05-21,Мария,Астана,"Монитор 27""",2,141200.0,282500.0
13440,2026-05-21,Айгерим,Алматы,Ноутбук Pro 14,1,397300.0,397300.0
13441,2026-05-21,Ерлан,Алматы,Мышь беспроводная,1,14300.0,14300.0
13442,2026-05-21,Айгерим,Астана,Док-станция USB-C,2,58200.0,116400.0
13443,2026-05-21,Ерлан,Алматы,Веб-камера 4K,1,40600.0,40600.0
13444,2026-05-21,Айгерим,Астана,Веб-камера 4K,1,42400.0,42400.0
13445,2026-05-21,Ерлан,Астана,Док-станция USB-C,2,52700.0,105400.0
13446,2026-05-21,Мария,Астана,Клавиатура механ.,1,33400.0,33400.0
13447,2026-05-21,Ерлан,Астана,Веб-камера 4K,1,38500.0,38500.0
13448,2026-05-21,Мария,Алматы,"Монитор 27""",1,137300.0,137300.0
13449,2026-05-21,Мария,Шымкент,Мышь беспроводная,3,14500.0,43500.0
13450,2026-05-21,Ерлан,Алматы,Клавиатура механ.,2,33300.0,66700.0
13451,2026-05-21,Светлана,Алматы,Клавиатура механ.,2,33400.0,66800.0
13452,2026-05-21,Светлана,Караганда,"Монитор 27""",1,130600.0,130600.0
13453,2026-05-21,Светлана,Алматы,Мышь беспроводная,3,13900.0,41600.0
13454,2026-05-21,Мария,Астана,Ноутбук Pro 14,1,407000.0,407000.0
13455,2026-05-21,Ерлан,Алматы,Клавиатура механ.,1,30300.0,30300.0
13456,2026-05-21,Данияр,Алматы,Док-станция USB-C,2,52900.0,105800.0
13457,2026-05-21,Данияр,Шымкент,Док-станция USB-C,2,54800.0,109700.0
13458,2026-05-22,Айгерим,Астана,Клавиатура механ.,1,33300.0,33300.0
13459,2026-05-22,Ерлан,Алматы,Веб-камера 4K,2,40800.0,81600.0
13460,2026-05-22,Светлана,Астана,Ноутбук Pro 14,1,433600.0,433600.0
13461,2026-05-22,Ерлан,Шымкент,Клавиатура механ.,2,32600.0,65200.0
13462,2026-05-22,Мария,Астана,Док-станция USB-C,3,54500.0,163600.0
13463,2026-05-22,Мария,Алматы,Мышь беспроводная,1,14900.0,14900.0
13464,2026-05-22,Айгерим,Астана,Ноутбук Pro 14,2,401900.0,803700.0
13465,2026-05-22,Айгерим,Астана,Клавиатура механ.,3,31600.0,94800.0
13466,2026-05-22,Данияр,Шымкент,Клавиатура механ.,1,33300.0,33300.0
13467,2026-05-22,Данияр,Шымкент,Наушники ANC,1,63400.0,63400.0
13468,2026-05-22,Данияр,Алматы,Ноутбук Pro 14,5,414900.0,2074300.0
13469,2026-05-22,Светлана,Астана,Мышь беспроводная,2,14100.0,28100.0
13470,2026-05-22,Айгерим,Алматы,Клавиатура механ.,3,33000.0,98900.0
13471,2026-05-22,Мария,Шымкент,Ноутбук Pro 14,5,409600.0,2047900.0
13472,2026-05-22,Данияр,Астана,Ноутбук Pro 14,1,435200.0,435200.0
13473,2026-05-22,Айгерим,Алматы,"Монитор 27""",1,133500.0,133500.0
13474,2026-05-23,Айгерим,Алматы,"Монитор 27""",2,124900.0,249700.0
13475,2026-05-23,Айгерим,Астана,Док-станция USB-C,2,53300.0,106600.0
13476,2026-05-23,Данияр,Шымкент,Ноутбук Pro 14,3,423800.0,1271400.0
13477,2026-05-23,Айгерим,Алматы,Наушники ANC,2,68000.0,136000.0
13478,2026-05-23,Ерлан,Алматы,Наушники ANC,2,64700.0,129300.0
13479,2026-05-23,Айгерим,Алматы,Док-станция USB-C,1,52600.0,52600.0
13480,2026-05-23,Данияр,Астана,Наушники ANC,1,67400.0,67400.0
13481,2026-05-23,Мария,Алматы,Наушники ANC,5,70200.0,351200.0
13482,2026-05-23,Мария,Алматы,Ноутбук Pro 14,2,436800.0,873600.0
13483,2026-05-23,Ерлан,Алматы,Наушники ANC,3,62700.0,188000.0
13484,2026-05-23,Ерлан,Астана,Ноутбук Pro 14,1,429100.0,429100.0
13485,2026-05-24,Светлана,Алматы,Клавиатура механ.,3,31200.0,93500.0
13486,2026-05-24,Мария,Шымкент,Ноутбук Pro 14,1,388600.0,388600.0
13487,2026-05-24,Данияр,Алматы,Док-станция USB-C,1,52200.0,52200.0
13488,2026-05-24,Айгерим,Алматы,Веб-камера 4K,2,41200.0,82400.0
13489,2026-05-24,Данияр,Астана,Док-станция USB-C,2,53400.0,106800.0
13490,2026-05-24,Айгерим,Шымкент,Клавиатура механ.,1,29600.0,29600.0
13491,2026-05-24,Данияр,Астана,"Монитор 27""",1,138600.0,138600.0
13492,2026-05-24,Айгерим,Алматы,Док-станция USB-C,3,54300.0,162900.0
13493,2026-05-24,Ерлан,Астана,Ноутбук Pro 14,2,412100.0,824100.0
13494,2026-05-24,Айгерим,Шымкент,Наушники ANC,1,65200.0,65200.0
13495,2026-05-24,Айгерим,Астана,Клавиатура механ.,1,33200.0,33200.0
13496,2026-05-25,Айгерим,Шымкент,"Монитор 27""",5,135600.0,678000.0
13497,2026-05-25,Мария,Шымкент,Ноутбук Pro 14,2,387100.0,774200.0
13498,2026-05-25,Ерлан,Астана,Ноутбук Pro 14,2,427800.0,855600.0
13499,2026-05-25,Данияр,Алматы,Ноутбук Pro 14,1,426100.0,426100.0
13500,2026-05-25,Данияр,Алматы,Веб-камера 4K,1,42400.0,42400.0
13501,2026-05-25,Светлана,Астана,Клавиатура механ.,1,29700.0,29700.0
13502,2026-05-25,Данияр,Шымкент,Ноутбук Pro 14,3,428600.0,1285800.0
13503,2026-05-25,Ерлан,Алматы,Клавиатура механ.,5,32500.0,162600.0
13504,2026-05-25,Ерлан,Алматы,Веб-камера 4K,3,38200.0,114600.0
13505,2026-05-25,Мария,Алматы,Веб-камера 4K,2,42500.0,85000.0
13506,2026-05-25,Мария,Шымкент,Мышь беспроводная,3,15100.0,45300.0
13507,2026-05-25,Данияр,Астана,Веб-камера 4K,3,42300.0,126900.0
13508,2026-05-25,Айгерим,Алматы,Ноутбук Pro 14,3,436100.0,1308300.0
13509,2026-05-25,Светлана,Астана,Мышь беспроводная,1,14800.0,14800.0
13510,2026-05-25,Светлана,Алматы,Док-станция USB-C,1,53700.0,53700.0
13511,2026-05-25,Ерлан,Астана,Док-станция USB-C,1,53700.0,53700.0
13512,2026-05-25,Светлана,Алматы,Док-станция USB-C,1,53800.0,53800.0
13513,2026-05-25,Данияр,Шымкент,Клавиатура механ.,2,30100.0,60200.0
13514,2026-05-25,Светлана,Алматы,"Монитор 27""",3,131800.0,395500.0
13515,2026-05-25,Данияр,Шымкент,Клавиатура механ.,5,29600.0,147900.0
13516,2026-05-26,Ерлан,Алматы,"Монитор 27""",2,138500.0,277000.0
13517,2026-05-26,Мария,Шымкент,Наушники ANC,2,68400.0,136800.0
13518,2026-05-26,Айгерим,Шымкент,Веб-камера 4K,2,38700.0,77300.0
13519,2026-05-26,Айгерим,Алматы,"Монитор 27""",1,139500.0,139500.0
13520,2026-05-26,Ерлан,Алматы,Док-станция USB-C,3,54500.0,163500.0
13521,2026-05-26,Светлана,Алматы,Ноутбук Pro 14,2,418200.0,836400.0
13522,2026-05-26,Светлана,Шымкент,Наушники ANC,1,68400.0,68400.0
13523,2026-05-26,Мария,Шымкент,"Монитор 27""",3,133300.0,399800.0
13524,2026-05-26,Ерлан,Шымкент,Веб-камера 4K,5,42000.0,210000.0
13525,2026-05-26,Светлана,Астана,Док-станция USB-C,1,53700.0,53700.0
13526,2026-05-26,Мария,Шымкент,Веб-камера 4K,1,40400.0,40400.0
13527,2026-05-26,Данияр,Алматы,Веб-камера 4K,3,38000.0,113900.0
13528,2026-05-26,Мария,Астана,Док-станция USB-C,5,52800.0,263900.0
13529,2026-05-26,Ерлан,Астана,Мышь беспроводная,2,14400.0,28800.0
13530,2026-05-26,Мария,Алматы,Наушники ANC,1,65800.0,65800.0
13531,2026-05-26,Ерлан,Алматы,Клавиатура механ.,3,30800.0,92300.0
13532,2026-05-26,Мария,Алматы,Клавиатура механ.,3,30200.0,90600.0
13533,2026-05-26,Ерлан,Астана,Ноутбук Pro 14,2,398000.0,796000.0
13534,2026-05-26,Мария,Шымкент,"Монитор 27""",5,136700.0,683500.0
13535,2026-05-26,Данияр,Астана,Ноутбук Pro 14,1,420900.0,420900.0
13536,2026-05-26,Мария,Астана,Мышь беспроводная,1,14100.0,14100.0
13537,2026-05-26,Ерлан,Алматы,Док-станция USB-C,1,54900.0,54900.0
13538,2026-05-26,Светлана,Алматы,Веб-камера 4K,1,43000.0,43000.0
13539,2026-05-26,Светлана,Алматы,Док-станция USB-C,2,52000.0,104000.0
13540,2026-05-26,Мария,Алматы,Клавиатура механ.,1,30600.0,30600.0
13541,2026-05-26,Мария,Шымкент,"Монитор 27""",3,132800.0,398500.0
13542,2026-05-26,Данияр,Шымкент,Веб-камера 4K,1,38700.0,38700.0
13543,2026-05-26,Мария,Астана,Наушники ANC,1,69600.0,69600.0
13544,2026-05-26,Айгерим,Шымкент,"Монитор 27""",2,125200.0,250400.0
13545,2026-05-26,Светлана,Алматы,Клавиатура механ.,1,31800.0,31800.0
13546,2026-05-26,Айгерим,Караганда,"Монитор 27""",2,130500.0,261100.0
13547,2026-05-26,Светлана,Алматы,Клавиатура механ.,5,30700.0,153700.0
13548,2026-05-27,Данияр,Астана,Веб-камера 4K,3,39400.0,118300.0
13549,2026-05-27,Айгерим,Астана,"Монитор 27""",1,126300.0,126300.0
13550,2026-05-27,Айгерим,Алматы,"Монитор 27""",1,133100.0,133100.0
13551,2026-05-27,Мария,Алматы,Ноутбук Pro 14,2,392300.0,784600.0
13552,2026-05-27,Ерлан,Алматы,Веб-камера 4K,2,39800.0,79500.0
13553,2026-05-27,Айгерим,Астана,Веб-камера 4K,5,39200.0,195800.0
13554,2026-05-27,Ерлан,Шымкент,"Монитор 27""",1,132300.0,132300.0
13555,2026-05-27,Данияр,Алматы,Док-станция USB-C,2,58600.0,117300.0
13556,2026-05-27,Айгерим,Алматы,Док-станция USB-C,3,53100.0,159400.0
13557,2026-05-27,Данияр,Астана,Клавиатура механ.,1,30800.0,30800.0
13558,2026-05-27,Айгерим,Алматы,Веб-камера 4K,3,42700.0,128200.0
13559,2026-05-27,Данияр,Астана,Мышь беспроводная,2,13500.0,27000.0
13560,2026-05-27,Мария,Астана,Наушники ANC,3,64500.0,193500.0
13561,2026-05-27,Ерлан,Шымкент,Клавиатура механ.,5,30700.0,153700.0
13562,2026-05-27,Ерлан,Алматы,"Монитор 27""",1,135100.0,135100.0
13563,2026-05-27,Ерлан,Алматы,Клавиатура механ.,2,31300.0,62500.0
13564,2026-05-27,Мария,Астана,Наушники ANC,2,64200.0,128400.0
13565,2026-05-27,Данияр,Алматы,Док-станция USB-C,2,55500.0,110900.0
13566,2026-05-27,Ерлан,Астана,Веб-камера 4K,3,38400.0,115300.0
13567,2026-05-27,Мария,Алматы,Веб-камера 4K,5,39100.0,195500.0
13568,2026-05-28,Данияр,Астана,"Монитор 27""",2,137100.0,274100.0
13569,2026-05-28,Светлана,Шымкент,Веб-камера 4K,3,38200.0,114600.0
13570,2026-05-28,Данияр,Астана,Ноутбук Pro 14,5,430500.0,2152700.0
13571,2026-05-28,Айгерим,Шымкент,Веб-камера 4K,1,41700.0,41700.0
13572,2026-05-28,Айгерим,Астана,Док-станция USB-C,1,52700.0,52700.0
13573,2026-05-28,Айгерим,Алматы,"Монитор 27""",1,127700.0,127700.0
13574,2026-05-28,Данияр,Алматы,"Монитор 27""",5,132700.0,663700.0
13575,2026-05-28,Айгерим,Алматы,Мышь беспроводная,1,14000.0,14000.0
13576,2026-05-28,Ерлан,Алматы,"Монитор 27""",1,129800.0,129800.0
13577,2026-05-28,Светлана,Алматы,"Монитор 27""",2,135100.0,270200.0
13578,2026-05-28,Светлана,Шымкент,"Монитор 27""",3,139400.0,418100.0
13579,2026-05-28,Ерлан,Алматы,Веб-камера 4K,1,42800.0,42800.0
13580,2026-05-28,Айгерим,Шымкент,Веб-камера 4K,1,42700.0,42700.0
13581,2026-05-28,Айгерим,Астана,Мышь беспроводная,1,14700.0,14700.0
13582,2026-05-28,Айгерим,Алматы,Ноутбук Pro 14,2,435600.0,871100.0
13583,2026-05-28,Светлана,Алматы,Веб-камера 4K,1,38100.0,38100.0
13584,2026-05-28,Айгерим,Алматы,Наушники ANC,1,69700.0,69700.0
13585,2026-05-28,Ерлан,Астана,Наушники ANC,2,66100.0,132200.0
13586,2026-05-28,Светлана,Алматы,Ноутбук Pro 14,1,419000.0,419000.0
13587,2026-05-28,Мария,Астана,Клавиатура механ.,3,31200.0,93500.0
13588,2026-05-28,Айгерим,Астана,Клавиатура механ.,1,31300.0,31300.0
13589,2026-05-28,Айгерим,Караганда,"Монитор 27""",2,129900.0,259900.0
13590,2026-05-28,Айгерим,Астана,Док-станция USB-C,1,53500.0,53500.0
13591,2026-05-28,Ерлан,Алматы,Док-станция USB-C,1,57700.0,57700.0
13592,2026-05-28,Айгерим,Астана,"Монитор 27""",2,128300.0,256500.0
13593,2026-05-28,Мария,Алматы,Мышь беспроводная,1,15000.0,15000.0
13594,2026-05-28,Айгерим,Астана,Ноутбук Pro 14,5,416200.0,2081200.0
13595,2026-05-28,Данияр,Астана,Мышь беспроводная,5,14100.0,70700.0
13596,2026-05-28,Мария,Шымкент,Наушники ANC,1,64000.0,64000.0
13597,2026-05-28,Данияр,Алматы,"Монитор 27""",3,125900.0,377700.0
13598,2026-05-28,Данияр,Шымкент,Мышь беспроводная,1,14600.0,14600.0
13599,2026-05-28,Светлана,Астана,Веб-камера 4K,2,41300.0,82600.0
13600,2026-05-29,Айгерим,Караганда,Мышь беспроводная,1,15000.0,15000.0
13601,2026-05-29,Данияр,Караганда,Наушники ANC,1,69100.0,69100.0
13602,2026-05-29,Светлана,Алматы,Наушники ANC,1,65700.0,65700.0
13603,2026-05-29,Ерлан,Алматы,Ноутбук Pro 14,1,435500.0,435500.0
13604,2026-05-29,Айгерим,Астана,Наушники ANC,2,64500.0,129100.0
13605,2026-05-29,Данияр,Шымкент,"Монитор 27""",1,132400.0,132400.0
13606,2026-05-29,Светлана,Шымкент,Веб-камера 4K,2,38900.0,77700.0
13607,2026-05-29,Данияр,Алматы,Клавиатура механ.,1,33400.0,33400.0
13608,2026-05-29,Ерлан,Астана,"Монитор 27""",1,127100.0,127100.0
13609,2026-05-29,Айгерим,Алматы,Веб-камера 4K,5,39000.0,195000.0
13610,2026-05-29,Ерлан,Шымкент,Клавиатура механ.,1,33400.0,33400.0
13611,2026-05-29,Айгерим,Алматы,Клавиатура механ.,3,30500.0,91400.0
13612,2026-05-29,Айгерим,Астана,Веб-камера 4K,3,39500.0,118400.0
13613,2026-05-29,Айгерим,Астана,Мышь беспроводная,1,14400.0,14400.0
13614,2026-05-29,Ерлан,Алматы,Веб-камера 4K,1,42400.0,42400.0
13615,2026-05-29,Мария,Караганда,Ноутбук Pro 14,3,429600.0,1288800.0
13616,2026-05-29,Данияр,Алматы,Веб-камера 4K,3,38900.0,116700.0
13617,2026-05-29,Мария,Алматы,Ноутбук Pro 14,2,438500.0,876900.0
13618,2026-05-29,Данияр,Караганда,Док-станция USB-C,5,56600.0,283100.0
13619,2026-05-29,Мария,Караганда,Док-станция USB-C,1,55300.0,55300.0
13620,2026-05-29,Мария,Шымкент,Клавиатура механ.,1,30800.0,30800.0
13621,2026-05-29,Светлана,Шымкент,"Монитор 27""",1,127900.0,127900.0
13622,2026-05-29,Данияр,Астана,Мышь беспроводная,1,14000.0,14000.0
13623,2026-05-29,Айгерим,Шымкент,"Монитор 27""",2,137800.0,275600.0
13624,2026-05-29,Айгерим,Алматы,"Монитор 27""",1,139700.0,139700.0
13625,2026-05-30,Светлана,Астана,Мышь беспроводная,1,14600.0,14600.0
13626,2026-05-30,Ерлан,Алматы,Клавиатура механ.,2,30800.0,61500.0
13627,2026-05-30,Айгерим,Астана,Наушники ANC,1,63400.0,63400.0
13628,2026-05-30,Ерлан,Алматы,Док-станция USB-C,1,52300.0,52300.0
13629,2026-05-30,Светлана,Астана,Ноутбук Pro 14,2,405600.0,811200.0
13630,2026-05-30,Данияр,Алматы,Веб-камера 4K,1,42500.0,42500.0
13631,2026-05-30,Данияр,Алматы,Док-станция USB-C,2,56700.0,113500.0
13632,2026-05-30,Светлана,Алматы,Наушники ANC,1,67800.0,67800.0
13633,2026-05-31,Мария,Караганда,Мышь беспроводная,1,13500.0,13500.0
13634,2026-05-31,Данияр,Астана,Док-станция USB-C,1,52700.0,52700.0
13635,2026-05-31,Ерлан,Алматы,Ноутбук Pro 14,2,398900.0,797900.0
13636,2026-05-31,Айгерим,Астана,Мышь беспроводная,2,14100.0,28300.0
13637,2026-05-31,Ерлан,Астана,Веб-камера 4K,2,40100.0,80100.0
13638,2026-05-31,Светлана,Алматы,Мышь беспроводная,1,15100.0,15100.0
13639,2026-05-31,Айгерим,Астана,Док-станция USB-C,5,57200.0,285800.0
13640,2026-05-31,Светлана,Алматы,Веб-камера 4K,1,40900.0,40900.0
13641,2026-05-31,Мария,Шымкент,Мышь беспроводная,2,13800.0,27500.0
13642,2026-05-31,Данияр,Астана,Веб-камера 4K,1,40700.0,40700.0
13643,2026-05-31,Данияр,Астана,Наушники ANC,2,68700.0,137500.0
13644,2026-05-31,Мария,Шымкент,Веб-камера 4K,2,41300.0,82700.0
13645,2026-05-31,Светлана,Алматы,"Монитор 27""",1,125200.0,125200.0
13646,2026-05-31,Светлана,Астана,Клавиатура механ.,5,32000.0,159900.0
13647,2026-06-01,Светлана,Алматы,Клавиатура механ.,1,30500.0,30500.0
13648,2026-06-01,Данияр,Караганда,Наушники ANC,3,67100.0,201200.0
13649,2026-06-01,Данияр,Алматы,"Монитор 27""",1,134400.0,134400.0
13650,2026-06-01,Айгерим,Шымкент,"Монитор 27""",1,136400.0,136400.0
13651,2026-06-01,Данияр,Алматы,Ноутбук Pro 14,2,391900.0,783800.0
13652,2026-06-01,Айгерим,Астана,Наушники ANC,3,67300.0,201800.0
13653,2026-06-01,Айгерим,Алматы,Клавиатура механ.,2,32100.0,64200.0
13654,2026-06-01,Мария,Алматы,Наушники ANC,1,68600.0,68600.0
13655,2026-06-01,Айгерим,Астана,Наушники ANC,1,68600.0,68600.0
13656,2026-06-01,Мария,Алматы,Док-станция USB-C,1,53300.0,53300.0
13657,2026-06-01,Данияр,Астана,"Монитор 27""",2,126800.0,253600.0
13658,2026-06-01,Ерлан,Караганда,Наушники ANC,1,68000.0,68000.0
13659,2026-06-01,Данияр,Шымкент,Веб-камера 4K,1,38800.0,38800.0
13660,2026-06-01,Ерлан,Алматы,"Монитор 27""",1,129500.0,129500.0
13661,2026-06-01,Мария,Астана,Наушники ANC,2,66500.0,133100.0
13662,2026-06-01,Мария,Алматы,Мышь беспроводная,1,14500.0,14500.0
13663,2026-06-01,Светлана,Астана,Клавиатура механ.,5,32600.0,162900.0
13664,2026-06-01,Данияр,Алматы,Ноутбук Pro 14,1,409900.0,409900.0
13665,2026-06-01,Айгерим,Шымкент,Мышь беспроводная,1,14000.0,14000.0
13666,2026-06-01,Ерлан,Астана,Ноутбук Pro 14,1,413800.0,413800.0
13667,2026-06-01,Ерлан,Шымкент,Мышь беспроводная,1,14500.0,14500.0
13668,2026-06-01,Мария,Алматы,Веб-камера 4K,1,37900.0,37900.0
13669,2026-06-01,Ерлан,Караганда,"Монитор 27""",3,136100.0,408400.0
13670,2026-06-01,Мария,Алматы,Ноутбук Pro 14,2,435800.0,871600.0
13671,2026-06-01,Светлана,Алматы,Клавиатура механ.,3,32300.0,97000.0
13672,2026-06-02,Мария,Алматы,Веб-камера 4K,1,41100.0,41100.0
13673,2026-06-02,Айгерим,Астана,Ноутбук Pro 14,1,430600.0,430600.0
13674,2026-06-02,Данияр,Алматы,Веб-камера 4K,3,41200.0,123500.0
13675,2026-06-02,Данияр,Караганда,Ноутбук Pro 14,3,393300.0,1179800.0
13676,2026-06-02,Светлана,Алматы,Веб-камера 4K,1,39100.0,39100.0
13677,2026-06-02,Ерлан,Шымкент,Док-станция USB-C,1,54700.0,54700.0
13678,2026-06-02,Айгерим,Астана,Наушники ANC,3,71200.0,213600.0
13679,2026-06-02,Светлана,Алматы,Ноутбук Pro 14,1,436100.0,436100.0
13680,2026-06-02,Айгерим,Астана,"Монитор 27""",3,135300.0,405800.0
13681,2026-06-02,Айгерим,Караганда,Ноутбук Pro 14,5,403200.0,2016100.0
13682,2026-06-02,Ерлан,Астана,Ноутбук Pro 14,1,409900.0,409900.0
13683,2026-06-02,Ерлан,Астана,Наушники ANC,1,63400.0,63400.0
13684,2026-06-02,Айгерим,Шымкент,Наушники ANC,2,70200.0,140300.0
13685,2026-06-02,Айгерим,Алматы,Док-станция USB-C,3,58400.0,175200.0
13686,2026-06-02,Светлана,Алматы,Мышь беспроводная,2,15100.0,30200.0
13687,2026-06-02,Ерлан,Шымкент,"Монитор 27""",2,127200.0,254400.0
13688,2026-06-02,Светлана,Алматы,Док-станция USB-C,3,54000.0,162100.0
13689,2026-06-02,Мария,Шымкент,Ноутбук Pro 14,2,416700.0,833400.0
13690,2026-06-02,Айгерим,Астана,Док-станция USB-C,2,52100.0,104200.0
13691,2026-06-02,Данияр,Алматы,Ноутбук Pro 14,2,414500.0,828900.0
13692,2026-06-02,Мария,Астана,"Монитор 27""",3,132900.0,398800.0
13693,2026-06-02,Айгерим,Астана,Веб-камера 4K,1,39200.0,39200.0
13694,2026-06-03,Мария,Алматы,"Монитор 27""",5,131000.0,654900.0
13695,2026-06-03,Светлана,Астана,Док-станция USB-C,1,51600.0,51600.0
13696,2026-06-03,Айгерим,Астана,Ноутбук Pro 14,3,438700.0,1316200.0
13697,2026-06-03,Ерлан,Алматы,Веб-камера 4K,1,40200.0,40200.0
13698,2026-06-03,Данияр,Алматы,"Монитор 27""",5,134400.0,672000.0
13699,2026-06-03,Айгерим,Астана,"Монитор 27""",2,132900.0,265800.0
13700,2026-06-03,Данияр,Астана,Веб-камера 4K,1,43000.0,43000.0
13701,2026-06-03,Светлана,Караганда,Клавиатура механ.,3,32400.0,97200.0
13702,2026-06-03,Ерлан,Алматы,Ноутбук Pro 14,1,407700.0,407700.0
13703,2026-06-03,Светлана,Астана,Ноутбук Pro 14,3,386700.0,1160000.0
13704,2026-06-03,Светлана,Астана,Наушники ANC,2,66400.0,132700.0
13705,2026-06-03,Айгерим,Алматы,Веб-камера 4K,3,42100.0,126400.0
13706,2026-06-03,Мария,Алматы,Клавиатура механ.,1,32200.0,32200.0
13707,2026-06-03,Ерлан,Астана,Док-станция USB-C,5,52200.0,261000.0
13708,2026-06-03,Ерлан,Шымкент,Клавиатура механ.,1,29500.0,29500.0
13709,2026-06-03,Мария,Алматы,Мышь беспроводная,1,14300.0,14300.0
13710,2026-06-03,Светлана,Астана,Мышь беспроводная,2,14200.0,28300.0
13711,2026-06-03,Данияр,Караганда,Веб-камера 4K,1,42000.0,42000.0
13712,2026-06-03,Ерлан,Алматы,Док-станция USB-C,2,51700.0,103400.0
13713,2026-06-03,Ерлан,Астана,"Монитор 27""",5,140800.0,704200.0
13714,2026-06-03,Айгерим,Караганда,Веб-камера 4K,2,40000.0,80000.0
13715,2026-06-04,Светлана,Алматы,Ноутбук Pro 14,1,440600.0,440600.0
13716,2026-06-04,Данияр,Караганда,Док-станция USB-C,1,57400.0,57400.0
13717,2026-06-04,Айгерим,Астана,"Монитор 27""",5,137500.0,687600.0
13718,2026-06-04,Светлана,Алматы,Клавиатура механ.,5,31000.0,155000.0
13719,2026-06-04,Айгерим,Астана,Док-станция USB-C,5,56300.0,281400.0
13720,2026-06-04,Светлана,Алматы,Мышь беспроводная,1,14100.0,14100.0
13721,2026-06-04,Мария,Караганда,Мышь беспроводная,5,13500.0,67600.0
13722,2026-06-04,Светлана,Астана,Веб-камера 4K,2,42500.0,85000.0
13723,2026-06-04,Данияр,Алматы,Док-станция USB-C,3,51800.0,155300.0
13724,2026-06-04,Мария,Караганда,Клавиатура механ.,3,32300.0,96800.0
13725,2026-06-04,Айгерим,Алматы,Мышь беспроводная,1,15100.0,15100.0
13726,2026-06-04,Ерлан,Шымкент,Веб-камера 4K,2,39500.0,79100.0
13727,2026-06-04,Айгерим,Алматы,"Монитор 27""",3,127300.0,382000.0
13728,2026-06-04,Данияр,Шымкент,Клавиатура механ.,2,30000.0,60000.0
13729,2026-06-04,Айгерим,Астана,Ноутбук Pro 14,5,431300.0,2156400.0
13730,2026-06-04,Данияр,Караганда,Ноутбук Pro 14,1,406900.0,406900.0
13731,2026-06-04,Мария,Караганда,Наушники ANC,2,64900.0,129900.0
13732,2026-06-04,Айгерим,Алматы,"Монитор 27""",1,138500.0,138500.0
13733,2026-06-04,Ерлан,Алматы,"Монитор 27""",5,124200.0,621200.0
13734,2026-06-04,Светлана,Шымкент,"Монитор 27""",2,135100.0,270200.0
13735,2026-06-04,Айгерим,Астана,Док-станция USB-C,2,54300.0,108600.0
13736,2026-06-04,Светлана,Алматы,Мышь беспроводная,2,13500.0,27000.0
13737,2026-06-05,Мария,Алматы,"Монитор 27""",1,131300.0,131300.0
13738,2026-06-05,Айгерим,Алматы,Веб-камера 4K,2,39000.0,77900.0
13739,2026-06-05,Ерлан,Астана,Веб-камера 4K,1,39000.0,39000.0
13740,2026-06-05,Айгерим,Алматы,Ноутбук Pro 14,1,417400.0,417400.0
13741,2026-06-05,Мария,Алматы,Ноутбук Pro 14,5,425700.0,2128400.0
13742,2026-06-05,Мария,Астана,Клавиатура механ.,1,32600.0,32600.0
13743,2026-06-05,Ерлан,Астана,Наушники ANC,5,65600.0,328200.0
13744,2026-06-05,Мария,Алматы,Веб-камера 4K,1,38000.0,38000.0
13745,2026-06-05,Данияр,Астана,"Монитор 27""",2,136500.0,273000.0
13746,2026-06-05,Светлана,Алматы,Ноутбук Pro 14,2,412000.0,824000.0
13747,2026-06-05,Айгерим,Астана,Веб-камера 4K,5,37900.0,189500.0
13748,2026-06-05,Айгерим,Астана,Клавиатура механ.,1,30500.0,30500.0
13749,2026-06-05,Данияр,Алматы,"Монитор 27""",2,125300.0,250700.0
13750,2026-06-05,Мария,Астана,Веб-камера 4K,5,38300.0,191500.0
13751,2026-06-05,Данияр,Астана,Док-станция USB-C,2,58500.0,117000.0
13752,2026-06-05,Данияр,Алматы,Мышь беспроводная,2,14600.0,29200.0
13753,2026-06-05,Светлана,Шымкент,Док-станция USB-C,1,52300.0,52300.0
13754,2026-06-05,Ерлан,Алматы,Мышь беспроводная,1,14300.0,14300.0
13755,2026-06-05,Айгерим,Астана,Клавиатура механ.,2,32400.0,64900.0
13756,2026-06-05,Ерлан,Астана,Наушники ANC,1,62600.0,62600.0
13757,2026-06-05,Ерлан,Караганда,Клавиатура механ.,5,30200.0,151000.0
13758,2026-06-05,Светлана,Шымкент,"Монитор 27""",2,141100.0,282200.0
13759,2026-06-05,Мария,Караганда,"Монитор 27""",5,135200.0,675900.0
13760,2026-06-05,Данияр,Алматы,Клавиатура механ.,3,29900.0,89700.0
13761,2026-06-05,Данияр,Астана,Мышь беспроводная,3,13800.0,41300.0
13762,2026-06-06,Мария,Астана,Ноутбук Pro 14,1,430000.0,430000.0
13763,2026-06-06,Ерлан,Астана,"Монитор 27""",1,140000.0,140000.0
13764,2026-06-06,Ерлан,Алматы,Клавиатура механ.,2,33500.0,67000.0
13765,2026-06-06,Ерлан,Шымкент,Док-станция USB-C,5,58000.0,290200.0
13766,2026-06-06,Айгерим,Астана,Док-станция USB-C,1,55200.0,55200.0
13767,2026-06-06,Светлана,Алматы,Мышь беспроводная,1,14000.0,14000.0
13768,2026-06-06,Айгерим,Алматы,"Монитор 27""",3,129100.0,387400.0
13769,2026-06-06,Данияр,Астана,Веб-камера 4K,2,40100.0,80300.0
13770,2026-06-06,Данияр,Алматы,Док-станция USB-C,2,52100.0,104100.0
13771,2026-06-06,Ерлан,Астана,Наушники ANC,1,64400.0,64400.0
13772,2026-06-06,Мария,Алматы,Ноутбук Pro 14,5,427700.0,2138500.0
13773,2026-06-06,Данияр,Алматы,Наушники ANC,1,68300.0,68300.0
13774,2026-06-07,Данияр,Алматы,Док-станция USB-C,1,58400.0,58400.0
13775,2026-06-07,Светлана,Астана,Мышь беспроводная,1,14100.0,14100.0
13776,2026-06-07,Данияр,Астана,Наушники ANC,2,65300.0,130600.0
13777,2026-06-07,Ерлан,Шымкент,Клавиатура механ.,1,30100.0,30100.0
13778,2026-06-07,Мария,Шымкент,Веб-камера 4K,5,42200.0,211000.0
13779,2026-06-07,Данияр,Алматы,Клавиатура механ.,5,29500.0,147700.0
13780,2026-06-07,Ерлан,Алматы,Ноутбук Pro 14,5,437200.0,2185800.0
13781,2026-06-07,Айгерим,Астана,Наушники ANC,5,62800.0,314100.0
13782,2026-06-07,Данияр,Алматы,Веб-камера 4K,3,42400.0,127300.0
13783,2026-06-07,Светлана,Алматы,Веб-камера 4K,2,37900.0,75700.0
13784,2026-06-07,Ерлан,Шымкент,Наушники ANC,1,66200.0,66200.0
13785,2026-06-07,Светлана,Астана,Веб-камера 4K,1,38600.0,38600.0
13786,2026-06-07,Светлана,Астана,Клавиатура механ.,1,30300.0,30300.0
13787,2026-06-07,Айгерим,Алматы,Док-станция USB-C,1,52200.0,52200.0
13788,2026-06-07,Айгерим,Алматы,Наушники ANC,1,64600.0,64600.0
13789,2026-06-07,Ерлан,Алматы,Наушники ANC,2,66600.0,133200.0
13790,2026-06-07,Светлана,Алматы,Ноутбук Pro 14,5,436000.0,2179900.0
13791,2026-06-07,Айгерим,Алматы,Ноутбук Pro 14,1,420500.0,420500.0
13792,2026-06-07,Ерлан,Алматы,Мышь беспроводная,1,14500.0,14500.0
13793,2026-06-07,Айгерим,Алматы,Док-станция USB-C,5,57300.0,286400.0
13794,2026-06-07,Ерлан,Астана,"Монитор 27""",1,140300.0,140300.0
13795,2026-06-07,Светлана,Караганда,Ноутбук Pro 14,2,402000.0,803900.0
13796,2026-06-07,Айгерим,Алматы,Ноутбук Pro 14,3,412000.0,1236000.0
13797,2026-06-07,Ерлан,Караганда,Клавиатура механ.,1,31900.0,31900.0
13798,2026-06-08,Ерлан,Астана,Наушники ANC,1,71300.0,71300.0
13799,2026-06-08,Данияр,Алматы,Веб-камера 4K,2,40700.0,81400.0
13800,2026-06-08,Мария,Алматы,Наушники ANC,1,64700.0,64700.0
13801,2026-06-08,Мария,Караганда,Наушники ANC,3,67600.0,202700.0
13802,2026-06-08,Айгерим,Астана,Клавиатура механ.,1,32100.0,32100.0
13803,2026-06-08,Айгерим,Астана,Док-станция USB-C,2,53000.0,106100.0
13804,2026-06-08,Данияр,Астана,Веб-камера 4K,2,41300.0,82500.0
13805,2026-06-08,Мария,Астана,Наушники ANC,2,64700.0,129300.0
13806,2026-06-08,Данияр,Караганда,"Монитор 27""",3,131800.0,395400.0
13807,2026-06-08,Светлана,Алматы,Клавиатура механ.,5,30400.0,152200.0
13808,2026-06-08,Данияр,Караганда,Док-станция USB-C,3,52900.0,158600.0
13809,2026-06-08,Мария,Алматы,Наушники ANC,1,70000.0,70000.0
13810,2026-06-08,Светлана,Шымкент,Док-станция USB-C,5,55500.0,277600.0
13811,2026-06-08,Данияр,Астана,Ноутбук Pro 14,1,400900.0,400900.0
13812,2026-06-08,Ерлан,Алматы,Док-станция USB-C,1,54400.0,54400.0
13813,2026-06-08,Айгерим,Алматы,Веб-камера 4K,2,40200.0,80300.0
13814,2026-06-08,Айгерим,Шымкент,Мышь беспроводная,1,14500.0,14500.0
13815,2026-06-08,Светлана,Караганда,Клавиатура механ.,3,29800.0,89300.0
13816,2026-06-08,Данияр,Астана,Ноутбук Pro 14,1,438300.0,438300.0
13817,2026-06-09,Светлана,Алматы,Ноутбук Pro 14,3,439800.0,1319500.0
13818,2026-06-09,Айгерим,Алматы,Мышь беспроводная,2,13900.0,27700.0
13819,2026-06-09,Айгерим,Караганда,Док-станция USB-C,5,56500.0,282500.0
13820,2026-06-09,Мария,Астана,Мышь беспроводная,3,13900.0,41800.0
13821,2026-06-09,Мария,Алматы,Веб-камера 4K,2,40200.0,80400.0
13822,2026-06-09,Данияр,Алматы,Клавиатура механ.,2,30900.0,61700.0
13823,2026-06-09,Данияр,Алматы,Док-станция USB-C,2,54600.0,109300.0
13824,2026-06-09,Данияр,Алматы,Веб-камера 4K,5,38900.0,194600.0
13825,2026-06-09,Данияр,Шымкент,Клавиатура механ.,2,31300.0,62500.0
13826,2026-06-09,Данияр,Караганда,Веб-камера 4K,3,40500.0,121500.0
13827,2026-06-09,Ерлан,Шымкент,"Монитор 27""",5,136600.0,682800.0
13828,2026-06-09,Светлана,Астана,Наушники ANC,5,63300.0,316400.0
13829,2026-06-09,Данияр,Шымкент,Наушники ANC,2,66200.0,132400.0
13830,2026-06-09,Мария,Алматы,"Монитор 27""",2,127700.0,255400.0
13831,2026-06-09,Мария,Алматы,Ноутбук Pro 14,2,418300.0,836500.0
13832,2026-06-09,Мария,Караганда,Ноутбук Pro 14,1,400500.0,400500.0
13833,2026-06-09,Данияр,Алматы,Веб-камера 4K,3,41700.0,125100.0
13834,2026-06-09,Айгерим,Астана,Клавиатура механ.,5,31500.0,157600.0
13835,2026-06-09,Айгерим,Астана,Наушники ANC,2,65400.0,130800.0
13836,2026-06-10,Светлана,Астана,Док-станция USB-C,2,53500.0,107100.0
13837,2026-06-10,Данияр,Астана,Мышь беспроводная,1,14800.0,14800.0
13838,2026-06-10,Данияр,Шымкент,Док-станция USB-C,5,53000.0,264900.0
13839,2026-06-10,Айгерим,Алматы,"Монитор 27""",2,129800.0,259600.0
13840,2026-06-10,Данияр,Алматы,Наушники ANC,2,66200.0,132300.0
13841,2026-06-10,Мария,Астана,"Монитор 27""",2,139800.0,279700.0
13842,2026-06-10,Данияр,Алматы,Ноутбук Pro 14,3,395400.0,1186300.0
13843,2026-06-10,Данияр,Шымкент,Ноутбук Pro 14,1,440900.0,440900.0
13844,2026-06-10,Данияр,Алматы,Ноутбук Pro 14,1,411500.0,411500.0
13845,2026-06-10,Мария,Шымкент,Наушники ANC,1,68300.0,68300.0
13846,2026-06-10,Светлана,Алматы,Ноутбук Pro 14,5,412700.0,2063600.0
13847,2026-06-10,Мария,Астана,"Монитор 27""",1,131500.0,131500.0
13848,2026-06-10,Данияр,Шымкент,Клавиатура механ.,2,33200.0,66300.0
13849,2026-06-10,Данияр,Алматы,Ноутбук Pro 14,2,413200.0,826400.0
13850,2026-06-10,Мария,Алматы,Ноутбук Pro 14,1,428100.0,428100.0
13851,2026-06-10,Светлана,Астана,Ноутбук Pro 14,3,422600.0,1267900.0
13852,2026-06-10,Ерлан,Алматы,Наушники ANC,2,66800.0,133600.0
13853,2026-06-10,Ерлан,Астана,Наушники ANC,1,71300.0,71300.0
13854,2026-06-10,Айгерим,Алматы,Наушники ANC,2,68800.0,137700.0
13855,2026-06-10,Айгерим,Шымкент,Клавиатура механ.,1,30000.0,30000.0
13856,2026-06-10,Светлана,Алматы,Док-станция USB-C,1,57600.0,57600.0
13857,2026-06-10,Светлана,Астана,"Монитор 27""",2,132300.0,264600.0
13858,2026-06-11,Ерлан,Алматы,Веб-камера 4K,5,38900.0,194600.0
13859,2026-06-11,Айгерим,Алматы,Клавиатура механ.,2,31300.0,62600.0
13860,2026-06-11,Ерлан,Алматы,Клавиатура механ.,1,32600.0,32600.0
13861,2026-06-11,Ерлан,Шымкент,Док-станция USB-C,2,52200.0,104500.0
13862,2026-06-11,Данияр,Алматы,Веб-камера 4K,5,42400.0,212200.0
13863,2026-06-11,Айгерим,Алматы,Мышь беспроводная,5,13600.0,68100.0
13864,2026-06-11,Светлана,Алматы,Веб-камера 4K,3,41400.0,124300.0
13865,2026-06-11,Ерлан,Алматы,Док-станция USB-C,1,54300.0,54300.0
13866,2026-06-11,Ерлан,Шымкент,"Монитор 27""",5,133200.0,666000.0
13867,2026-06-11,Данияр,Шымкент,Веб-камера 4K,2,41700.0,83300.0
13868,2026-06-11,Айгерим,Караганда,Ноутбук Pro 14,3,417300.0,1251900.0
13869,2026-06-11,Светлана,Астана,Клавиатура механ.,5,32000.0,160100.0
13870,2026-06-11,Айгерим,Астана,Мышь беспроводная,1,14200.0,14200.0
13871,2026-06-11,Данияр,Астана,Веб-камера 4K,2,38300.0,76600.0
13872,2026-06-11,Данияр,Шымкент,Мышь беспроводная,3,15200.0,45600.0
13873,2026-06-11,Ерлан,Алматы,Наушники ANC,1,63700.0,63700.0
13874,2026-06-11,Айгерим,Астана,Док-станция USB-C,3,53600.0,160700.0
13875,2026-06-11,Айгерим,Алматы,Наушники ANC,1,65000.0,65000.0
13876,2026-06-11,Мария,Астана,Веб-камера 4K,3,38400.0,115100.0
13877,2026-06-11,Мария,Шымкент,"Монитор 27""",2,132700.0,265400.0
13878,2026-06-11,Айгерим,Астана,Мышь беспроводная,1,14900.0,14900.0
13879,2026-06-11,Айгерим,Алматы,"Монитор 27""",2,127700.0,255300.0
13880,2026-06-12,Светлана,Алматы,Ноутбук Pro 14,1,408800.0,408800.0
13881,2026-06-12,Мария,Алматы,Клавиатура механ.,1,33500.0,33500.0
13882,2026-06-12,Мария,Алматы,Клавиатура механ.,5,33300.0,166500.0
13883,2026-06-12,Мария,Алматы,Док-станция USB-C,2,53100.0,106200.0
13884,2026-06-12,Светлана,Шымкент,Клавиатура механ.,2,32600.0,65200.0
13885,2026-06-12,Мария,Алматы,Мышь беспроводная,1,13700.0,13700.0
13886,2026-06-12,Данияр,Алматы,Наушники ANC,1,69200.0,69200.0
13887,2026-06-12,Ерлан,Алматы,Док-станция USB-C,2,58600.0,117300.0
13888,2026-06-12,Айгерим,Астана,Ноутбук Pro 14,2,435600.0,871300.0
13889,2026-06-12,Айгерим,Караганда,Наушники ANC,3,68800.0,206400.0
13890,2026-06-12,Айгерим,Астана,Мышь беспроводная,1,13400.0,13400.0
13891,2026-06-12,Светлана,Алматы,Клавиатура механ.,1,32700.0,32700.0
13892,2026-06-12,Айгерим,Астана,Ноутбук Pro 14,3,440000.0,1319900.0
13893,2026-06-12,Мария,Шымкент,Ноутбук Pro 14,5,429900.0,2149600.0
13894,2026-06-12,Айгерим,Астана,Веб-камера 4K,2,39300.0,78600.0
13895,2026-06-12,Айгерим,Шымкент,Клавиатура механ.,1,30800.0,30800.0
13896,2026-06-12,Айгерим,Алматы,Мышь беспроводная,2,14000.0,27900.0
13897,2026-06-12,Айгерим,Караганда,Наушники ANC,1,68100.0,68100.0
13898,2026-06-12,Светлана,Алматы,Наушники ANC,1,62800.0,62800.0
13899,2026-06-12,Мария,Алматы,Ноутбук Pro 14,1,392900.0,392900.0
13900,2026-06-12,Светлана,Астана,"Монитор 27""",3,135300.0,405800.0
13901,2026-06-12,Данияр,Астана,Ноутбук Pro 14,3,424400.0,1273300.0
13902,2026-06-12,Ерлан,Алматы,Мышь беспроводная,2,13400.0,26700.0
13903,2026-06-12,Айгерим,Алматы,Веб-камера 4K,2,38300.0,76600.0
13904,2026-06-12,Айгерим,Астана,Ноутбук Pro 14,1,387500.0,387500.0
13905,2026-06-12,Ерлан,Алматы,Ноутбук Pro 14,1,439900.0,439900.0
13906,2026-06-12,Данияр,Астана,"Монитор 27""",1,131800.0,131800.0
13907,2026-06-12,Данияр,Астана,Ноутбук Pro 14,2,421400.0,842800.0
13908,2026-06-12,Светлана,Алматы,Док-станция USB-C,1,57600.0,57600.0
13909,2026-06-12,Мария,Алматы,Наушники ANC,3,69800.0,209300.0
13910,2026-06-12,Айгерим,Астана,Наушники ANC,3,66200.0,198500.0
13911,2026-06-12,Светлана,Алматы,"Монитор 27""",2,125700.0,251500.0
13912,2026-06-13,Мария,Астана,"Монитор 27""",1,137200.0,137200.0
13913,2026-06-13,Светлана,Алматы,Наушники ANC,2,71000.0,142000.0
13914,2026-06-13,Светлана,Шымкент,"Монитор 27""",1,133300.0,133300.0
13915,2026-06-13,Данияр,Алматы,Веб-камера 4K,1,42400.0,42400.0
13916,2026-06-13,Мария,Алматы,Ноутбук Pro 14,2,405800.0,811700.0
13917,2026-06-13,Данияр,Астана,Док-станция USB-C,3,58500.0,175400.0
13918,2026-06-13,Ерлан,Астана,Веб-камера 4K,3,38600.0,115700.0
13919,2026-06-13,Данияр,Алматы,Ноутбук Pro 14,1,433800.0,433800.0
13920,2026-06-13,Светлана,Алматы,Наушники ANC,1,69500.0,69500.0
13921,2026-06-13,Мария,Алматы,Мышь беспроводная,1,13500.0,13500.0
13922,2026-06-13,Данияр,Астана,Док-станция USB-C,1,54000.0,54000.0
13923,2026-06-13,Мария,Астана,Мышь беспроводная,2,13600.0,27300.0
13924,2026-06-14,Данияр,Астана,Мышь беспроводная,1,14300.0,14300.0
13925,2026-06-14,Мария,Алматы,"Монитор 27""",1,128100.0,128100.0
13926,2026-06-14,Данияр,Караганда,"Монитор 27""",1,138400.0,138400.0
13927,2026-06-14,Ерлан,Алматы,Док-станция USB-C,1,57900.0,57900.0
13928,2026-06-14,Мария,Алматы,Наушники ANC,2,68300.0,136700.0
13929,2026-06-14,Светлана,Шымкент,Наушники ANC,5,68800.0,343800.0
13930,2026-06-14,Мария,Шымкент,Док-станция USB-C,3,56800.0,170400.0
13931,2026-06-14,Мария,Алматы,Наушники ANC,2,63200.0,126500.0
13932,2026-06-14,Мария,Алматы,"Монитор 27""",5,135500.0,677700.0
13933,2026-06-14,Ерлан,Астана,Мышь беспроводная,2,14000.0,28000.0
13934,2026-06-14,Мария,Астана,"Монитор 27""",2,128600.0,257300.0
13935,2026-06-14,Ерлан,Алматы,Док-станция USB-C,3,58000.0,174100.0
13936,2026-06-15,Светлана,Караганда,Наушники ANC,1,71400.0,71400.0
13937,2026-06-15,Светлана,Астана,Мышь беспроводная,1,14300.0,14300.0
13938,2026-06-15,Айгерим,Астана,Док-станция USB-C,2,55300.0,110600.0
13939,2026-06-15,Айгерим,Астана,Ноутбук Pro 14,5,386600.0,1932800.0
13940,2026-06-15,Айгерим,Астана,Мышь беспроводная,2,14000.0,28000.0
13941,2026-06-15,Мария,Алматы,"Монитор 27""",1,135500.0,135500.0
13942,2026-06-15,Мария,Астана,Веб-камера 4K,2,41400.0,82800.0
13943,2026-06-15,Мария,Астана,"Монитор 27""",2,131700.0,263500.0
13944,2026-06-15,Ерлан,Алматы,Веб-камера 4K,2,38800.0,77700.0
13945,2026-06-15,Айгерим,Астана,Док-станция USB-C,5,56100.0,280300.0
13946,2026-06-15,Светлана,Шымкент,"Монитор 27""",1,140500.0,140500.0
13947,2026-06-15,Мария,Шымкент,Ноутбук Pro 14,2,436600.0,873200.0
13948,2026-06-15,Мария,Алматы,Мышь беспроводная,1,15000.0,15000.0
13949,2026-06-15,Светлана,Алматы,Веб-камера 4K,5,41400.0,206900.0
13950,2026-06-15,Айгерим,Шымкент,Клавиатура механ.,2,32400.0,64800.0
13951,2026-06-15,Ерлан,Алматы,Наушники ANC,2,65000.0,130000.0
13952,2026-06-15,Мария,Астана,Клавиатура механ.,3,33000.0,99100.0
13953,2026-06-15,Светлана,Алматы,Ноутбук Pro 14,1,405300.0,405300.0
13954,2026-06-15,Мария,Шымкент,Ноутбук Pro 14,1,402800.0,402800.0
13955,2026-06-15,Айгерим,Алматы,Клавиатура механ.,1,30500.0,30500.0
13956,2026-06-15,Мария,Алматы,Клавиатура механ.,1,32700.0,32700.0
13957,2026-06-15,Данияр,Алматы,Ноутбук Pro 14,2,429800.0,859600.0
13958,2026-06-15,Ерлан,Шымкент,Веб-камера 4K,3,37800.0,113500.0
13959,2026-06-15,Айгерим,Шымкент,Наушники ANC,5,63400.0,316800.0
13960,2026-06-15,Мария,Алматы,Док-станция USB-C,2,54400.0,108800.0
13961,2026-06-15,Ерлан,Астана,Наушники ANC,2,70900.0,141800.0
13962,2026-06-15,Айгерим,Астана,Мышь беспроводная,5,14600.0,73200.0
13963,2026-06-16,Айгерим,Астана,Ноутбук Pro 14,2,398200.0,796300.0
13964,2026-06-16,Данияр,Астана,Клавиатура механ.,1,31700.0,31700.0
13965,2026-06-16,Ерлан,Алматы,Ноутбук Pro 14,5,391100.0,1955600.0
13966,2026-06-16,Айгерим,Алматы,Док-станция USB-C,1,54100.0,54100.0
13967,2026-06-16,Светлана,Караганда,"Монитор 27""",3,138100.0,414400.0
13968,2026-06-16,Айгерим,Астана,Док-станция USB-C,2,52500.0,105000.0
13969,2026-06-16,Айгерим,Алматы,Мышь беспроводная,5,13800.0,69200.0
13970,2026-06-16,Ерлан,Астана,Док-станция USB-C,5,54800.0,274000.0
13971,2026-06-16,Ерлан,Шымкент,Мышь беспроводная,1,14200.0,14200.0
13972,2026-06-16,Айгерим,Алматы,Док-станция USB-C,2,53500.0,106900.0
13973,2026-06-16,Ерлан,Шымкент,Клавиатура механ.,1,30100.0,30100.0
13974,2026-06-16,Светлана,Караганда,Клавиатура механ.,3,32400.0,97300.0
13975,2026-06-16,Айгерим,Шымкент,Наушники ANC,1,63800.0,63800.0
13976,2026-06-16,Мария,Астана,Веб-камера 4K,1,39500.0,39500.0
13977,2026-06-17,Айгерим,Шымкент,"Монитор 27""",2,139100.0,278300.0
13978,2026-06-17,Светлана,Караганда,Ноутбук Pro 14,2,398600.0,797100.0
13979,2026-06-17,Данияр,Алматы,Мышь беспроводная,3,15100.0,45200.0
13980,2026-06-17,Ерлан,Караганда,Ноутбук Pro 14,1,434100.0,434100.0
13981,2026-06-17,Айгерим,Алматы,Мышь беспроводная,3,14500.0,43600.0
13982,2026-06-17,Айгерим,Караганда,Веб-камера 4K,2,41800.0,83600.0
13983,2026-06-17,Светлана,Астана,Веб-камера 4K,2,39400.0,78800.0
13984,2026-06-17,Данияр,Алматы,Ноутбук Pro 14,3,407400.0,1222300.0
13985,2026-06-17,Светлана,Шымкент,"Монитор 27""",2,137600.0,275100.0
13986,2026-06-17,Айгерим,Алматы,Клавиатура механ.,1,33500.0,33500.0
13987,2026-06-17,Светлана,Шымкент,Клавиатура механ.,3,33200.0,99600.0
13988,2026-06-17,Айгерим,Астана,"Монитор 27""",1,126900.0,126900.0
13989,2026-06-17,Данияр,Астана,Мышь беспроводная,2,13500.0,27100.0
13990,2026-06-17,Данияр,Астана,Клавиатура механ.,3,31200.0,93500.0
13991,2026-06-17,Айгерим,Караганда,Ноутбук Pro 14,2,401200.0,802300.0
13992,2026-06-17,Мария,Астана,Веб-камера 4K,3,38800.0,116400.0
13993,2026-06-17,Светлана,Астана,Ноутбук Pro 14,1,396900.0,396900.0
13994,2026-06-17,Мария,Астана,Клавиатура механ.,1,32800.0,32800.0
13995,2026-06-17,Айгерим,Караганда,Мышь беспроводная,1,13400.0,13400.0
13996,2026-06-17,Айгерим,Шымкент,Ноутбук Pro 14,2,431800.0,863600.0
13997,2026-06-17,Данияр,Астана,Док-станция USB-C,2,56400.0,112700.0
13998,2026-06-17,Ерлан,Алматы,Веб-камера 4K,1,38000.0,38000.0
13999,2026-06-17,Данияр,Астана,Веб-камера 4K,1,42600.0,42600.0
14000,2026-06-17,Айгерим,Астана,Мышь беспроводная,3,14700.0,44200.0
14001,2026-06-17,Ерлан,Караганда,"Монитор 27""",2,130300.0,260700.0
14002,2026-06-18,Ерлан,Алматы,Веб-камера 4K,3,40100.0,120400.0
14003,2026-06-18,Светлана,Алматы,Наушники ANC,1,68700.0,68700.0
14004,2026-06-18,Айгерим,Астана,Док-станция USB-C,5,54300.0,271600.0
14005,2026-06-18,Данияр,Астана,Док-станция USB-C,1,56600.0,56600.0
14006,2026-06-18,Светлана,Алматы,"Монитор 27""",1,138700.0,138700.0
14007,2026-06-18,Айгерим,Шымкент,Наушники ANC,2,71200.0,142500.0
14008,2026-06-18,Данияр,Алматы,Веб-камера 4K,2,42400.0,84800.0
14009,2026-06-18,Айгерим,Караганда,"Монитор 27""",1,124500.0,124500.0
14010,2026-06-18,Данияр,Алматы,Веб-камера 4K,1,37800.0,37800.0
14011,2026-06-18,Ерлан,Шымкент,Наушники ANC,2,63200.0,126300.0
14012,2026-06-18,Данияр,Алматы,Ноутбук Pro 14,1,430000.0,430000.0
14013,2026-06-18,Данияр,Астана,Наушники ANC,5,70400.0,352200.0
14014,2026-06-18,Ерлан,Алматы,Ноутбук Pro 14,1,414500.0,414500.0
14015,2026-06-18,Айгерим,Шымкент,Мышь беспроводная,5,14700.0,73500.0
14016,2026-06-18,Мария,Шымкент,Ноутбук Pro 14,3,403500.0,1210500.0
14017,2026-06-18,Мария,Шымкент,Наушники ANC,5,65000.0,325200.0
14018,2026-06-18,Мария,Шымкент,Веб-камера 4K,5,38100.0,190500.0
14019,2026-06-18,Мария,Астана,Наушники ANC,1,66400.0,66400.0
14020,2026-06-19,Ерлан,Алматы,Мышь беспроводная,3,13900.0,41600.0
14021,2026-06-19,Ерлан,Алматы,"Монитор 27""",1,141100.0,141100.0
14022,2026-06-19,Светлана,Алматы,Мышь беспроводная,1,14500.0,14500.0
14023,2026-06-19,Ерлан,Алматы,"Монитор 27""",5,130000.0,650000.0
14024,2026-06-19,Айгерим,Караганда,Мышь беспроводная,1,15100.0,15100.0
14025,2026-06-19,Светлана,Астана,Веб-камера 4K,1,39100.0,39100.0
14026,2026-06-19,Айгерим,Шымкент,Ноутбук Pro 14,1,418700.0,418700.0
14027,2026-06-19,Айгерим,Астана,Док-станция USB-C,1,55400.0,55400.0
14028,2026-06-19,Данияр,Алматы,Веб-камера 4K,5,42100.0,210700.0
14029,2026-06-19,Айгерим,Астана,Веб-камера 4K,1,42400.0,42400.0
14030,2026-06-19,Мария,Астана,Клавиатура механ.,1,33600.0,33600.0
14031,2026-06-19,Мария,Шымкент,Ноутбук Pro 14,5,439300.0,2196700.0
14032,2026-06-19,Айгерим,Астана,Ноутбук Pro 14,2,409700.0,819500.0
14033,2026-06-19,Айгерим,Астана,Док-станция USB-C,2,52400.0,104700.0
14034,2026-06-19,Ерлан,Алматы,Наушники ANC,1,68700.0,68700.0
14035,2026-06-19,Данияр,Астана,"Монитор 27""",1,130700.0,130700.0
14036,2026-06-19,Айгерим,Астана,Мышь беспроводная,3,15000.0,44900.0
14037,2026-06-19,Айгерим,Астана,Клавиатура механ.,1,32900.0,32900.0
14038,2026-06-19,Светлана,Алматы,"Монитор 27""",2,129900.0,259900.0
14039,2026-06-19,Мария,Алматы,Клавиатура механ.,1,32100.0,32100.0
14040,2026-06-19,Светлана,Астана,Док-станция USB-C,1,52700.0,52700.0
14041,2026-06-19,Светлана,Шымкент,Мышь беспроводная,1,14100.0,14100.0
14042,2026-06-19,Айгерим,Алматы,"Монитор 27""",1,135700.0,135700.0
14043,2026-06-19,Айгерим,Шымкент,Наушники ANC,5,70500.0,352400.0
14044,2026-06-19,Ерлан,Астана,Веб-камера 4K,3,41900.0,125600.0
14045,2026-06-19,Мария,Алматы,Док-станция USB-C,5,53000.0,264900.0
14046,2026-06-19,Данияр,Шымкент,Ноутбук Pro 14,3,390900.0,1172700.0
14047,2026-06-20,Данияр,Алматы,Мышь беспроводная,1,14700.0,14700.0
14048,2026-06-20,Ерлан,Алматы,Ноутбук Pro 14,2,437800.0,875500.0
14049,2026-06-20,Ерлан,Астана,Клавиатура механ.,5,33000.0,164800.0
14050,2026-06-20,Мария,Алматы,Наушники ANC,1,68800.0,68800.0
14051,2026-06-20,Мария,Алматы,Ноутбук Pro 14,1,399000.0,399000.0
14052,2026-06-20,Данияр,Алматы,Ноутбук Pro 14,2,431200.0,862300.0
14053,2026-06-20,Ерлан,Астана,"Монитор 27""",1,130500.0,130500.0
14054,2026-06-20,Айгерим,Астана,"Монитор 27""",5,141700.0,708300.0
14055,2026-06-20,Данияр,Алматы,Веб-камера 4K,2,40400.0,80700.0
14056,2026-06-20,Данияр,Алматы,"Монитор 27""",2,135100.0,270200.0
14057,2026-06-21,Данияр,Шымкент,Веб-камера 4K,2,37700.0,75500.0
14058,2026-06-21,Мария,Алматы,Клавиатура механ.,3,29500.0,88400.0
14059,2026-06-21,Мария,Караганда,Док-станция USB-C,2,52400.0,104900.0
14060,2026-06-21,Айгерим,Алматы,Мышь беспроводная,1,14000.0,14000.0
14061,2026-06-21,Айгерим,Караганда,Клавиатура механ.,5,33500.0,167500.0
14062,2026-06-21,Ерлан,Алматы,Наушники ANC,1,67500.0,67500.0
14063,2026-06-21,Айгерим,Караганда,Ноутбук Pro 14,2,420700.0,841300.0
14064,2026-06-21,Светлана,Алматы,Ноутбук Pro 14,1,387000.0,387000.0
14065,2026-06-21,Айгерим,Алматы,Клавиатура механ.,1,30600.0,30600.0
14066,2026-06-21,Данияр,Шымкент,Веб-камера 4K,1,40500.0,40500.0
14067,2026-06-21,Светлана,Шымкент,Док-станция USB-C,5,53800.0,269100.0
14068,2026-06-21,Айгерим,Алматы,Наушники ANC,5,68800.0,344000.0
14069,2026-06-21,Светлана,Астана,Док-станция USB-C,5,55200.0,276100.0
14070,2026-06-22,Ерлан,Караганда,Веб-камера 4K,5,37800.0,189100.0
14071,2026-06-22,Мария,Шымкент,Веб-камера 4K,1,39200.0,39200.0
14072,2026-06-22,Айгерим,Алматы,Док-станция USB-C,2,52000.0,103900.0
14073,2026-06-22,Ерлан,Алматы,Мышь беспроводная,1,13800.0,13800.0
14074,2026-06-22,Мария,Астана,Клавиатура механ.,3,33300.0,99800.0
14075,2026-06-22,Данияр,Алматы,Веб-камера 4K,1,40700.0,40700.0
14076,2026-06-22,Данияр,Астана,"Монитор 27""",2,124200.0,248400.0
14077,2026-06-22,Айгерим,Алматы,Мышь беспроводная,2,13600.0,27200.0
14078,2026-06-22,Айгерим,Астана,Наушники ANC,2,67300.0,134600.0
14079,2026-06-22,Мария,Астана,Наушники ANC,5,67700.0,338700.0
14080,2026-06-22,Айгерим,Алматы,Док-станция USB-C,5,58400.0,292000.0
14081,2026-06-22,Айгерим,Караганда,Док-станция USB-C,1,57100.0,57100.0
14082,2026-06-22,Данияр,Астана,Ноутбук Pro 14,1,419300.0,419300.0
14083,2026-06-22,Мария,Алматы,"Монитор 27""",2,137300.0,274700.0
14084,2026-06-22,Ерлан,Астана,Наушники ANC,3,70700.0,212200.0
14085,2026-06-22,Мария,Караганда,Ноутбук Pro 14,2,435600.0,871100.0
14086,2026-06-22,Айгерим,Астана,Клавиатура механ.,3,30100.0,90200.0
14087,2026-06-22,Светлана,Астана,Клавиатура механ.,2,31900.0,63900.0
14088,2026-06-22,Айгерим,Астана,Мышь беспроводная,1,14400.0,14400.0
14089,2026-06-23,Айгерим,Шымкент,Мышь беспроводная,3,14900.0,44600.0
14090,2026-06-23,Айгерим,Алматы,Клавиатура механ.,3,31500.0,94400.0
14091,2026-06-23,Данияр,Караганда,Ноутбук Pro 14,2,399800.0,799700.0
14092,2026-06-23,Светлана,Алматы,Док-станция USB-C,3,56900.0,170600.0
14093,2026-06-23,Данияр,Алматы,Наушники ANC,1,68400.0,68400.0
14094,2026-06-23,Мария,Астана,"Монитор 27""",3,125000.0,375100.0
14095,2026-06-23,Айгерим,Шымкент,"Монитор 27""",2,129700.0,259500.0
14096,2026-06-23,Айгерим,Астана,Ноутбук Pro 14,5,412700.0,2063600.0
14097,2026-06-23,Айгерим,Алматы,Веб-камера 4K,1,38700.0,38700.0
14098,2026-06-23,Ерлан,Астана,Наушники ANC,1,65000.0,65000.0
14099,2026-06-23,Светлана,Алматы,Клавиатура механ.,1,30000.0,30000.0
14100,2026-06-23,Ерлан,Шымкент,Веб-камера 4K,1,41000.0,41000.0
14101,2026-06-23,Данияр,Астана,Наушники ANC,1,65600.0,65600.0
14102,2026-06-23,Айгерим,Караганда,"Монитор 27""",1,130000.0,130000.0
14103,2026-06-23,Светлана,Астана,Наушники ANC,1,65000.0,65000.0
14104,2026-06-23,Айгерим,Шымкент,Мышь беспроводная,2,14600.0,29200.0
14105,2026-06-23,Айгерим,Астана,Клавиатура механ.,1,33400.0,33400.0
14106,2026-06-23,Данияр,Шымкент,Док-станция USB-C,2,52600.0,105100.0
14107,2026-06-23,Данияр,Астана,Клавиатура механ.,1,33400.0,33400.0
14108,2026-06-23,Мария,Астана,Наушники ANC,2,66700.0,133400.0
14109,2026-06-23,Мария,Алматы,Ноутбук Pro 14,2,417000.0,834000.0
14110,2026-06-23,Мария,Караганда,Док-станция USB-C,1,52700.0,52700.0
14111,2026-06-23,Данияр,Астана,Клавиатура механ.,1,31700.0,31700.0
14112,2026-06-23,Ерлан,Шымкент,Наушники ANC,3,69100.0,207200.0
14113,2026-06-23,Данияр,Караганда,"Монитор 27""",1,133100.0,133100.0
14114,2026-06-23,Айгерим,Астана,Клавиатура механ.,3,29900.0,89700.0
14115,2026-06-23,Мария,Алматы,Наушники ANC,5,63500.0,317600.0
14116,2026-06-23,Айгерим,Шымкент,Веб-камера 4K,2,41200.0,82400.0
14117,2026-06-23,Айгерим,Астана,Веб-камера 4K,1,42100.0,42100.0
14118,2026-06-23,Данияр,Астана,Наушники ANC,1,68000.0,68000.0
14119,2026-06-23,Ерлан,Астана,Мышь беспроводная,1,14000.0,14000.0
14120,2026-06-24,Данияр,Караганда,Наушники ANC,2,70200.0,140400.0
14121,2026-06-24,Данияр,Астана,Веб-камера 4K,5,40000.0,199800.0
14122,2026-06-24,Айгерим,Алматы,Ноутбук Pro 14,3,396500.0,1189600.0
14123,2026-06-24,Айгерим,Астана,"Монитор 27""",3,136700.0,410200.0
14124,2026-06-24,Айгерим,Алматы,Ноутбук Pro 14,3,438100.0,1314300.0
14125,2026-06-24,Айгерим,Алматы,Наушники ANC,1,68100.0,68100.0
14126,2026-06-24,Айгерим,Алматы,"Монитор 27""",3,133700.0,401100.0
14127,2026-06-24,Данияр,Алматы,Мышь беспроводная,1,14000.0,14000.0
14128,2026-06-24,Светлана,Алматы,Наушники ANC,1,70400.0,70400.0
14129,2026-06-24,Ерлан,Шымкент,"Монитор 27""",2,125800.0,251700.0
14130,2026-06-24,Данияр,Алматы,Мышь беспроводная,2,14500.0,29000.0
14131,2026-06-24,Ерлан,Астана,Ноутбук Pro 14,2,393700.0,787400.0
14132,2026-06-24,Ерлан,Астана,Ноутбук Pro 14,1,418500.0,418500.0
14133,2026-06-24,Айгерим,Астана,Ноутбук Pro 14,2,432700.0,865400.0
14134,2026-06-24,Светлана,Алматы,"Монитор 27""",1,127600.0,127600.0
14135,2026-06-24,Светлана,Шымкент,Ноутбук Pro 14,1,395600.0,395600.0
14136,2026-06-24,Айгерим,Астана,Веб-камера 4K,1,40700.0,40700.0
14137,2026-06-24,Мария,Караганда,"Монитор 27""",2,126100.0,252300.0
14138,2026-06-24,Светлана,Алматы,"Монитор 27""",1,125100.0,125100.0
14139,2026-06-24,Айгерим,Алматы,Наушники ANC,2,67400.0,134700.0
14140,2026-06-24,Мария,Шымкент,"Монитор 27""",1,125400.0,125400.0
14141,2026-06-24,Данияр,Алматы,Мышь беспроводная,1,14700.0,14700.0
14142,2026-06-24,Мария,Алматы,Ноутбук Pro 14,2,400200.0,800300.0
14143,2026-06-24,Айгерим,Караганда,"Монитор 27""",2,140300.0,280600.0
14144,2026-06-25,Ерлан,Караганда,Веб-камера 4K,1,42100.0,42100.0
14145,2026-06-25,Светлана,Караганда,Ноутбук Pro 14,2,408900.0,817900.0
14146,2026-06-25,Ерлан,Алматы,"Монитор 27""",3,134000.0,401900.0
14147,2026-06-25,Мария,Алматы,Мышь беспроводная,5,15200.0,76100.0
14148,2026-06-25,Светлана,Астана,Мышь беспроводная,1,15100.0,15100.0
14149,2026-06-25,Светлана,Алматы,"Монитор 27""",5,133000.0,665200.0
14150,2026-06-25,Данияр,Алматы,Наушники ANC,1,67100.0,67100.0
14151,2026-06-25,Ерлан,Алматы,Док-станция USB-C,3,51900.0,155700.0
14152,2026-06-25,Ерлан,Астана,"Монитор 27""",3,127700.0,383200.0
14153,2026-06-25,Айгерим,Алматы,Мышь беспроводная,1,13800.0,13800.0
14154,2026-06-25,Ерлан,Алматы,Мышь беспроводная,1,13600.0,13600.0
14155,2026-06-25,Данияр,Астана,Веб-камера 4K,1,39500.0,39500.0
14156,2026-06-25,Мария,Алматы,Клавиатура механ.,2,31900.0,63800.0
14157,2026-06-25,Данияр,Шымкент,Док-станция USB-C,1,56700.0,56700.0
14158,2026-06-25,Мария,Караганда,"Монитор 27""",2,135300.0,270700.0
14159,2026-06-25,Светлана,Астана,Клавиатура механ.,1,31200.0,31200.0
14160,2026-06-25,Айгерим,Шымкент,Ноутбук Pro 14,2,400700.0,801400.0
14161,2026-06-25,Айгерим,Караганда,Веб-камера 4K,1,37800.0,37800.0
14162,2026-06-25,Светлана,Алматы,Веб-камера 4K,2,40300.0,80700.0
14163,2026-06-26,Светлана,Алматы,Наушники ANC,2,69400.0,138800.0
14164,2026-06-26,Данияр,Астана,Наушники ANC,1,69800.0,69800.0
14165,2026-06-26,Ерлан,Караганда,Ноутбук Pro 14,1,432400.0,432400.0
14166,2026-06-26,Мария,Астана,Док-станция USB-C,2,58600.0,117300.0
14167,2026-06-26,Мария,Алматы,Клавиатура механ.,2,31500.0,63000.0
14168,2026-06-26,Айгерим,Астана,Док-станция USB-C,1,56600.0,56600.0
14169,2026-06-26,Ерлан,Алматы,Наушники ANC,1,65000.0,65000.0
14170,2026-06-26,Данияр,Алматы,"Монитор 27""",5,141600.0,707900.0
14171,2026-06-26,Айгерим,Караганда,Клавиатура механ.,1,32700.0,32700.0
14172,2026-06-26,Ерлан,Астана,Мышь беспроводная,5,13600.0,67900.0
14173,2026-06-26,Ерлан,Алматы,"Монитор 27""",2,127400.0,254700.0
14174,2026-06-26,Мария,Караганда,Мышь беспроводная,5,14200.0,71000.0
14175,2026-06-26,Данияр,Астана,Мышь беспроводная,3,14400.0,43100.0
14176,2026-06-26,Данияр,Алматы,Док-станция USB-C,1,58400.0,58400.0
14177,2026-06-26,Светлана,Алматы,Клавиатура механ.,3,31000.0,92900.0
14178,2026-06-26,Мария,Караганда,Ноутбук Pro 14,1,420700.0,420700.0
14179,2026-06-26,Данияр,Алматы,Наушники ANC,1,63800.0,63800.0
14180,2026-06-26,Мария,Караганда,Наушники ANC,2,65000.0,130000.0
14181,2026-06-26,Айгерим,Шымкент,Наушники ANC,1,68300.0,68300.0
14182,2026-06-26,Данияр,Алматы,Ноутбук Pro 14,1,418100.0,418100.0
14183,2026-06-26,Светлана,Алматы,Мышь беспроводная,1,13700.0,13700.0
14184,2026-06-26,Айгерим,Алматы,"Монитор 27""",5,132800.0,664200.0
14185,2026-06-26,Айгерим,Шымкент,Веб-камера 4K,1,42200.0,42200.0
14186,2026-06-26,Айгерим,Астана,Мышь беспроводная,1,13900.0,13900.0
14187,2026-06-26,Данияр,Алматы,Наушники ANC,2,70900.0,141700.0
14188,2026-06-26,Ерлан,Алматы,Ноутбук Pro 14,3,418000.0,1254100.0
14189,2026-06-26,Светлана,Алматы,Мышь беспроводная,3,13700.0,41000.0
14190,2026-06-26,Ерлан,Шымкент,Док-станция USB-C,3,53100.0,159200.0
14191,2026-06-27,Мария,Астана,Наушники ANC,2,69900.0,139900.0
14192,2026-06-27,Данияр,Астана,"Монитор 27""",1,132000.0,132000.0
14193,2026-06-27,Ерлан,Астана,Док-станция USB-C,1,54500.0,54500.0
14194,2026-06-27,Данияр,Астана,Клавиатура механ.,5,30400.0,152000.0
14195,2026-06-27,Айгерим,Астана,"Монитор 27""",1,136200.0,136200.0
14196,2026-06-27,Ерлан,Алматы,Док-станция USB-C,1,56100.0,56100.0
14197,2026-06-27,Ерлан,Алматы,Наушники ANC,2,66900.0,133800.0
14198,2026-06-27,Мария,Астана,Ноутбук Pro 14,1,429300.0,429300.0
14199,2026-06-27,Айгерим,Алматы,Наушники ANC,1,70700.0,70700.0
14200,2026-06-27,Мария,Алматы,Док-станция USB-C,2,54900.0,109900.0
14201,2026-06-27,Данияр,Астана,Веб-камера 4K,1,41700.0,41700.0
14202,2026-06-27,Ерлан,Шымкент,"Монитор 27""",2,125700.0,251300.0
14203,2026-06-27,Мария,Караганда,Наушники ANC,3,62600.0,187900.0
14204,2026-06-27,Айгерим,Астана,Док-станция USB-C,2,53600.0,107300.0
14205,2026-06-27,Светлана,Алматы,Мышь беспроводная,3,15100.0,45200.0
14206,2026-06-27,Айгерим,Алматы,Наушники ANC,2,63500.0,126900.0
14207,2026-06-28,Данияр,Астана,Мышь беспроводная,2,14200.0,28300.0
14208,2026-06-28,Мария,Шымкент,Клавиатура механ.,1,31000.0,31000.0
14209,2026-06-28,Данияр,Алматы,Мышь беспроводная,2,14900.0,29900.0
14210,2026-06-28,Айгерим,Алматы,Мышь беспроводная,1,15200.0,15200.0
14211,2026-06-28,Айгерим,Шымкент,Мышь беспроводная,5,15100.0,75700.0
14212,2026-06-28,Мария,Караганда,"Монитор 27""",2,132800.0,265700.0
14213,2026-06-28,Айгерим,Астана,Мышь беспроводная,1,14800.0,14800.0
14214,2026-06-28,Светлана,Шымкент,Веб-камера 4K,2,41700.0,83500.0
14215,2026-06-28,Светлана,Астана,"Монитор 27""",3,128700.0,386000.0
14216,2026-06-28,Данияр,Астана,Ноутбук Pro 14,1,413800.0,413800.0
14217,2026-06-28,Светлана,Караганда,Ноутбук Pro 14,1,399500.0,399500.0
14218,2026-06-28,Данияр,Алматы,Наушники ANC,2,71100.0,142100.0
14219,2026-06-28,Ерлан,Алматы,Клавиатура механ.,5,32100.0,160400.0
14220,2026-06-28,Светлана,Алматы,Клавиатура механ.,1,29800.0,29800.0
14221,2026-06-28,Мария,Алматы,Веб-камера 4K,2,38300.0,76700.0
14222,2026-06-28,Айгерим,Алматы,Наушники ANC,3,67200.0,201700.0
14223,2026-06-28,Ерлан,Алматы,Мышь беспроводная,1,14700.0,14700.0
14224,2026-06-28,Светлана,Караганда,Ноутбук Pro 14,2,399500.0,799000.0
14225,2026-06-29,Айгерим,Астана,"Монитор 27""",2,141600.0,283200.0
14226,2026-06-29,Мария,Астана,Док-станция USB-C,5,57100.0,285700.0
14227,2026-06-29,Светлана,Алматы,Клавиатура механ.,5,31100.0,155400.0
14228,2026-06-29,Мария,Алматы,Док-станция USB-C,3,58200.0,174600.0
14229,2026-06-29,Мария,Алматы,Мышь беспроводная,1,14900.0,14900.0
14230,2026-06-29,Светлана,Астана,Мышь беспроводная,5,15100.0,75400.0
14231,2026-06-29,Айгерим,Караганда,Наушники ANC,5,70300.0,351500.0
14232,2026-06-29,Ерлан,Астана,Мышь беспроводная,2,15100.0,30100.0
14233,2026-06-29,Данияр,Астана,Веб-камера 4K,1,37900.0,37900.0
14234,2026-06-29,Айгерим,Астана,Наушники ANC,5,62600.0,312900.0
14235,2026-06-29,Айгерим,Астана,Ноутбук Pro 14,1,394100.0,394100.0
14236,2026-06-29,Данияр,Алматы,Веб-камера 4K,2,42300.0,84600.0
14237,2026-06-29,Данияр,Шымкент,Клавиатура механ.,3,33600.0,100700.0
14238,2026-06-29,Данияр,Алматы,Наушники ANC,3,70600.0,211900.0
14239,2026-06-29,Светлана,Астана,Наушники ANC,1,69300.0,69300.0
14240,2026-06-29,Мария,Караганда,Ноутбук Pro 14,1,390000.0,390000.0
14241,2026-06-29,Мария,Шымкент,Клавиатура механ.,1,32100.0,32100.0
14242,2026-06-29,Ерлан,Шымкент,Наушники ANC,3,64300.0,193000.0
14243,2026-06-29,Айгерим,Астана,Ноутбук Pro 14,5,418600.0,2093100.0
14244,2026-06-29,Светлана,Алматы,Ноутбук Pro 14,2,401300.0,802600.0
14245,2026-06-29,Айгерим,Астана,Док-станция USB-C,5,54600.0,273100.0
14246,2026-06-29,Мария,Алматы,Наушники ANC,2,70200.0,140500.0
14247,2026-06-29,Данияр,Шымкент,Наушники ANC,5,67600.0,337800.0
14248,2026-06-29,Мария,Астана,Мышь беспроводная,1,13500.0,13500.0
14249,2026-06-29,Данияр,Караганда,Мышь беспроводная,2,15100.0,30200.0
14250,2026-06-29,Айгерим,Алматы,Наушники ANC,1,63600.0,63600.0
14251,2026-06-29,Ерлан,Астана,Веб-камера 4K,2,42300.0,84700.0
14252,2026-06-30,Мария,Караганда,Наушники ANC,3,64100.0,192400.0
14253,2026-06-30,Светлана,Алматы,Мышь беспроводная,1,14700.0,14700.0
14254,2026-06-30,Ерлан,Алматы,Ноутбук Pro 14,1,411100.0,411100.0
14255,2026-06-30,Светлана,Шымкент,Док-станция USB-C,2,53100.0,106300.0
14256,2026-06-30,Ерлан,Караганда,Веб-камера 4K,2,42800.0,85700.0
14257,2026-06-30,Светлана,Алматы,Веб-камера 4K,1,38900.0,38900.0
14258,2026-06-30,Мария,Алматы,Веб-камера 4K,1,41700.0,41700.0
14259,2026-06-30,Айгерим,Алматы,Док-станция USB-C,1,54500.0,54500.0
14260,2026-06-30,Данияр,Алматы,Ноутбук Pro 14,2,429100.0,858200.0
14261,2026-06-30,Данияр,Алматы,Док-станция USB-C,2,52700.0,105300.0
14262,2026-06-30,Данияр,Астана,Док-станция USB-C,2,52300.0,104700.0
14263,2026-06-30,Светлана,Астана,Наушники ANC,3,69000.0,206900.0
14264,2026-06-30,Айгерим,Алматы,Док-станция USB-C,1,53200.0,53200.0
14265,2026-06-30,Ерлан,Астана,Ноутбук Pro 14,1,406600.0,406600.0
14266,2026-06-30,Айгерим,Астана,Веб-камера 4K,1,40400.0,40400.0
14267,2026-06-30,Данияр,Караганда,Наушники ANC,2,65200.0,130400.0
14268,2026-06-30,Айгерим,Алматы,Ноутбук Pro 14,2,417100.0,834200.0
14269,2026-06-30,Айгерим,Алматы,Ноутбук Pro 14,1,439100.0,439100.0
14270,2026-06-30,Данияр,Астана,"Монитор 27""",5,132600.0,663200.0
14271,2026-06-30,Айгерим,Шымкент,Док-станция USB-C,2,58500.0,117000.0
14272,2026-06-30,Ерлан,Шымкент,"Монитор 27""",1,138400.0,138400.0
14273,2026-06-30,Айгерим,Алматы,Клавиатура механ.,5,32400.0,162100.0
14274,2026-07-01,Ерлан,Караганда,Веб-камера 4K,1,41700.0,41700.0
14275,2026-07-01,Ерлан,Караганда,Клавиатура механ.,1,32700.0,32700.0
14276,2026-07-01,Айгерим,Караганда,Наушники ANC,3,65100.0,195200.0
14277,2026-07-01,Ерлан,Астана,Док-станция USB-C,3,57400.0,172300.0
14278,2026-07-01,Светлана,Алматы,Клавиатура механ.,3,33300.0,99900.0
14279,2026-07-01,Данияр,Шымкент,Мышь беспроводная,1,13400.0,13400.0
14280,2026-07-01,Данияр,Астана,Ноутбук Pro 14,3,408500.0,1225400.0
14281,2026-07-01,Айгерим,Алматы,Ноутбук Pro 14,3,421200.0,1263500.0
14282,2026-07-01,Ерлан,Караганда,Ноутбук Pro 14,2,415800.0,831600.0
14283,2026-07-01,Данияр,Алматы,Док-станция USB-C,1,53200.0,53200.0
14284,2026-07-01,Айгерим,Шымкент,Ноутбук Pro 14,1,388600.0,388600.0
14285,2026-07-01,Данияр,Алматы,Док-станция USB-C,1,57500.0,57500.0
14286,2026-07-01,Данияр,Шымкент,Док-станция USB-C,1,51600.0,51600.0
14287,2026-07-01,Айгерим,Алматы,Док-станция USB-C,5,52000.0,259800.0
14288,2026-07-01,Айгерим,Шымкент,Мышь беспроводная,3,13700.0,41200.0
14289,2026-07-01,Айгерим,Алматы,Ноутбук Pro 14,5,423000.0,2115000.0
14290,2026-07-01,Ерлан,Алматы,Мышь беспроводная,1,14600.0,14600.0
14291,2026-07-01,Ерлан,Алматы,Наушники ANC,5,66700.0,333300.0
14292,2026-07-01,Ерлан,Алматы,Веб-камера 4K,1,37800.0,37800.0
14293,2026-07-01,Ерлан,Астана,"Монитор 27""",1,137900.0,137900.0
14294,2026-07-01,Мария,Алматы,Наушники ANC,2,68300.0,136600.0
14295,2026-07-02,Мария,Караганда,Док-станция USB-C,3,56600.0,169900.0
14296,2026-07-02,Айгерим,Астана,Ноутбук Pro 14,1,400700.0,400700.0
14297,2026-07-02,Данияр,Астана,Наушники ANC,1,70200.0,70200.0
14298,2026-07-02,Ерлан,Астана,"Монитор 27""",2,129600.0,259200.0
14299,2026-07-02,Данияр,Алматы,Наушники ANC,3,67900.0,203700.0
14300,2026-07-02,Данияр,Алматы,Наушники ANC,3,65900.0,197700.0
14301,2026-07-02,Светлана,Алматы,"Монитор 27""",2,125600.0,251100.0
14302,2026-07-02,Данияр,Алматы,Клавиатура механ.,1,30400.0,30400.0
14303,2026-07-02,Данияр,Алматы,"Монитор 27""",3,127300.0,381900.0
14304,2026-07-02,Данияр,Шымкент,Клавиатура механ.,1,33400.0,33400.0
14305,2026-07-02,Ерлан,Алматы,"Монитор 27""",2,132100.0,264200.0
14306,2026-07-02,Данияр,Караганда,Веб-камера 4K,5,40300.0,201500.0
14307,2026-07-02,Светлана,Алматы,Ноутбук Pro 14,1,439800.0,439800.0
14308,2026-07-02,Айгерим,Астана,Мышь беспроводная,1,14900.0,14900.0
14309,2026-07-02,Мария,Астана,Наушники ANC,1,64400.0,64400.0
14310,2026-07-02,Данияр,Алматы,Веб-камера 4K,3,41000.0,122900.0
14311,2026-07-02,Данияр,Астана,Веб-камера 4K,1,39200.0,39200.0
14312,2026-07-02,Ерлан,Алматы,"Монитор 27""",1,124900.0,124900.0
14313,2026-07-02,Айгерим,Шымкент,"Монитор 27""",5,130300.0,651700.0
14314,2026-07-02,Данияр,Алматы,Наушники ANC,2,69800.0,139600.0
14315,2026-07-02,Мария,Алматы,Наушники ANC,2,66100.0,132300.0
14316,2026-07-02,Ерлан,Алматы,Ноутбук Pro 14,1,390900.0,390900.0
14317,2026-07-02,Мария,Алматы,"Монитор 27""",5,128800.0,643800.0
14318,2026-07-03,Ерлан,Алматы,Клавиатура механ.,2,31000.0,61900.0
14319,2026-07-03,Данияр,Астана,Наушники ANC,2,69000.0,138100.0
14320,2026-07-03,Данияр,Алматы,Клавиатура механ.,3,29900.0,89800.0
14321,2026-07-03,Данияр,Алматы,Мышь беспроводная,3,14400.0,43200.0
14322,2026-07-03,Айгерим,Алматы,Клавиатура механ.,1,29500.0,29500.0
14323,2026-07-03,Мария,Алматы,"Монитор 27""",1,134800.0,134800.0
14324,2026-07-03,Данияр,Караганда,Клавиатура механ.,2,30000.0,60100.0
14325,2026-07-03,Данияр,Астана,Клавиатура механ.,2,29600.0,59200.0
14326,2026-07-03,Данияр,Алматы,"Монитор 27""",1,141100.0,141100.0
14327,2026-07-03,Данияр,Караганда,Клавиатура механ.,2,32300.0,64500.0
14328,2026-07-03,Айгерим,Алматы,Мышь беспроводная,5,13600.0,68000.0
14329,2026-07-03,Данияр,Караганда,Ноутбук Pro 14,2,419200.0,838500.0
14330,2026-07-03,Ерлан,Алматы,Клавиатура механ.,1,32800.0,32800.0
14331,2026-07-03,Светлана,Алматы,Клавиатура механ.,1,30300.0,30300.0
14332,2026-07-03,Данияр,Караганда,Док-станция USB-C,3,55000.0,165000.0
14333,2026-07-03,Данияр,Алматы,Наушники ANC,2,69100.0,138300.0
14334,2026-07-03,Ерлан,Алматы,Док-станция USB-C,1,53000.0,53000.0
14335,2026-07-03,Мария,Шымкент,Док-станция USB-C,2,52300.0,104500.0
14336,2026-07-03,Айгерим,Алматы,Клавиатура механ.,2,33500.0,67100.0
14337,2026-07-03,Ерлан,Шымкент,"Монитор 27""",2,128900.0,257800.0
14338,2026-07-03,Айгерим,Астана,"Монитор 27""",1,140300.0,140300.0
14339,2026-07-03,Айгерим,Караганда,Клавиатура механ.,1,32200.0,32200.0
14340,2026-07-03,Мария,Астана,Наушники ANC,5,67200.0,335800.0
14341,2026-07-03,Мария,Шымкент,Ноутбук Pro 14,2,416100.0,832200.0
14342,2026-07-03,Светлана,Алматы,Док-станция USB-C,2,52900.0,105900.0
14343,2026-07-03,Айгерим,Алматы,Наушники ANC,1,71400.0,71400.0
14344,2026-07-04,Айгерим,Алматы,Ноутбук Pro 14,1,413200.0,413200.0
14345,2026-07-04,Светлана,Астана,"Монитор 27""",1,126600.0,126600.0
14346,2026-07-04,Светлана,Астана,Наушники ANC,3,70600.0,211700.0
14347,2026-07-04,Мария,Алматы,Мышь беспроводная,1,14900.0,14900.0
14348,2026-07-04,Данияр,Шымкент,Наушники ANC,1,65200.0,65200.0
14349,2026-07-04,Айгерим,Шымкент,Ноутбук Pro 14,2,401000.0,802100.0
14350,2026-07-04,Ерлан,Шымкент,Мышь беспроводная,1,14200.0,14200.0
14351,2026-07-04,Айгерим,Караганда,"Монитор 27""",2,135300.0,270600.0
14352,2026-07-04,Айгерим,Астана,Ноутбук Pro 14,2,425700.0,851400.0
14353,2026-07-04,Ерлан,Шымкент,Клавиатура механ.,1,31300.0,31300.0
14354,2026-07-04,Айгерим,Астана,Ноутбук Pro 14,1,434100.0,434100.0
14355,2026-07-04,Светлана,Алматы,Ноутбук Pro 14,1,402200.0,402200.0
14356,2026-07-05,Мария,Караганда,Ноутбук Pro 14,2,391400.0,782800.0
14357,2026-07-05,Ерлан,Астана,"Монитор 27""",2,130600.0,261100.0
14358,2026-07-05,Мария,Шымкент,Ноутбук Pro 14,1,422700.0,422700.0
14359,2026-07-05,Светлана,Астана,"Монитор 27""",1,131200.0,131200.0
14360,2026-07-05,Айгерим,Алматы,Мышь беспроводная,2,15200.0,30400.0
14361,2026-07-05,Светлана,Астана,Веб-камера 4K,3,41500.0,124600.0
14362,2026-07-05,Айгерим,Караганда,Наушники ANC,1,66100.0,66100.0
14363,2026-07-05,Данияр,Алматы,Веб-камера 4K,1,40600.0,40600.0
14364,2026-07-05,Айгерим,Караганда,Клавиатура механ.,1,32100.0,32100.0
14365,2026-07-05,Светлана,Алматы,Ноутбук Pro 14,5,391000.0,1955100.0
14366,2026-07-05,Ерлан,Астана,Веб-камера 4K,1,39400.0,39400.0
14367,2026-07-05,Ерлан,Астана,Ноутбук Pro 14,1,425700.0,425700.0
14368,2026-07-05,Мария,Алматы,Док-станция USB-C,2,57500.0,115000.0
14369,2026-07-05,Ерлан,Астана,Веб-камера 4K,3,39400.0,118300.0
14370,2026-07-05,Ерлан,Шымкент,"Монитор 27""",1,127000.0,127000.0
14371,2026-07-05,Айгерим,Алматы,Веб-камера 4K,3,41100.0,123200.0
14372,2026-07-05,Ерлан,Алматы,Клавиатура механ.,3,31100.0,93400.0
14373,2026-07-06,Мария,Шымкент,Док-станция USB-C,1,57400.0,57400.0
14374,2026-07-06,Ерлан,Астана,Клавиатура механ.,2,31200.0,62300.0
14375,2026-07-06,Айгерим,Караганда,Наушники ANC,2,68300.0,136600.0
14376,2026-07-06,Ерлан,Алматы,Клавиатура механ.,1,30400.0,30400.0
14377,2026-07-06,Данияр,Алматы,Док-станция USB-C,5,54600.0,272900.0
14378,2026-07-06,Айгерим,Алматы,Наушники ANC,1,63400.0,63400.0
14379,2026-07-06,Айгерим,Алматы,Клавиатура механ.,1,31200.0,31200.0
14380,2026-07-06,Данияр,Алматы,"Монитор 27""",1,127400.0,127400.0
14381,2026-07-06,Данияр,Алматы,Наушники ANC,1,70700.0,70700.0
14382,2026-07-06,Айгерим,Шымкент,Веб-камера 4K,2,40300.0,80700.0
14383,2026-07-06,Светлана,Астана,Мышь беспроводная,3,15200.0,45500.0
14384,2026-07-06,Светлана,Астана,Клавиатура механ.,2,31100.0,62300.0
14385,2026-07-06,Мария,Астана,Веб-камера 4K,1,37800.0,37800.0
14386,2026-07-06,Ерлан,Алматы,Клавиатура механ.,3,30200.0,90700.0
14387,2026-07-06,Данияр,Алматы,Веб-камера 4K,2,39800.0,79700.0
14388,2026-07-06,Ерлан,Алматы,Док-станция USB-C,1,52900.0,52900.0
14389,2026-07-06,Айгерим,Шымкент,Мышь беспроводная,3,14700.0,44000.0
14390,2026-07-06,Ерлан,Астана,Наушники ANC,3,69600.0,208800.0
14391,2026-07-06,Айгерим,Астана,Веб-камера 4K,5,38700.0,193400.0
14392,2026-07-06,Данияр,Алматы,Наушники ANC,1,67900.0,67900.0
14393,2026-07-06,Айгерим,Астана,Веб-камера 4K,5,38500.0,192400.0
14394,2026-07-06,Айгерим,Шымкент,Наушники ANC,3,69900.0,209800.0
14395,2026-07-06,Айгерим,Алматы,Наушники ANC,2,69800.0,139700.0
14396,2026-07-06,Айгерим,Астана,"Монитор 27""",2,134300.0,268700.0
14397,2026-07-06,Мария,Алматы,Ноутбук Pro 14,2,406100.0,812300.0
14398,2026-07-07,Мария,Алматы,Ноутбук Pro 14,2,438000.0,875900.0
14399,2026-07-07,Айгерим,Астана,Веб-камера 4K,2,42800.0,85700.0
14400,2026-07-07,Мария,Караганда,Док-станция USB-C,1,57500.0,57500.0
14401,2026-07-07,Мария,Караганда,Веб-камера 4K,2,37800.0,75600.0
14402,2026-07-07,Ерлан,Астана,Наушники ANC,1,63300.0,63300.0
14403,2026-07-07,Данияр,Астана,Ноутбук Pro 14,1,401700.0,401700.0
14404,2026-07-07,Ерлан,Алматы,Веб-камера 4K,2,40300.0,80600.0
14405,2026-07-07,Данияр,Астана,"Монитор 27""",2,130700.0,261300.0
14406,2026-07-07,Данияр,Алматы,"Монитор 27""",2,140800.0,281600.0
14407,2026-07-07,Айгерим,Шымкент,Наушники ANC,2,67400.0,134800.0
14408,2026-07-07,Данияр,Алматы,Наушники ANC,3,66900.0,200800.0
14409,2026-07-07,Светлана,Астана,Веб-камера 4K,2,40900.0,81800.0
14410,2026-07-07,Айгерим,Караганда,Мышь беспроводная,1,13700.0,13700.0
14411,2026-07-07,Ерлан,Алматы,Клавиатура механ.,3,32900.0,98600.0
14412,2026-07-07,Айгерим,Астана,Клавиатура механ.,2,32400.0,64700.0
14413,2026-07-07,Айгерим,Шымкент,"Монитор 27""",2,139900.0,279900.0
14414,2026-07-07,Айгерим,Алматы,Док-станция USB-C,5,58200.0,291200.0
14415,2026-07-07,Айгерим,Шымкент,"Монитор 27""",2,129800.0,259700.0
14416,2026-07-07,Светлана,Алматы,Мышь беспроводная,1,14200.0,14200.0
14417,2026-07-07,Данияр,Алматы,Мышь беспроводная,5,14100.0,70600.0
14418,2026-07-07,Ерлан,Караганда,"Монитор 27""",1,130100.0,130100.0
14419,2026-07-07,Мария,Астана,Ноутбук Pro 14,1,391800.0,391800.0
14420,2026-07-07,Айгерим,Астана,Клавиатура механ.,1,30500.0,30500.0
14421,2026-07-07,Данияр,Алматы,Мышь беспроводная,1,14700.0,14700.0
14422,2026-07-07,Светлана,Астана,Ноутбук Pro 14,2,397900.0,795900.0
14423,2026-07-07,Данияр,Алматы,Ноутбук Pro 14,5,412400.0,2061800.0
14424,2026-07-07,Данияр,Алматы,Док-станция USB-C,2,55800.0,111700.0
14425,2026-07-07,Данияр,Астана,Док-станция USB-C,1,51600.0,51600.0
14426,2026-07-07,Айгерим,Алматы,Наушники ANC,5,64100.0,320700.0
14427,2026-07-08,Светлана,Астана,Наушники ANC,1,71200.0,71200.0
14428,2026-07-08,Светлана,Алматы,Наушники ANC,5,68100.0,340600.0
14429,2026-07-08,Данияр,Караганда,Веб-камера 4K,5,38700.0,193400.0
14430,2026-07-08,Айгерим,Алматы,Док-станция USB-C,1,53000.0,53000.0
14431,2026-07-08,Мария,Шымкент,Док-станция USB-C,1,54600.0,54600.0
14432,2026-07-08,Мария,Шымкент,"Монитор 27""",1,139000.0,139000.0
14433,2026-07-08,Айгерим,Астана,Наушники ANC,3,70500.0,211600.0
14434,2026-07-08,Айгерим,Астана,Мышь беспроводная,5,14700.0,73500.0
14435,2026-07-08,Мария,Шымкент,Наушники ANC,3,65000.0,195000.0
14436,2026-07-08,Мария,Астана,Ноутбук Pro 14,2,397000.0,794000.0
14437,2026-07-08,Данияр,Шымкент,Веб-камера 4K,1,41300.0,41300.0
14438,2026-07-08,Мария,Алматы,Наушники ANC,3,69700.0,209000.0
14439,2026-07-08,Мария,Алматы,Наушники ANC,3,63200.0,189500.0
14440,2026-07-08,Данияр,Алматы,Веб-камера 4K,2,41400.0,82800.0
14441,2026-07-08,Данияр,Шымкент,Ноутбук Pro 14,1,402900.0,402900.0
14442,2026-07-08,Айгерим,Алматы,Ноутбук Pro 14,5,438500.0,2192300.0
14443,2026-07-08,Ерлан,Шымкент,Док-станция USB-C,2,56200.0,112400.0
14444,2026-07-09,Ерлан,Астана,Док-станция USB-C,5,53300.0,266300.0
14445,2026-07-09,Светлана,Шымкент,"Монитор 27""",1,140500.0,140500.0
14446,2026-07-09,Ерлан,Алматы,"Монитор 27""",1,126700.0,126700.0
14447,2026-07-09,Айгерим,Астана,Мышь беспроводная,1,14100.0,14100.0
14448,2026-07-09,Мария,Алматы,Веб-камера 4K,2,38100.0,76300.0
14449,2026-07-09,Мария,Алматы,"Монитор 27""",1,132700.0,132700.0
14450,2026-07-09,Мария,Алматы,Ноутбук Pro 14,2,407500.0,815100.0
14451,2026-07-09,Айгерим,Астана,Док-станция USB-C,3,55700.0,167200.0
14452,2026-07-09,Мария,Шымкент,Мышь беспроводная,3,13500.0,40400.0
14453,2026-07-09,Данияр,Астана,Клавиатура механ.,1,33200.0,33200.0
14454,2026-07-09,Мария,Астана,Наушники ANC,5,71300.0,356500.0
14455,2026-07-09,Светлана,Алматы,Веб-камера 4K,1,39300.0,39300.0
14456,2026-07-09,Айгерим,Алматы,Клавиатура механ.,3,29700.0,89000.0
14457,2026-07-09,Данияр,Караганда,"Монитор 27""",2,125600.0,251200.0
14458,2026-07-09,Айгерим,Алматы,Ноутбук Pro 14,3,427900.0,1283800.0
14459,2026-07-09,Данияр,Караганда,Веб-камера 4K,2,37800.0,75700.0
14460,2026-07-09,Айгерим,Алматы,Веб-камера 4K,1,42600.0,42600.0
14461,2026-07-09,Мария,Шымкент,Клавиатура механ.,1,33300.0,33300.0
14462,2026-07-09,Мария,Астана,Ноутбук Pro 14,1,434100.0,434100.0
14463,2026-07-09,Ерлан,Алматы,Веб-камера 4K,3,41800.0,125500.0
14464,2026-07-09,Светлана,Алматы,Клавиатура механ.,5,30500.0,152600.0
14465,2026-07-09,Мария,Алматы,Веб-камера 4K,1,39400.0,39400.0
14466,2026-07-09,Айгерим,Астана,Док-станция USB-C,3,56500.0,169500.0
14467,2026-07-10,Ерлан,Алматы,Веб-камера 4K,1,41300.0,41300.0
14468,2026-07-10,Данияр,Алматы,"Монитор 27""",1,136300.0,136300.0
14469,2026-07-10,Айгерим,Астана,Ноутбук Pro 14,1,428400.0,428400.0
14470,2026-07-10,Мария,Астана,Ноутбук Pro 14,5,427800.0,2139200.0
14471,2026-07-10,Айгерим,Алматы,"Монитор 27""",1,132000.0,132000.0
14472,2026-07-10,Айгерим,Алматы,"Монитор 27""",1,134800.0,134800.0
14473,2026-07-10,Ерлан,Алматы,Мышь беспроводная,5,13600.0,67800.0
14474,2026-07-10,Айгерим,Шымкент,Мышь беспроводная,2,13400.0,26800.0
14475,2026-07-10,Данияр,Астана,Док-станция USB-C,2,52000.0,104100.0
14476,2026-07-10,Мария,Астана,Док-станция USB-C,1,55500.0,55500.0
14477,2026-07-10,Светлана,Астана,Веб-камера 4K,3,39900.0,119800.0
14478,2026-07-10,Мария,Алматы,Наушники ANC,2,68400.0,136700.0
14479,2026-07-10,Данияр,Астана,Наушники ANC,5,70900.0,354500.0
14480,2026-07-10,Мария,Алматы,Наушники ANC,3,70700.0,212100.0
14481,2026-07-10,Ерлан,Астана,Веб-камера 4K,2,38200.0,76400.0
14482,2026-07-10,Мария,Астана,Мышь беспроводная,2,13700.0,27400.0
14483,2026-07-10,Айгерим,Шымкент,Веб-камера 4K,1,38700.0,38700.0
14484,2026-07-10,Мария,Шымкент,"Монитор 27""",2,135800.0,271600.0
14485,2026-07-10,Айгерим,Алматы,Наушники ANC,2,63400.0,126800.0
14486,2026-07-10,Ерлан,Астана,Мышь беспроводная,3,14600.0,43800.0
14487,2026-07-10,Мария,Алматы,Клавиатура механ.,3,33500.0,100600.0
14488,2026-07-11,Данияр,Астана,Клавиатура механ.,3,31800.0,95300.0
14489,2026-07-11,Ерлан,Астана,Ноутбук Pro 14,2,402000.0,804100.0
14490,2026-07-11,Мария,Алматы,Ноутбук Pro 14,1,404300.0,404300.0
14491,2026-07-11,Ерлан,Алматы,Веб-камера 4K,1,41000.0,41000.0
14492,2026-07-11,Данияр,Алматы,Веб-камера 4K,2,40800.0,81600.0
14493,2026-07-11,Ерлан,Астана,Док-станция USB-C,1,54800.0,54800.0
14494,2026-07-12,Мария,Астана,Веб-камера 4K,3,42500.0,127400.0
14495,2026-07-12,Светлана,Алматы,Наушники ANC,5,70800.0,354100.0
14496,2026-07-12,Ерлан,Алматы,Клавиатура механ.,1,31300.0,31300.0
14497,2026-07-12,Айгерим,Астана,Док-станция USB-C,1,55800.0,55800.0
14498,2026-07-12,Данияр,Астана,Клавиатура механ.,1,32900.0,32900.0
14499,2026-07-12,Данияр,Шымкент,Мышь беспроводная,2,13900.0,27800.0
14500,2026-07-12,Ерлан,Алматы,Наушники ANC,2,63100.0,126100.0
14501,2026-07-12,Мария,Алматы,Ноутбук Pro 14,2,412000.0,824000.0
14502,2026-07-12,Данияр,Астана,Веб-камера 4K,1,38000.0,38000.0
14503,2026-07-12,Айгерим,Астана,Ноутбук Pro 14,2,389900.0,779800.0
14504,2026-07-12,Айгерим,Алматы,Док-станция USB-C,2,57600.0,115200.0
14505,2026-07-12,Мария,Алматы,Ноутбук Pro 14,1,421200.0,421200.0
14506,2026-07-12,Данияр,Астана,Клавиатура механ.,1,32300.0,32300.0
14507,2026-07-13,Айгерим,Алматы,Наушники ANC,1,71300.0,71300.0
14508,2026-07-13,Данияр,Алматы,Ноутбук Pro 14,3,393900.0,1181800.0
14509,2026-07-13,Ерлан,Астана,Наушники ANC,2,66200.0,132400.0
14510,2026-07-13,Ерлан,Шымкент,Клавиатура механ.,2,30500.0,61000.0
14511,2026-07-13,Ерлан,Астана,Клавиатура механ.,3,29700.0,89000.0
14512,2026-07-13,Ерлан,Астана,Мышь беспроводная,5,13800.0,69200.0
14513,2026-07-13,Светлана,Алматы,Клавиатура механ.,5,32300.0,161600.0
14514,2026-07-13,Ерлан,Алматы,Ноутбук Pro 14,1,406200.0,406200.0
14515,2026-07-13,Светлана,Астана,Наушники ANC,2,71300.0,142600.0
14516,2026-07-13,Мария,Астана,Мышь беспроводная,3,13600.0,40700.0
14517,2026-07-13,Айгерим,Астана,Клавиатура механ.,3,30600.0,91800.0
14518,2026-07-13,Мария,Шымкент,Наушники ANC,2,70000.0,140000.0
14519,2026-07-13,Ерлан,Алматы,Наушники ANC,2,69500.0,139000.0
14520,2026-07-13,Айгерим,Астана,Наушники ANC,1,70500.0,70500.0
14521,2026-07-13,Айгерим,Астана,Док-станция USB-C,1,57000.0,57000.0
14522,2026-07-13,Мария,Шымкент,Веб-камера 4K,2,38800.0,77600.0
14523,2026-07-13,Ерлан,Астана,"Монитор 27""",2,141600.0,283200.0
14524,2026-07-13,Мария,Алматы,Наушники ANC,2,70800.0,141700.0
14525,2026-07-13,Мария,Алматы,Ноутбук Pro 14,3,437700.0,1313200.0
14526,2026-07-13,Данияр,Астана,Док-станция USB-C,2,56900.0,113800.0
14527,2026-07-14,Ерлан,Алматы,Клавиатура механ.,2,31100.0,62100.0
14528,2026-07-14,Светлана,Шымкент,Клавиатура механ.,3,30700.0,92100.0
14529,2026-07-14,Мария,Астана,Ноутбук Pro 14,1,439800.0,439800.0
14530,2026-07-14,Ерлан,Караганда,Ноутбук Pro 14,5,436500.0,2182700.0
14531,2026-07-14,Айгерим,Алматы,Клавиатура механ.,1,30400.0,30400.0
14532,2026-07-14,Мария,Алматы,Ноутбук Pro 14,2,403100.0,806100.0
14533,2026-07-14,Айгерим,Астана,Мышь беспроводная,1,14700.0,14700.0
14534,2026-07-14,Светлана,Караганда,Ноутбук Pro 14,3,417500.0,1252400.0
14535,2026-07-14,Айгерим,Алматы,"Монитор 27""",1,136100.0,136100.0
14536,2026-07-14,Ерлан,Астана,Веб-камера 4K,2,41500.0,83000.0
14537,2026-07-14,Айгерим,Алматы,Наушники ANC,3,67900.0,203600.0
14538,2026-07-14,Айгерим,Алматы,Ноутбук Pro 14,2,425500.0,850900.0
14539,2026-07-14,Данияр,Алматы,Ноутбук Pro 14,1,417400.0,417400.0
14540,2026-07-14,Мария,Караганда,Веб-камера 4K,1,39400.0,39400.0
14541,2026-07-14,Мария,Астана,Мышь беспроводная,1,14300.0,14300.0
14542,2026-07-14,Светлана,Караганда,Наушники ANC,1,63400.0,63400.0
14543,2026-07-14,Айгерим,Алматы,Док-станция USB-C,2,55700.0,111500.0
14544,2026-07-14,Айгерим,Алматы,Наушники ANC,1,69100.0,69100.0
14545,2026-07-14,Данияр,Астана,Наушники ANC,1,62800.0,62800.0
14546,2026-07-14,Данияр,Шымкент,Ноутбук Pro 14,2,411400.0,822800.0
14547,2026-07-14,Светлана,Астана,Ноутбук Pro 14,1,399400.0,399400.0
14548,2026-07-14,Айгерим,Алматы,Клавиатура механ.,2,30600.0,61200.0
14549,2026-07-14,Айгерим,Алматы,Веб-камера 4K,3,40900.0,122600.0
14550,2026-07-15,Светлана,Астана,Ноутбук Pro 14,2,408200.0,816400.0
14551,2026-07-15,Светлана,Караганда,Наушники ANC,5,70200.0,350900.0
14552,2026-07-15,Айгерим,Астана,Веб-камера 4K,1,38800.0,38800.0
14553,2026-07-15,Ерлан,Шымкент,Клавиатура механ.,2,29800.0,59600.0
14554,2026-07-15,Айгерим,Астана,Мышь беспроводная,2,14200.0,28300.0
14555,2026-07-15,Данияр,Алматы,Док-станция USB-C,1,55900.0,55900.0
14556,2026-07-15,Данияр,Караганда,Веб-камера 4K,2,40800.0,81600.0
14557,2026-07-15,Айгерим,Алматы,Клавиатура механ.,1,33200.0,33200.0
14558,2026-07-15,Мария,Астана,Ноутбук Pro 14,5,426200.0,2130800.0
14559,2026-07-15,Айгерим,Шымкент,Клавиатура механ.,1,32700.0,32700.0
14560,2026-07-15,Ерлан,Астана,Док-станция USB-C,5,57800.0,288800.0
14561,2026-07-15,Светлана,Астана,"Монитор 27""",2,131100.0,262300.0
14562,2026-07-15,Айгерим,Шымкент,"Монитор 27""",2,138000.0,275900.0
14563,2026-07-15,Айгерим,Астана,Веб-камера 4K,3,38900.0,116800.0
14564,2026-07-15,Айгерим,Алматы,Мышь беспроводная,1,15200.0,15200.0
14565,2026-07-15,Мария,Шымкент,Наушники ANC,1,69500.0,69500.0
14566,2026-07-15,Айгерим,Алматы,Веб-камера 4K,5,41000.0,204900.0
14567,2026-07-15,Светлана,Шымкент,Док-станция USB-C,5,53300.0,266500.0
14568,2026-07-15,Светлана,Шымкент,Веб-камера 4K,2,40900.0,81900.0
14569,2026-07-16,Светлана,Астана,Веб-камера 4K,2,39800.0,79600.0
14570,2026-07-16,Светлана,Алматы,"Монитор 27""",3,124900.0,374600.0
14571,2026-07-16,Светлана,Астана,Веб-камера 4K,3,37900.0,113800.0
14572,2026-07-16,Данияр,Алматы,Наушники ANC,2,65200.0,130500.0
14573,2026-07-16,Данияр,Алматы,Мышь беспроводная,1,14200.0,14200.0
14574,2026-07-16,Айгерим,Шымкент,Ноутбук Pro 14,2,409300.0,818600.0
14575,2026-07-16,Светлана,Шымкент,Клавиатура механ.,1,32200.0,32200.0
14576,2026-07-16,Ерлан,Шымкент,Веб-камера 4K,2,40600.0,81200.0
14577,2026-07-16,Светлана,Шымкент,Веб-камера 4K,1,41100.0,41100.0
14578,2026-07-16,Мария,Алматы,Клавиатура механ.,1,31300.0,31300.0
14579,2026-07-16,Данияр,Алматы,Наушники ANC,2,66800.0,133500.0
14580,2026-07-16,Ерлан,Караганда,"Монитор 27""",3,139400.0,418200.0
14581,2026-07-16,Айгерим,Шымкент,Мышь беспроводная,5,14300.0,71300.0
14582,2026-07-16,Светлана,Алматы,Веб-камера 4K,2,39700.0,79500.0
14583,2026-07-16,Айгерим,Шымкент,Ноутбук Pro 14,5,418800.0,2093800.0
14584,2026-07-16,Мария,Алматы,Клавиатура механ.,3,32100.0,96300.0
14585,2026-07-16,Айгерим,Алматы,Клавиатура механ.,1,29600.0,29600.0
14586,2026-07-16,Мария,Алматы,Док-станция USB-C,2,52500.0,104900.0
14587,2026-07-16,Светлана,Шымкент,Ноутбук Pro 14,1,438200.0,438200.0
14588,2026-07-16,Айгерим,Астана,Клавиатура механ.,1,32500.0,32500.0
14589,2026-07-16,Светлана,Астана,Мышь беспроводная,5,14100.0,70300.0
14590,2026-07-16,Ерлан,Астана,Ноутбук Pro 14,1,391600.0,391600.0
14591,2026-07-16,Светлана,Алматы,"Монитор 27""",1,126000.0,126000.0
14592,2026-07-16,Данияр,Алматы,Мышь беспроводная,5,14600.0,73100.0
14593,2026-07-16,Айгерим,Алматы,"Монитор 27""",3,131800.0,395500.0
14594,2026-07-17,Мария,Шымкент,"Монитор 27""",2,128500.0,257000.0
14595,2026-07-17,Светлана,Алматы,Док-станция USB-C,1,58800.0,58800.0
14596,2026-07-17,Мария,Алматы,Веб-камера 4K,5,41400.0,206800.0
14597,2026-07-17,Ерлан,Алматы,Мышь беспроводная,5,14200.0,70900.0
14598,2026-07-17,Мария,Алматы,Веб-камера 4K,1,42900.0,42900.0
14599,2026-07-17,Светлана,Караганда,Ноутбук Pro 14,3,398800.0,1196400.0
14600,2026-07-17,Светлана,Караганда,Ноутбук Pro 14,1,418200.0,418200.0
14601,2026-07-17,Мария,Алматы,Ноутбук Pro 14,2,423600.0,847100.0
14602,2026-07-17,Данияр,Алматы,Док-станция USB-C,2,53900.0,107900.0
14603,2026-07-17,Данияр,Алматы,Клавиатура механ.,3,30400.0,91300.0
14604,2026-07-17,Данияр,Алматы,Наушники ANC,1,71200.0,71200.0
14605,2026-07-17,Мария,Шымкент,Мышь беспроводная,5,13400.0,67000.0
14606,2026-07-17,Ерлан,Астана,Клавиатура механ.,3,30200.0,90700.0
14607,2026-07-17,Ерлан,Астана,Ноутбук Pro 14,2,400900.0,801900.0
14608,2026-07-17,Светлана,Шымкент,Ноутбук Pro 14,3,437700.0,1313100.0
14609,2026-07-17,Мария,Алматы,Ноутбук Pro 14,1,389400.0,389400.0
14610,2026-07-17,Мария,Алматы,Клавиатура механ.,2,32500.0,65000.0
14611,2026-07-17,Мария,Астана,Док-станция USB-C,5,55900.0,279300.0
14612,2026-07-17,Айгерим,Астана,Ноутбук Pro 14,1,426800.0,426800.0
14613,2026-07-17,Айгерим,Алматы,Наушники ANC,1,64400.0,64400.0
14614,2026-07-17,Айгерим,Алматы,Док-станция USB-C,5,57400.0,286900.0
14615,2026-07-17,Данияр,Алматы,Наушники ANC,3,62600.0,187900.0
14616,2026-07-17,Айгерим,Караганда,Клавиатура механ.,2,33600.0,67200.0
14617,2026-07-17,Ерлан,Шымкент,Наушники ANC,5,71300.0,356400.0
14618,2026-07-17,Айгерим,Астана,"Монитор 27""",2,139400.0,278800.0
14619,2026-07-17,Данияр,Алматы,Клавиатура механ.,2,29700.0,59400.0
14620,2026-07-17,Данияр,Алматы,Клавиатура механ.,1,30300.0,30300.0
14621,2026-07-17,Айгерим,Алматы,Клавиатура механ.,2,30000.0,60000.0
14622,2026-07-18,Данияр,Астана,Мышь беспроводная,5,13900.0,69500.0
14623,2026-07-18,Айгерим,Астана,Док-станция USB-C,3,54800.0,164500.0
14624,2026-07-18,Светлана,Караганда,"Монитор 27""",2,131600.0,263200.0
14625,2026-07-18,Мария,Караганда,Клавиатура механ.,2,29700.0,59400.0
14626,2026-07-18,Айгерим,Алматы,Мышь беспроводная,5,13700.0,68700.0
14627,2026-07-18,Данияр,Алматы,Мышь беспроводная,3,14300.0,42800.0
14628,2026-07-18,Данияр,Алматы,Клавиатура механ.,1,33100.0,33100.0
14629,2026-07-18,Ерлан,Шымкент,Док-станция USB-C,2,56100.0,112300.0
14630,2026-07-18,Айгерим,Астана,Клавиатура механ.,1,29400.0,29400.0
14631,2026-07-18,Ерлан,Астана,Наушники ANC,5,65500.0,327400.0
14632,2026-07-18,Айгерим,Шымкент,Мышь беспроводная,5,14200.0,71100.0
14633,2026-07-19,Данияр,Алматы,Веб-камера 4K,2,39100.0,78300.0
14634,2026-07-19,Ерлан,Шымкент,"Монитор 27""",1,124800.0,124800.0
14635,2026-07-19,Айгерим,Алматы,Наушники ANC,1,66400.0,66400.0
14636,2026-07-19,Светлана,Астана,Док-станция USB-C,1,55700.0,55700.0
14637,2026-07-19,Айгерим,Алматы,Наушники ANC,2,68800.0,137600.0
14638,2026-07-19,Светлана,Астана,Клавиатура механ.,1,31300.0,31300.0
14639,2026-07-19,Данияр,Караганда,Док-станция USB-C,2,53000.0,106100.0
14640,2026-07-19,Айгерим,Алматы,Мышь беспроводная,1,14700.0,14700.0
14641,2026-07-19,Айгерим,Астана,Док-станция USB-C,1,58100.0,58100.0
14642,2026-07-19,Мария,Астана,Наушники ANC,1,68000.0,68000.0
14643,2026-07-19,Светлана,Астана,"Монитор 27""",1,127000.0,127000.0
14644,2026-07-19,Айгерим,Астана,Клавиатура механ.,1,31200.0,31200.0
14645,2026-07-19,Данияр,Астана,Веб-камера 4K,1,38400.0,38400.0
14646,2026-07-19,Мария,Шымкент,Веб-камера 4K,5,41500.0,207300.0
14647,2026-07-19,Айгерим,Алматы,Клавиатура механ.,1,32200.0,32200.0
14648,2026-07-20,Айгерим,Алматы,Веб-камера 4K,2,41100.0,82200.0
14649,2026-07-20,Ерлан,Алматы,Ноутбук Pro 14,2,425400.0,850700.0
14650,2026-07-20,Айгерим,Астана,Мышь беспроводная,3,14000.0,42000.0
14651,2026-07-20,Данияр,Шымкент,"Монитор 27""",1,126400.0,126400.0
14652,2026-07-20,Данияр,Астана,Мышь беспроводная,5,15200.0,75800.0
14653,2026-07-20,Данияр,Алматы,Веб-камера 4K,3,39400.0,118200.0
14654,2026-07-20,Данияр,Алматы,Док-станция USB-C,2,56300.0,112600.0
14655,2026-07-20,Айгерим,Алматы,Клавиатура механ.,3,32000.0,96000.0
14656,2026-07-20,Мария,Астана,Мышь беспроводная,5,14500.0,72600.0
14657,2026-07-20,Данияр,Алматы,Веб-камера 4K,5,39500.0,197700.0
14658,2026-07-20,Айгерим,Алматы,Веб-камера 4K,3,38400.0,115100.0
14659,2026-07-20,Данияр,Алматы,Ноутбук Pro 14,2,421400.0,842900.0
14660,2026-07-20,Ерлан,Алматы,Док-станция USB-C,3,51800.0,155300.0
14661,2026-07-20,Мария,Алматы,"Монитор 27""",5,131500.0,657300.0
14662,2026-07-20,Мария,Шымкент,"Монитор 27""",1,136500.0,136500.0
14663,2026-07-20,Светлана,Алматы,Веб-камера 4K,2,40800.0,81500.0
14664,2026-07-20,Данияр,Шымкент,Клавиатура механ.,5,31000.0,154900.0
14665,2026-07-20,Айгерим,Астана,"Монитор 27""",1,127200.0,127200.0
14666,2026-07-20,Айгерим,Алматы,"Монитор 27""",2,124400.0,248800.0
14667,2026-07-20,Айгерим,Шымкент,Мышь беспроводная,1,13500.0,13500.0
14668,2026-07-20,Данияр,Алматы,Клавиатура механ.,2,30700.0,61300.0
14669,2026-07-20,Светлана,Астана,Мышь беспроводная,1,14100.0,14100.0
14670,2026-07-20,Мария,Караганда,Наушники ANC,2,63800.0,127500.0
14671,2026-07-20,Айгерим,Астана,Док-станция USB-C,1,57700.0,57700.0
14672,2026-07-21,Мария,Астана,Док-станция USB-C,1,55500.0,55500.0
14673,2026-07-21,Ерлан,Алматы,Док-станция USB-C,2,52000.0,104000.0
14674,2026-07-21,Мария,Алматы,Мышь беспроводная,2,13600.0,27100.0
14675,2026-07-21,Айгерим,Астана,Наушники ANC,5,68100.0,340700.0
14676,2026-07-21,Данияр,Шымкент,Веб-камера 4K,1,39200.0,39200.0
14677,2026-07-21,Айгерим,Алматы,Док-станция USB-C,5,58200.0,291200.0
14678,2026-07-21,Мария,Караганда,Мышь беспроводная,3,13900.0,41600.0
14679,2026-07-21,Светлана,Астана,Клавиатура механ.,1,31000.0,31000.0
14680,2026-07-21,Данияр,Шымкент,"Монитор 27""",5,135300.0,676400.0
14681,2026-07-21,Мария,Астана,Клавиатура механ.,3,33300.0,100000.0
14682,2026-07-21,Светлана,Караганда,Веб-камера 4K,1,39200.0,39200.0
14683,2026-07-21,Данияр,Шымкент,Ноутбук Pro 14,2,438500.0,877100.0
14684,2026-07-21,Ерлан,Астана,"Монитор 27""",2,136800.0,273600.0
14685,2026-07-21,Ерлан,Алматы,Ноутбук Pro 14,3,407800.0,1223400.0
14686,2026-07-21,Ерлан,Караганда,Клавиатура механ.,1,32400.0,32400.0
14687,2026-07-21,Мария,Шымкент,Док-станция USB-C,1,51900.0,51900.0
14688,2026-07-21,Мария,Шымкент,Наушники ANC,5,70100.0,350700.0
14689,2026-07-22,Мария,Шымкент,Мышь беспроводная,2,14100.0,28100.0
14690,2026-07-22,Ерлан,Караганда,Клавиатура механ.,1,29900.0,29900.0
14691,2026-07-22,Мария,Алматы,Клавиатура механ.,2,30000.0,60100.0
14692,2026-07-22,Мария,Алматы,Веб-камера 4K,1,37900.0,37900.0
14693,2026-07-22,Мария,Алматы,Мышь беспроводная,1,13900.0,13900.0
14694,2026-07-22,Ерлан,Шымкент,"Монитор 27""",1,133800.0,133800.0
14695,2026-07-22,Ерлан,Астана,Клавиатура механ.,2,32400.0,64800.0
14696,2026-07-22,Данияр,Алматы,Док-станция USB-C,2,52000.0,103900.0
14697,2026-07-22,Айгерим,Астана,Клавиатура механ.,1,33400.0,33400.0
14698,2026-07-22,Айгерим,Караганда,Мышь беспроводная,5,14500.0,72500.0
14699,2026-07-22,Данияр,Алматы,Мышь беспроводная,1,13400.0,13400.0
14700,2026-07-22,Ерлан,Алматы,Клавиатура механ.,3,30400.0,91100.0
14701,2026-07-22,Светлана,Алматы,Клавиатура механ.,5,29600.0,148100.0
14702,2026-07-22,Мария,Алматы,Ноутбук Pro 14,5,431800.0,2159000.0
14703,2026-07-22,Мария,Астана,"Монитор 27""",2,135000.0,270100.0
14704,2026-07-22,Мария,Алматы,Док-станция USB-C,5,58800.0,293800.0
14705,2026-07-22,Светлана,Алматы,Ноутбук Pro 14,1,425700.0,425700.0
14706,2026-07-22,Данияр,Караганда,Мышь беспроводная,1,14000.0,14000.0
14707,2026-07-23,Мария,Астана,Мышь беспроводная,1,13400.0,13400.0
14708,2026-07-23,Светлана,Шымкент,Веб-камера 4K,1,39500.0,39500.0
14709,2026-07-23,Светлана,Астана,Клавиатура механ.,2,31500.0,62900.0
14710,2026-07-23,Айгерим,Алматы,Ноутбук Pro 14,5,390300.0,1951500.0
14711,2026-07-23,Айгерим,Караганда,Наушники ANC,5,68700.0,343500.0
14712,2026-07-23,Мария,Астана,Веб-камера 4K,5,38900.0,194600.0
14713,2026-07-23,Айгерим,Караганда,Мышь беспроводная,1,14600.0,14600.0
14714,2026-07-23,Ерлан,Алматы,Веб-камера 4K,3,42500.0,127600.0
14715,2026-07-23,Данияр,Астана,Веб-камера 4K,1,41500.0,41500.0
14716,2026-07-23,Мария,Астана,Ноутбук Pro 14,1,396100.0,396100.0
14717,2026-07-23,Данияр,Шымкент,Мышь беспроводная,2,14500.0,29100.0
14718,2026-07-23,Данияр,Астана,Веб-камера 4K,2,40800.0,81600.0
14719,2026-07-23,Айгерим,Шымкент,Мышь беспроводная,1,14600.0,14600.0
14720,2026-07-23,Ерлан,Астана,Мышь беспроводная,3,14300.0,43000.0
14721,2026-07-23,Светлана,Алматы,Ноутбук Pro 14,1,426800.0,426800.0
14722,2026-07-23,Данияр,Астана,Ноутбук Pro 14,1,419000.0,419000.0
14723,2026-07-23,Айгерим,Алматы,Ноутбук Pro 14,2,429400.0,858800.0
14724,2026-07-23,Мария,Алматы,Мышь беспроводная,5,14000.0,70100.0
14725,2026-07-23,Данияр,Астана,Ноутбук Pro 14,1,411700.0,411700.0
14726,2026-07-23,Светлана,Алматы,Ноутбук Pro 14,2,434500.0,868900.0
14727,2026-07-23,Данияр,Алматы,Клавиатура механ.,1,33000.0,33000.0
14728,2026-07-23,Данияр,Алматы,Ноутбук Pro 14,1,424200.0,424200.0
14729,2026-07-23,Данияр,Астана,Док-станция USB-C,2,57000.0,114000.0
14730,2026-07-23,Данияр,Алматы,Наушники ANC,2,66100.0,132300.0
14731,2026-07-24,Айгерим,Алматы,Клавиатура механ.,1,33400.0,33400.0
14732,2026-07-24,Айгерим,Алматы,Веб-камера 4K,2,42200.0,84400.0
14733,2026-07-24,Мария,Шымкент,Док-станция USB-C,2,53700.0,107300.0
14734,2026-07-24,Айгерим,Шымкент,Веб-камера 4K,1,42200.0,42200.0
14735,2026-07-24,Светлана,Шымкент,Мышь беспроводная,5,14600.0,73000.0
14736,2026-07-24,Айгерим,Астана,"Монитор 27""",1,124300.0,124300.0
14737,2026-07-24,Ерлан,Алматы,Наушники ANC,2,66800.0,133600.0
14738,2026-07-24,Светлана,Алматы,Клавиатура механ.,1,30400.0,30400.0
14739,2026-07-24,Светлана,Алматы,Мышь беспроводная,1,13600.0,13600.0
14740,2026-07-24,Айгерим,Астана,Мышь беспроводная,2,13400.0,26800.0
14741,2026-07-24,Айгерим,Караганда,Док-станция USB-C,2,56500.0,112900.0
14742,2026-07-24,Айгерим,Алматы,Клавиатура механ.,2,33500.0,66900.0
14743,2026-07-24,Ерлан,Астана,Веб-камера 4K,1,41700.0,41700.0
14744,2026-07-24,Айгерим,Шымкент,Ноутбук Pro 14,1,396000.0,396000.0
14745,2026-07-24,Данияр,Алматы,Веб-камера 4K,1,38300.0,38300.0
14746,2026-07-24,Светлана,Астана,Веб-камера 4K,5,39400.0,197000.0
14747,2026-07-24,Ерлан,Астана,Ноутбук Pro 14,2,412400.0,824700.0
14748,2026-07-24,Данияр,Алматы,Док-станция USB-C,1,58100.0,58100.0
14749,2026-07-24,Данияр,Алматы,Веб-камера 4K,1,41400.0,41400.0
14750,2026-07-25,Данияр,Караганда,Клавиатура механ.,1,33000.0,33000.0
14751,2026-07-25,Светлана,Алматы,"Монитор 27""",2,137500.0,274900.0
14752,2026-07-25,Айгерим,Алматы,"Монитор 27""",2,124900.0,249800.0
14753,2026-07-25,Данияр,Астана,Док-станция USB-C,2,57600.0,115100.0
14754,2026-07-26,Мария,Алматы,Наушники ANC,1,67700.0,67700.0
14755,2026-07-26,Ерлан,Алматы,Мышь беспроводная,1,14400.0,14400.0
14756,2026-07-26,Мария,Алматы,Веб-камера 4K,3,41100.0,123300.0
14757,2026-07-26,Данияр,Шымкент,Док-станция USB-C,5,55000.0,275000.0
14758,2026-07-26,Ерлан,Алматы,Наушники ANC,3,69000.0,207000.0
14759,2026-07-26,Светлана,Алматы,Ноутбук Pro 14,3,404300.0,1212900.0
14760,2026-07-26,Ерлан,Астана,Клавиатура механ.,1,31200.0,31200.0
14761,2026-07-26,Айгерим,Астана,Клавиатура механ.,3,29600.0,88800.0
14762,2026-07-27,Данияр,Астана,Док-станция USB-C,5,56300.0,281600.0
14763,2026-07-27,Ерлан,Алматы,Веб-камера 4K,5,41300.0,206500.0
14764,2026-07-27,Ерлан,Шымкент,Клавиатура механ.,3,30000.0,90100.0
14765,2026-07-27,Ерлан,Алматы,Веб-камера 4K,5,38300.0,191700.0
14766,2026-07-27,Мария,Алматы,Веб-камера 4K,2,41400.0,82700.0
14767,2026-07-27,Мария,Астана,Веб-камера 4K,2,41200.0,82500.0
14768,2026-07-27,Айгерим,Астана,"Монитор 27""",2,131300.0,262500.0
14769,2026-07-27,Айгерим,Караганда,Док-станция USB-C,3,53700.0,161100.0
14770,2026-07-27,Ерлан,Караганда,Ноутбук Pro 14,5,420200.0,2100800.0
14771,2026-07-27,Мария,Караганда,"Монитор 27""",2,128500.0,257000.0
14772,2026-07-27,Светлана,Шымкент,Клавиатура механ.,2,29500.0,59100.0
14773,2026-07-27,Ерлан,Шымкент,Ноутбук Pro 14,1,440300.0,440300.0
14774,2026-07-27,Ерлан,Алматы,Наушники ANC,5,62900.0,314500.0
14775,2026-07-27,Ерлан,Шымкент,"Монитор 27""",5,139600.0,698100.0
14776,2026-07-27,Данияр,Алматы,Мышь беспроводная,3,13900.0,41700.0
14777,2026-07-27,Мария,Алматы,Веб-камера 4K,3,41200.0,123500.0
14778,2026-07-27,Светлана,Шымкент,Док-станция USB-C,2,54800.0,109700.0
14779,2026-07-27,Айгерим,Алматы,Ноутбук Pro 14,2,430500.0,861100.0
14780,2026-07-27,Айгерим,Алматы,Веб-камера 4K,2,41600.0,83200.0
14781,2026-07-27,Данияр,Астана,Ноутбук Pro 14,2,389800.0,779700.0
14782,2026-07-28,Айгерим,Шымкент,"Монитор 27""",1,124300.0,124300.0
14783,2026-07-28,Светлана,Шымкент,Мышь беспроводная,2,13700.0,27400.0
14784,2026-07-28,Ерлан,Астана,"Монитор 27""",1,128900.0,128900.0
14785,2026-07-28,Ерлан,Алматы,"Монитор 27""",5,125500.0,627700.0
14786,2026-07-28,Ерлан,Алматы,Наушники ANC,1,69200.0,69200.0
14787,2026-07-28,Айгерим,Алматы,"Монитор 27""",1,137900.0,137900.0
14788,2026-07-28,Ерлан,Алматы,"Монитор 27""",1,126200.0,126200.0
14789,2026-07-28,Айгерим,Астана,Ноутбук Pro 14,2,424200.0,848400.0
14790,2026-07-28,Ерлан,Шымкент,Наушники ANC,1,69900.0,69900.0
14791,2026-07-28,Мария,Алматы,Наушники ANC,1,69800.0,69800.0
14792,2026-07-28,Данияр,Алматы,Мышь беспроводная,1,13500.0,13500.0
14793,2026-07-28,Айгерим,Караганда,Док-станция USB-C,5,58800.0,294000.0
14794,2026-07-28,Светлана,Астана,Мышь беспроводная,2,14300.0,28600.0
14795,2026-07-28,Айгерим,Караганда,Наушники ANC,2,64400.0,128800.0
14796,2026-07-28,Данияр,Астана,Наушники ANC,1,62800.0,62800.0
14797,2026-07-28,Данияр,Шымкент,Мышь беспроводная,1,15100.0,15100.0
14798,2026-07-28,Айгерим,Алматы,Наушники ANC,2,67200.0,134400.0
14799,2026-07-28,Данияр,Караганда,Наушники ANC,5,69500.0,347300.0
14800,2026-07-28,Мария,Шымкент,Клавиатура механ.,3,29900.0,89700.0
14801,2026-07-28,Айгерим,Алматы,Клавиатура механ.,3,29800.0,89500.0
14802,2026-07-28,Мария,Астана,"Монитор 27""",1,126100.0,126100.0
14803,2026-07-28,Айгерим,Алматы,Док-станция USB-C,1,55800.0,55800.0
14804,2026-07-28,Айгерим,Шымкент,Док-станция USB-C,3,58000.0,174000.0
14805,2026-07-28,Светлана,Алматы,Наушники ANC,5,67900.0,339600.0
14806,2026-07-28,Мария,Алматы,"Монитор 27""",1,139000.0,139000.0
14807,2026-07-28,Айгерим,Алматы,Док-станция USB-C,1,52000.0,52000.0
14808,2026-07-28,Ерлан,Алматы,Мышь беспроводная,5,13900.0,69400.0
14809,2026-07-28,Айгерим,Алматы,Веб-камера 4K,1,42600.0,42600.0
14810,2026-07-28,Айгерим,Караганда,Наушники ANC,3,63600.0,190900.0
14811,2026-07-29,Данияр,Астана,"Монитор 27""",1,128100.0,128100.0
14812,2026-07-29,Ерлан,Астана,Док-станция USB-C,1,58000.0,58000.0
14813,2026-07-29,Ерлан,Алматы,Веб-камера 4K,2,41000.0,82000.0
14814,2026-07-29,Светлана,Караганда,Клавиатура механ.,3,31500.0,94400.0
14815,2026-07-29,Мария,Астана,Наушники ANC,1,66000.0,66000.0
14816,2026-07-29,Мария,Караганда,Ноутбук Pro 14,3,394100.0,1182300.0
14817,2026-07-29,Светлана,Алматы,Наушники ANC,5,62600.0,313200.0
14818,2026-07-29,Мария,Алматы,Ноутбук Pro 14,2,399900.0,799700.0
14819,2026-07-29,Светлана,Астана,Ноутбук Pro 14,1,402800.0,402800.0
14820,2026-07-29,Данияр,Алматы,"Монитор 27""",2,136100.0,272100.0
14821,2026-07-29,Светлана,Алматы,"Монитор 27""",1,132300.0,132300.0
14822,2026-07-29,Светлана,Алматы,Док-станция USB-C,2,57500.0,115100.0
14823,2026-07-29,Мария,Шымкент,Ноутбук Pro 14,5,419600.0,2098000.0
14824,2026-07-29,Мария,Шымкент,Мышь беспроводная,1,14900.0,14900.0
14825,2026-07-29,Айгерим,Алматы,"Монитор 27""",3,135000.0,405100.0
14826,2026-07-29,Светлана,Алматы,Веб-камера 4K,5,41100.0,205300.0
14827,2026-07-29,Ерлан,Алматы,Ноутбук Pro 14,2,433500.0,867000.0
14828,2026-07-29,Ерлан,Алматы,Мышь беспроводная,1,15000.0,15000.0
14829,2026-07-29,Данияр,Алматы,Ноутбук Pro 14,2,397600.0,795100.0
14830,2026-07-29,Данияр,Шымкент,Ноутбук Pro 14,1,432600.0,432600.0
14831,2026-07-30,Ерлан,Караганда,Наушники ANC,1,64000.0,64000.0
14832,2026-07-30,Светлана,Шымкент,"Монитор 27""",3,137900.0,413600.0
14833,2026-07-30,Данияр,Алматы,Мышь беспроводная,2,14700.0,29400.0
14834,2026-07-30,Айгерим,Караганда,Веб-камера 4K,2,41600.0,83100.0
14835,2026-07-30,Светлана,Алматы,Веб-камера 4K,1,41600.0,41600.0
14836,2026-07-30,Ерлан,Караганда,Мышь беспроводная,5,14900.0,74500.0
14837,2026-07-30,Ерлан,Алматы,Ноутбук Pro 14,2,413400.0,826800.0
14838,2026-07-30,Данияр,Шымкент,Наушники ANC,1,63300.0,63300.0
14839,2026-07-30,Айгерим,Астана,Ноутбук Pro 14,5,439600.0,2198200.0
14840,2026-07-30,Мария,Алматы,Док-станция USB-C,2,52800.0,105600.0
14841,2026-07-30,Ерлан,Шымкент,Ноутбук Pro 14,5,400300.0,2001700.0
14842,2026-07-30,Данияр,Караганда,Мышь беспроводная,3,13700.0,41200.0
14843,2026-07-30,Светлана,Шымкент,Ноутбук Pro 14,1,392800.0,392800.0
14844,2026-07-30,Мария,Шымкент,Мышь беспроводная,3,13600.0,40900.0
14845,2026-07-30,Айгерим,Астана,Клавиатура механ.,1,30200.0,30200.0
14846,2026-07-30,Данияр,Алматы,Док-станция USB-C,1,57800.0,57800.0
14847,2026-07-30,Ерлан,Караганда,Наушники ANC,5,71100.0,355400.0
14848,2026-07-30,Айгерим,Астана,Док-станция USB-C,1,54900.0,54900.0
14849,2026-07-30,Айгерим,Алматы,Док-станция USB-C,3,57700.0,173000.0
14850,2026-07-30,Данияр,Алматы,Ноутбук Pro 14,5,418600.0,2092900.0
14851,2026-07-30,Данияр,Астана,Наушники ANC,1,66500.0,66500.0
14852,2026-07-31,Данияр,Шымкент,Клавиатура механ.,1,29700.0,29700.0
14853,2026-07-31,Мария,Астана,Веб-камера 4K,3,38300.0,114900.0
14854,2026-07-31,Светлана,Алматы,"Монитор 27""",2,136400.0,272900.0
14855,2026-07-31,Мария,Алматы,Ноутбук Pro 14,2,414400.0,828800.0
14856,2026-07-31,Ерлан,Астана,Мышь беспроводная,2,13400.0,26800.0
14857,2026-07-31,Ерлан,Астана,Наушники ANC,1,71300.0,71300.0
14858,2026-07-31,Айгерим,Астана,Ноутбук Pro 14,5,431700.0,2158600.0
14859,2026-07-31,Светлана,Астана,"Монитор 27""",2,135700.0,271300.0
14860,2026-07-31,Ерлан,Алматы,Веб-камера 4K,1,40300.0,40300.0
14861,2026-07-31,Ерлан,Алматы,Мышь беспроводная,1,13900.0,13900.0
14862,2026-07-31,Мария,Алматы,Веб-камера 4K,1,38400.0,38400.0
14863,2026-07-31,Айгерим,Алматы,Веб-камера 4K,1,41400.0,41400.0
14864,2026-07-31,Айгерим,Алматы,Док-станция USB-C,2,51800.0,103700.0
14865,2026-07-31,Светлана,Алматы,Клавиатура механ.,1,31700.0,31700.0
14866,2026-07-31,Мария,Шымкент,Веб-камера 4K,2,42600.0,85200.0
14867,2026-07-31,Светлана,Алматы,Веб-камера 4K,2,41100.0,82200.0
14868,2026-07-31,Мария,Астана,Док-станция USB-C,5,55100.0,275700.0
14869,2026-07-31,Светлана,Астана,Док-станция USB-C,1,52000.0,52000.0
14870,2026-07-31,Данияр,Алматы,Клавиатура механ.,5,30600.0,153200.0
14871,2026-07-31,Светлана,Шымкент,Клавиатура механ.,1,31500.0,31500.0
14872,2026-07-31,Мария,Астана,Ноутбук Pro 14,2,405400.0,810900.0
14873,2026-08-01,Светлана,Астана,Наушники ANC,1,63200.0,63200.0
14874,2026-08-01,Мария,Алматы,Ноутбук Pro 14,5,404900.0,2024700.0
14875,2026-08-01,Ерлан,Алматы,Ноутбук Pro 14,5,402100.0,2010600.0
14876,2026-08-01,Мария,Шымкент,"Монитор 27""",1,126900.0,126900.0
14877,2026-08-01,Мария,Шымкент,"Монитор 27""",5,135100.0,675600.0
14878,2026-08-01,Ерлан,Астана,"Монитор 27""",1,138400.0,138400.0
14879,2026-08-01,Данияр,Караганда,Ноутбук Pro 14,1,397400.0,397400.0
14880,2026-08-01,Мария,Шымкент,Веб-камера 4K,2,40400.0,80900.0
14881,2026-08-01,Ерлан,Алматы,Клавиатура механ.,1,29800.0,29800.0
14882,2026-08-01,Айгерим,Караганда,Наушники ANC,1,66600.0,66600.0
14883,2026-08-01,Светлана,Алматы,Док-станция USB-C,3,58700.0,176200.0
14884,2026-08-01,Айгерим,Караганда,Мышь беспроводная,1,14700.0,14700.0
14885,2026-08-02,Ерлан,Астана,Док-станция USB-C,1,55800.0,55800.0
14886,2026-08-02,Данияр,Караганда,Док-станция USB-C,3,52000.0,156100.0
14887,2026-08-02,Мария,Караганда,"Монитор 27""",1,135100.0,135100.0
14888,2026-08-02,Светлана,Астана,Док-станция USB-C,1,53700.0,53700.0
14889,2026-08-02,Данияр,Караганда,"Монитор 27""",2,131100.0,262300.0
14890,2026-08-02,Светлана,Астана,Наушники ANC,2,70800.0,141500.0
14891,2026-08-02,Ерлан,Астана,Док-станция USB-C,2,56300.0,112600.0
14892,2026-08-02,Мария,Шымкент,Веб-камера 4K,1,42700.0,42700.0
14893,2026-08-02,Ерлан,Шымкент,Мышь беспроводная,1,14200.0,14200.0
14894,2026-08-02,Ерлан,Караганда,Мышь беспроводная,1,14100.0,14100.0
14895,2026-08-02,Данияр,Алматы,Ноутбук Pro 14,1,400900.0,400900.0
14896,2026-08-02,Мария,Алматы,Клавиатура механ.,1,31700.0,31700.0
14897,2026-08-03,Ерлан,Алматы,Веб-камера 4K,1,42100.0,42100.0
14898,2026-08-03,Данияр,Шымкент,Клавиатура механ.,2,32300.0,64600.0
14899,2026-08-03,Светлана,Алматы,Мышь беспроводная,1,14300.0,14300.0
14900,2026-08-03,Светлана,Алматы,Док-станция USB-C,1,52600.0,52600.0
14901,2026-08-03,Ерлан,Астана,Наушники ANC,1,68700.0,68700.0
14902,2026-08-03,Мария,Астана,Наушники ANC,5,62900.0,314500.0
14903,2026-08-03,Мария,Алматы,Клавиатура механ.,1,33200.0,33200.0
14904,2026-08-03,Светлана,Алматы,Клавиатура механ.,1,29900.0,29900.0
14905,2026-08-03,Светлана,Шымкент,Веб-камера 4K,5,38400.0,191800.0
14906,2026-08-03,Ерлан,Алматы,Ноутбук Pro 14,1,391100.0,391100.0
14907,2026-08-03,Светлана,Шымкент,Ноутбук Pro 14,1,430100.0,430100.0
14908,2026-08-03,Ерлан,Алматы,Ноутбук Pro 14,5,417000.0,2084800.0
14909,2026-08-03,Мария,Караганда,Наушники ANC,3,68600.0,205700.0
14910,2026-08-03,Мария,Алматы,Наушники ANC,2,68000.0,136100.0
14911,2026-08-03,Данияр,Астана,Мышь беспроводная,1,15200.0,15200.0
14912,2026-08-03,Ерлан,Алматы,Ноутбук Pro 14,2,435000.0,870000.0
14913,2026-08-03,Айгерим,Астана,Мышь беспроводная,1,14700.0,14700.0
14914,2026-08-03,Светлана,Караганда,"Монитор 27""",1,125300.0,125300.0
14915,2026-08-03,Светлана,Астана,Наушники ANC,3,64300.0,193000.0
14916,2026-08-03,Айгерим,Астана,Ноутбук Pro 14,5,388700.0,1943600.0
14917,2026-08-04,Светлана,Шымкент,Веб-камера 4K,1,40900.0,40900.0
14918,2026-08-04,Светлана,Астана,Мышь беспроводная,5,14600.0,73100.0
14919,2026-08-04,Мария,Астана,Наушники ANC,1,68800.0,68800.0
14920,2026-08-04,Ерлан,Алматы,Веб-камера 4K,1,41900.0,41900.0
14921,2026-08-04,Айгерим,Алматы,Веб-камера 4K,5,39700.0,198500.0
14922,2026-08-04,Ерлан,Шымкент,Веб-камера 4K,2,38100.0,76300.0
14923,2026-08-04,Светлана,Алматы,Ноутбук Pro 14,2,435200.0,870400.0
14924,2026-08-04,Мария,Алматы,Наушники ANC,1,64600.0,64600.0
14925,2026-08-04,Мария,Алматы,Клавиатура механ.,2,32200.0,64400.0
14926,2026-08-04,Ерлан,Астана,Док-станция USB-C,1,54300.0,54300.0
14927,2026-08-04,Мария,Алматы,Мышь беспроводная,2,14600.0,29200.0
14928,2026-08-04,Айгерим,Алматы,Клавиатура механ.,1,30000.0,30000.0
14929,2026-08-04,Айгерим,Алматы,Клавиатура механ.,3,29900.0,89800.0
14930,2026-08-04,Айгерим,Алматы,Наушники ANC,1,64300.0,64300.0
14931,2026-08-04,Айгерим,Астана,Док-станция USB-C,5,54000.0,269800.0
14932,2026-08-04,Данияр,Шымкент,Наушники ANC,1,67500.0,67500.0
14933,2026-08-04,Айгерим,Астана,Мышь беспроводная,5,14700.0,73400.0
14934,2026-08-04,Айгерим,Астана,Док-станция USB-C,1,57300.0,57300.0
14935,2026-08-04,Данияр,Алматы,Мышь беспроводная,1,14200.0,14200.0
14936,2026-08-04,Айгерим,Алматы,"Монитор 27""",2,134700.0,269300.0
14937,2026-08-04,Мария,Астана,Док-станция USB-C,3,55100.0,165300.0
14938,2026-08-04,Айгерим,Астана,Док-станция USB-C,2,56100.0,112200.0
14939,2026-08-04,Ерлан,Алматы,Мышь беспроводная,2,13500.0,27000.0
14940,2026-08-04,Светлана,Алматы,Клавиатура механ.,1,32800.0,32800.0
14941,2026-08-04,Ерлан,Астана,Веб-камера 4K,2,37700.0,75500.0
14942,2026-08-04,Данияр,Шымкент,Док-станция USB-C,3,54400.0,163100.0
14943,2026-08-04,Данияр,Астана,Наушники ANC,1,64200.0,64200.0
14944,2026-08-04,Данияр,Астана,Наушники ANC,1,67600.0,67600.0
14945,2026-08-05,Айгерим,Шымкент,Ноутбук Pro 14,2,411700.0,823300.0
14946,2026-08-05,Светлана,Астана,Клавиатура механ.,5,32800.0,164100.0
14947,2026-08-05,Светлана,Астана,Клавиатура механ.,2,30100.0,60300.0
14948,2026-08-05,Мария,Караганда,Док-станция USB-C,1,57400.0,57400.0
14949,2026-08-05,Мария,Астана,Наушники ANC,3,70300.0,210900.0
14950,2026-08-05,Айгерим,Караганда,"Монитор 27""",3,126000.0,378100.0
14951,2026-08-05,Айгерим,Алматы,"Монитор 27""",5,141000.0,704900.0
14952,2026-08-05,Данияр,Алматы,Наушники ANC,5,63400.0,316800.0
14953,2026-08-05,Данияр,Астана,Мышь беспроводная,5,14300.0,71600.0
14954,2026-08-05,Мария,Астана,Наушники ANC,1,69000.0,69000.0
14955,2026-08-05,Айгерим,Караганда,Док-станция USB-C,2,53700.0,107300.0
14956,2026-08-05,Данияр,Караганда,Ноутбук Pro 14,1,413500.0,413500.0
14957,2026-08-05,Мария,Астана,Наушники ANC,3,63400.0,190200.0
14958,2026-08-05,Ерлан,Шымкент,Мышь беспроводная,3,15200.0,45700.0
14959,2026-08-05,Мария,Астана,Клавиатура механ.,2,31000.0,62000.0
14960,2026-08-05,Айгерим,Алматы,Веб-камера 4K,1,40400.0,40400.0
14961,2026-08-05,Ерлан,Алматы,Веб-камера 4K,5,38500.0,192500.0
14962,2026-08-05,Ерлан,Шымкент,"Монитор 27""",2,140200.0,280400.0
14963,2026-08-05,Ерлан,Шымкент,Мышь беспроводная,1,14000.0,14000.0
14964,2026-08-05,Айгерим,Алматы,Мышь беспроводная,3,14700.0,44200.0
14965,2026-08-05,Ерлан,Астана,Док-станция USB-C,5,55600.0,277800.0
14966,2026-08-05,Данияр,Шымкент,Клавиатура механ.,5,33100.0,165300.0
14967,2026-08-05,Светлана,Алматы,Мышь беспроводная,1,14200.0,14200.0
14968,2026-08-05,Светлана,Алматы,"Монитор 27""",1,135900.0,135900.0
14969,2026-08-05,Данияр,Астана,Клавиатура механ.,2,31600.0,63300.0
14970,2026-08-05,Ерлан,Караганда,Мышь беспроводная,2,14800.0,29700.0
14971,2026-08-05,Ерлан,Астана,Док-станция USB-C,3,52000.0,156000.0
14972,2026-08-05,Ерлан,Алматы,Веб-камера 4K,1,40900.0,40900.0
14973,2026-08-06,Айгерим,Шымкент,Наушники ANC,1,70300.0,70300.0
14974,2026-08-06,Мария,Алматы,"Монитор 27""",3,132100.0,396200.0
14975,2026-08-06,Айгерим,Шымкент,Веб-камера 4K,1,40600.0,40600.0
14976,2026-08-06,Данияр,Шымкент,Клавиатура механ.,2,29700.0,59400.0
14977,2026-08-06,Айгерим,Караганда,Веб-камера 4K,1,41600.0,41600.0
14978,2026-08-06,Мария,Алматы,Док-станция USB-C,2,55100.0,110200.0
14979,2026-08-06,Айгерим,Алматы,Док-станция USB-C,3,51600.0,154900.0
14980,2026-08-06,Айгерим,Шымкент,Веб-камера 4K,2,42500.0,84900.0
14981,2026-08-06,Айгерим,Алматы,Клавиатура механ.,3,29800.0,89300.0
14982,2026-08-06,Мария,Алматы,Мышь беспроводная,1,14800.0,14800.0
14983,2026-08-06,Светлана,Астана,Веб-камера 4K,3,39300.0,117800.0
14984,2026-08-06,Данияр,Караганда,Ноутбук Pro 14,1,415900.0,415900.0
14985,2026-08-06,Светлана,Астана,Док-станция USB-C,2,58000.0,116100.0
14986,2026-08-06,Айгерим,Караганда,Веб-камера 4K,3,40800.0,122300.0
14987,2026-08-06,Мария,Алматы,"Монитор 27""",2,139900.0,279800.0
14988,2026-08-06,Айгерим,Астана,Док-станция USB-C,1,52900.0,52900.0
14989,2026-08-06,Данияр,Астана,Веб-камера 4K,1,42900.0,42900.0
14990,2026-08-06,Мария,Алматы,Наушники ANC,1,63300.0,63300.0
14991,2026-08-06,Айгерим,Астана,"Монитор 27""",2,134000.0,267900.0
14992,2026-08-06,Ерлан,Алматы,Мышь беспроводная,1,13800.0,13800.0
14993,2026-08-07,Ерлан,Шымкент,Мышь беспроводная,2,15100.0,30200.0
14994,2026-08-07,Айгерим,Шымкент,Док-станция USB-C,2,54600.0,109300.0
14995,2026-08-07,Мария,Шымкент,Клавиатура механ.,2,30800.0,61600.0
14996,2026-08-07,Светлана,Алматы,Веб-камера 4K,2,38500.0,77000.0
14997,2026-08-07,Светлана,Караганда,Клавиатура механ.,5,31300.0,156400.0
14998,2026-08-07,Айгерим,Алматы,Веб-камера 4K,1,42000.0,42000.0
14999,2026-08-07,Айгерим,Астана,Веб-камера 4K,1,41000.0,41000.0
15000,2026-08-07,Айгерим,Астана,Ноутбук Pro 14,5,433300.0,2166400.0
15001,2026-08-07,Светлана,Караганда,Наушники ANC,1,64900.0,64900.0
15002,2026-08-07,Данияр,Алматы,"Монитор 27""",1,127900.0,127900.0
15003,2026-08-07,Данияр,Алматы,Наушники ANC,1,63900.0,63900.0
15004,2026-08-07,Мария,Алматы,"Монитор 27""",3,137400.0,412200.0
15005,2026-08-07,Светлана,Алматы,"Монитор 27""",3,127100.0,381300.0
15006,2026-08-07,Ерлан,Алматы,Наушники ANC,5,63800.0,318900.0
15007,2026-08-07,Айгерим,Шымкент,Наушники ANC,3,67700.0,203200.0
15008,2026-08-07,Данияр,Шымкент,Наушники ANC,1,67300.0,67300.0
15009,2026-08-07,Ерлан,Караганда,Наушники ANC,3,66700.0,200000.0
15010,2026-08-08,Данияр,Алматы,Мышь беспроводная,2,13800.0,27500.0
15011,2026-08-08,Мария,Алматы,Док-станция USB-C,3,56000.0,167900.0
15012,2026-08-08,Мария,Караганда,"Монитор 27""",1,138100.0,138100.0
15013,2026-08-08,Ерлан,Астана,Наушники ANC,2,64500.0,128900.0
15014,2026-08-08,Айгерим,Алматы,Наушники ANC,1,68700.0,68700.0
15015,2026-08-08,Ерлан,Алматы,Ноутбук Pro 14,1,420700.0,420700.0
15016,2026-08-08,Данияр,Алматы,Клавиатура механ.,3,32600.0,97800.0
15017,2026-08-08,Светлана,Шымкент,Клавиатура механ.,1,30100.0,30100.0
15018,2026-08-08,Данияр,Алматы,Мышь беспроводная,1,14300.0,14300.0
15019,2026-08-08,Айгерим,Алматы,Док-станция USB-C,1,52400.0,52400.0
15020,2026-08-08,Мария,Алматы,Ноутбук Pro 14,1,412000.0,412000.0
15021,2026-08-08,Светлана,Алматы,"Монитор 27""",2,131500.0,263100.0
15022,2026-08-09,Ерлан,Караганда,Клавиатура механ.,1,31700.0,31700.0
15023,2026-08-09,Ерлан,Алматы,Веб-камера 4K,2,39100.0,78200.0
15024,2026-08-09,Данияр,Астана,Веб-камера 4K,2,42200.0,84500.0
15025,2026-08-09,Светлана,Алматы,"Монитор 27""",1,125200.0,125200.0
15026,2026-08-09,Данияр,Алматы,Док-станция USB-C,1,55200.0,55200.0
15027,2026-08-09,Данияр,Шымкент,"Монитор 27""",1,132900.0,132900.0
15028,2026-08-09,Данияр,Алматы,Наушники ANC,1,70900.0,70900.0
15029,2026-08-09,Данияр,Алматы,Веб-камера 4K,5,42200.0,211000.0
15030,2026-08-09,Данияр,Астана,"Монитор 27""",3,125700.0,377100.0
15031,2026-08-09,Мария,Караганда,"Монитор 27""",3,134100.0,402300.0
15032,2026-08-09,Айгерим,Астана,Веб-камера 4K,1,41900.0,41900.0
15033,2026-08-10,Мария,Алматы,Клавиатура механ.,2,33100.0,66200.0
15034,2026-08-10,Ерлан,Алматы,Клавиатура механ.,1,32100.0,32100.0
15035,2026-08-10,Данияр,Алматы,Док-станция USB-C,1,56700.0,56700.0
15036,2026-08-10,Светлана,Астана,"Монитор 27""",1,133700.0,133700.0
15037,2026-08-10,Данияр,Караганда,Веб-камера 4K,1,42200.0,42200.0
15038,2026-08-10,Светлана,Шымкент,Клавиатура механ.,1,33200.0,33200.0
15039,2026-08-10,Ерлан,Алматы,Ноутбук Pro 14,1,432800.0,432800.0
15040,2026-08-10,Светлана,Шымкент,Док-станция USB-C,2,56200.0,112400.0
15041,2026-08-10,Айгерим,Алматы,Мышь беспроводная,1,14600.0,14600.0
15042,2026-08-10,Ерлан,Астана,Веб-камера 4K,3,41000.0,122900.0
15043,2026-08-10,Айгерим,Караганда,Ноутбук Pro 14,1,426900.0,426900.0
15044,2026-08-10,Светлана,Астана,Веб-камера 4K,5,42400.0,212100.0
15045,2026-08-10,Данияр,Шымкент,Мышь беспроводная,2,14900.0,29800.0
15046,2026-08-10,Мария,Шымкент,Мышь беспроводная,1,15000.0,15000.0
15047,2026-08-10,Светлана,Алматы,Наушники ANC,2,67900.0,135900.0
15048,2026-08-10,Мария,Астана,Клавиатура механ.,1,29800.0,29800.0
15049,2026-08-10,Айгерим,Шымкент,Ноутбук Pro 14,2,388400.0,776900.0
15050,2026-08-10,Айгерим,Алматы,"Монитор 27""",2,126200.0,252400.0
15051,2026-08-10,Мария,Астана,Док-станция USB-C,3,56800.0,170400.0
15052,2026-08-10,Данияр,Алматы,Клавиатура механ.,5,30800.0,154100.0
15053,2026-08-10,Мария,Шымкент,Наушники ANC,5,67500.0,337300.0
15054,2026-08-11,Айгерим,Астана,Мышь беспроводная,2,15200.0,30400.0
15055,2026-08-11,Мария,Алматы,Док-станция USB-C,5,56800.0,284000.0
15056,2026-08-11,Данияр,Шымкент,Веб-камера 4K,1,39700.0,39700.0
15057,2026-08-11,Айгерим,Алматы,Мышь беспроводная,3,14900.0,44700.0
15058,2026-08-11,Айгерим,Алматы,Веб-камера 4K,3,38600.0,115800.0
15059,2026-08-11,Данияр,Шымкент,Мышь беспроводная,1,13500.0,13500.0
15060,2026-08-11,Мария,Астана,Наушники ANC,1,67600.0,67600.0
15061,2026-08-11,Айгерим,Астана,"Монитор 27""",2,124500.0,249000.0
15062,2026-08-11,Мария,Караганда,Веб-камера 4K,5,39900.0,199500.0
15063,2026-08-11,Мария,Шымкент,"Монитор 27""",3,137700.0,413100.0
15064,2026-08-11,Ерлан,Алматы,Док-станция USB-C,2,56300.0,112600.0
15065,2026-08-11,Мария,Алматы,Клавиатура механ.,5,33600.0,167800.0
15066,2026-08-11,Мария,Алматы,Ноутбук Pro 14,3,404000.0,1212000.0
15067,2026-08-11,Айгерим,Астана,"Монитор 27""",3,141000.0,423100.0
15068,2026-08-11,Айгерим,Алматы,Ноутбук Pro 14,5,392400.0,1961900.0
15069,2026-08-12,Данияр,Алматы,"Монитор 27""",1,128700.0,128700.0
15070,2026-08-12,Ерлан,Астана,Ноутбук Pro 14,2,387800.0,775600.0
15071,2026-08-12,Мария,Шымкент,"Монитор 27""",5,127000.0,634800.0
15072,2026-08-12,Айгерим,Астана,Наушники ANC,2,63700.0,127400.0
15073,2026-08-12,Ерлан,Астана,Веб-камера 4K,2,42700.0,85300.0
15074,2026-08-12,Айгерим,Алматы,"Монитор 27""",5,136400.0,682000.0
15075,2026-08-12,Светлана,Алматы,Мышь беспроводная,3,14000.0,42100.0
15076,2026-08-12,Ерлан,Шымкент,Ноутбук Pro 14,1,428600.0,428600.0
15077,2026-08-12,Мария,Караганда,Ноутбук Pro 14,1,407200.0,407200.0
15078,2026-08-12,Айгерим,Астана,Наушники ANC,1,67900.0,67900.0
15079,2026-08-12,Айгерим,Астана,Веб-камера 4K,1,43000.0,43000.0
15080,2026-08-12,Данияр,Астана,Мышь беспроводная,3,13800.0,41500.0
15081,2026-08-12,Мария,Алматы,Ноутбук Pro 14,2,425700.0,851500.0
15082,2026-08-12,Мария,Караганда,Мышь беспроводная,5,13700.0,68300.0
15083,2026-08-12,Айгерим,Астана,Мышь беспроводная,5,13700.0,68300.0
15084,2026-08-12,Мария,Алматы,Док-станция USB-C,1,56800.0,56800.0
15085,2026-08-12,Ерлан,Алматы,Мышь беспроводная,1,14600.0,14600.0
15086,2026-08-12,Мария,Шымкент,Ноутбук Pro 14,1,405700.0,405700.0
15087,2026-08-12,Мария,Шымкент,Мышь беспроводная,5,15200.0,75800.0
15088,2026-08-12,Мария,Шымкент,Наушники ANC,1,67500.0,67500.0
15089,2026-08-12,Светлана,Шымкент,Клавиатура механ.,3,30600.0,91900.0
15090,2026-08-12,Светлана,Шымкент,Веб-камера 4K,5,40200.0,200800.0
15091,2026-08-12,Ерлан,Шымкент,Веб-камера 4K,2,40000.0,80000.0
15092,2026-08-12,Айгерим,Астана,Ноутбук Pro 14,2,440800.0,881700.0
15093,2026-08-12,Данияр,Алматы,Док-станция USB-C,1,54900.0,54900.0
15094,2026-08-13,Данияр,Алматы,Клавиатура механ.,1,32500.0,32500.0
15095,2026-08-13,Айгерим,Караганда,Веб-камера 4K,1,38800.0,38800.0
15096,2026-08-13,Мария,Алматы,Наушники ANC,2,66000.0,132100.0
15097,2026-08-13,Айгерим,Алматы,Док-станция USB-C,2,58600.0,117200.0
15098,2026-08-13,Айгерим,Астана,Ноутбук Pro 14,2,394700.0,789400.0
15099,2026-08-13,Ерлан,Алматы,Веб-камера 4K,2,38900.0,77800.0
15100,2026-08-13,Мария,Астана,Веб-камера 4K,1,41700.0,41700.0
15101,2026-08-13,Светлана,Астана,Док-станция USB-C,2,56200.0,112500.0
15102,2026-08-13,Данияр,Шымкент,Ноутбук Pro 14,1,428200.0,428200.0
15103,2026-08-13,Ерлан,Астана,Док-станция USB-C,1,55000.0,55000.0
15104,2026-08-13,Ерлан,Караганда,"Монитор 27""",1,132000.0,132000.0
15105,2026-08-13,Данияр,Астана,Клавиатура механ.,2,29800.0,59600.0
15106,2026-08-13,Мария,Алматы,Наушники ANC,1,70200.0,70200.0
15107,2026-08-13,Мария,Астана,Веб-камера 4K,1,37900.0,37900.0
15108,2026-08-13,Данияр,Астана,"Монитор 27""",1,135800.0,135800.0
15109,2026-08-13,Данияр,Шымкент,Ноутбук Pro 14,5,406300.0,2031300.0
15110,2026-08-13,Ерлан,Астана,"Монитор 27""",1,131900.0,131900.0
15111,2026-08-13,Мария,Алматы,Наушники ANC,5,66700.0,333600.0
15112,2026-08-14,Данияр,Алматы,Мышь беспроводная,1,14200.0,14200.0
15113,2026-08-14,Данияр,Шымкент,Клавиатура механ.,2,32100.0,64300.0
15114,2026-08-14,Светлана,Караганда,"Монитор 27""",1,125800.0,125800.0
15115,2026-08-14,Светлана,Астана,Наушники ANC,1,66300.0,66300.0
15116,2026-08-14,Айгерим,Шымкент,Мышь беспроводная,1,13600.0,13600.0
15117,2026-08-14,Айгерим,Алматы,Клавиатура механ.,2,30700.0,61400.0
15118,2026-08-14,Мария,Шымкент,Док-станция USB-C,3,58000.0,173900.0
15119,2026-08-14,Данияр,Алматы,Ноутбук Pro 14,1,418400.0,418400.0
15120,2026-08-14,Айгерим,Астана,Мышь беспроводная,2,14900.0,29900.0
15121,2026-08-14,Мария,Алматы,Мышь беспроводная,5,14800.0,74100.0
15122,2026-08-14,Данияр,Алматы,Док-станция USB-C,3,52600.0,157900.0
15123,2026-08-14,Ерлан,Астана,Ноутбук Pro 14,2,420800.0,841500.0
15124,2026-08-14,Мария,Алматы,Ноутбук Pro 14,5,418900.0,2094700.0
15125,2026-08-14,Ерлан,Алматы,Наушники ANC,1,67700.0,67700.0
15126,2026-08-14,Данияр,Алматы,Клавиатура механ.,2,30900.0,61800.0
15127,2026-08-15,Светлана,Алматы,"Монитор 27""",3,132700.0,398200.0
15128,2026-08-15,Ерлан,Караганда,"Монитор 27""",5,137700.0,688300.0
15129,2026-08-15,Мария,Шымкент,Мышь беспроводная,2,13600.0,27200.0
15130,2026-08-15,Ерлан,Алматы,"Монитор 27""",5,132800.0,663900.0
15131,2026-08-15,Данияр,Алматы,"Монитор 27""",1,134500.0,134500.0
15132,2026-08-15,Мария,Алматы,Ноутбук Pro 14,3,415500.0,1246400.0
15133,2026-08-15,Светлана,Алматы,Мышь беспроводная,1,14600.0,14600.0
15134,2026-08-16,Светлана,Астана,"Монитор 27""",1,139100.0,139100.0
15135,2026-08-16,Ерлан,Шымкент,Док-станция USB-C,1,55500.0,55500.0
15136,2026-08-16,Мария,Алматы,Клавиатура механ.,1,33100.0,33100.0
15137,2026-08-16,Светлана,Алматы,Наушники ANC,1,63000.0,63000.0
15138,2026-08-16,Ерлан,Астана,Ноутбук Pro 14,3,386500.0,1159500.0
15139,2026-08-16,Ерлан,Астана,Ноутбук Pro 14,5,414800.0,2074200.0
15140,2026-08-16,Мария,Шымкент,Клавиатура механ.,2,33400.0,66800.0
15141,2026-08-16,Светлана,Шымкент,Мышь беспроводная,1,14600.0,14600.0
15142,2026-08-16,Ерлан,Алматы,Веб-камера 4K,2,40200.0,80500.0
15143,2026-08-16,Айгерим,Шымкент,Ноутбук Pro 14,5,400100.0,2000400.0
15144,2026-08-16,Данияр,Караганда,Клавиатура механ.,1,30900.0,30900.0
15145,2026-08-16,Данияр,Алматы,Веб-камера 4K,2,43000.0,86000.0
15146,2026-08-16,Айгерим,Алматы,Док-станция USB-C,1,54700.0,54700.0
15147,2026-08-16,Данияр,Астана,Мышь беспроводная,2,14700.0,29500.0
15148,2026-08-16,Ерлан,Шымкент,Ноутбук Pro 14,2,415200.0,830300.0
15149,2026-08-17,Светлана,Астана,Наушники ANC,2,69900.0,139800.0
15150,2026-08-17,Светлана,Алматы,Мышь беспроводная,2,14800.0,29600.0
15151,2026-08-17,Ерлан,Алматы,Наушники ANC,1,69900.0,69900.0
15152,2026-08-17,Ерлан,Шымкент,Мышь беспроводная,1,14400.0,14400.0
15153,2026-08-17,Ерлан,Алматы,Клавиатура механ.,1,30300.0,30300.0
15154,2026-08-17,Данияр,Шымкент,Клавиатура механ.,2,31700.0,63400.0
15155,2026-08-17,Мария,Астана,Веб-камера 4K,1,41900.0,41900.0
15156,2026-08-17,Ерлан,Алматы,Наушники ANC,5,64300.0,321700.0
15157,2026-08-17,Мария,Алматы,Ноутбук Pro 14,5,388200.0,1940900.0
15158,2026-08-17,Айгерим,Алматы,Ноутбук Pro 14,1,394500.0,394500.0
15159,2026-08-17,Данияр,Алматы,"Монитор 27""",1,136800.0,136800.0
15160,2026-08-17,Данияр,Алматы,Ноутбук Pro 14,5,422700.0,2113700.0
15161,2026-08-17,Светлана,Астана,Ноутбук Pro 14,2,417500.0,835000.0
15162,2026-08-17,Светлана,Астана,Док-станция USB-C,5,56800.0,284100.0
15163,2026-08-17,Ерлан,Алматы,Мышь беспроводная,2,14700.0,29500.0
15164,2026-08-17,Данияр,Караганда,Наушники ANC,1,64600.0,64600.0
15165,2026-08-17,Данияр,Алматы,Веб-камера 4K,3,38500.0,115500.0
15166,2026-08-17,Айгерим,Алматы,"Монитор 27""",3,140300.0,420900.0
15167,2026-08-17,Светлана,Алматы,Ноутбук Pro 14,5,422300.0,2111400.0
15168,2026-08-17,Айгерим,Шымкент,Док-станция USB-C,1,56600.0,56600.0
15169,2026-08-17,Мария,Шымкент,Мышь беспроводная,3,13900.0,41700.0
15170,2026-08-17,Ерлан,Алматы,Ноутбук Pro 14,5,405600.0,2028100.0
15171,2026-08-17,Айгерим,Астана,Мышь беспроводная,5,14600.0,73200.0
15172,2026-08-17,Данияр,Астана,Мышь беспроводная,3,14700.0,44200.0
15173,2026-08-18,Мария,Астана,Док-станция USB-C,1,58000.0,58000.0
15174,2026-08-18,Ерлан,Астана,Док-станция USB-C,5,52500.0,262600.0
15175,2026-08-18,Ерлан,Алматы,Мышь беспроводная,1,15200.0,15200.0
15176,2026-08-18,Ерлан,Алматы,Мышь беспроводная,5,15100.0,75500.0
15177,2026-08-18,Светлана,Алматы,Веб-камера 4K,1,41700.0,41700.0
15178,2026-08-18,Мария,Астана,Клавиатура механ.,2,30100.0,60200.0
15179,2026-08-18,Мария,Астана,Док-станция USB-C,1,56200.0,56200.0
15180,2026-08-18,Айгерим,Астана,Наушники ANC,5,63800.0,318800.0
15181,2026-08-18,Светлана,Алматы,Клавиатура механ.,2,30500.0,61100.0
15182,2026-08-18,Светлана,Астана,Ноутбук Pro 14,1,430700.0,430700.0
15183,2026-08-18,Айгерим,Астана,Веб-камера 4K,1,39600.0,39600.0
15184,2026-08-18,Мария,Шымкент,Ноутбук Pro 14,2,407800.0,815700.0
15185,2026-08-18,Ерлан,Алматы,Клавиатура механ.,1,30300.0,30300.0
15186,2026-08-18,Мария,Астана,Док-станция USB-C,1,51600.0,51600.0
15187,2026-08-18,Мария,Алматы,Мышь беспроводная,2,14100.0,28200.0
15188,2026-08-18,Мария,Алматы,Веб-камера 4K,3,42900.0,128800.0
15189,2026-08-18,Данияр,Караганда,"Монитор 27""",3,127600.0,382800.0
15190,2026-08-18,Мария,Астана,Веб-камера 4K,1,38300.0,38300.0
15191,2026-08-18,Ерлан,Алматы,Мышь беспроводная,2,13700.0,27300.0
15192,2026-08-18,Айгерим,Астана,Мышь беспроводная,5,13800.0,68800.0
15193,2026-08-18,Айгерим,Алматы,Ноутбук Pro 14,1,420700.0,420700.0
15194,2026-08-18,Айгерим,Алматы,Мышь беспроводная,1,14100.0,14100.0
15195,2026-08-18,Ерлан,Алматы,Клавиатура механ.,1,32800.0,32800.0
15196,2026-08-18,Айгерим,Астана,Веб-камера 4K,1,37900.0,37900.0
15197,2026-08-19,Айгерим,Астана,"Монитор 27""",1,124700.0,124700.0
15198,2026-08-19,Айгерим,Астана,Ноутбук Pro 14,1,389700.0,389700.0
15199,2026-08-19,Данияр,Алматы,Клавиатура механ.,1,33500.0,33500.0
15200,2026-08-19,Данияр,Астана,Наушники ANC,2,67100.0,134300.0
15201,2026-08-19,Айгерим,Астана,Ноутбук Pro 14,1,404000.0,404000.0
15202,2026-08-19,Светлана,Астана,Док-станция USB-C,2,56400.0,112800.0
15203,2026-08-19,Мария,Астана,Док-станция USB-C,5,54800.0,273800.0
15204,2026-08-19,Мария,Алматы,Мышь беспроводная,1,13700.0,13700.0
15205,2026-08-19,Данияр,Алматы,Наушники ANC,1,69600.0,69600.0
15206,2026-08-19,Светлана,Астана,Клавиатура механ.,1,33300.0,33300.0
15207,2026-08-19,Данияр,Шымкент,Веб-камера 4K,1,39700.0,39700.0
15208,2026-08-19,Данияр,Шымкент,Наушники ANC,2,69500.0,138900.0
15209,2026-08-19,Мария,Астана,Ноутбук Pro 14,2,409200.0,818400.0
15210,2026-08-19,Светлана,Алматы,"Монитор 27""",5,132200.0,661200.0
15211,2026-08-19,Айгерим,Шымкент,"Монитор 27""",1,129400.0,129400.0
15212,2026-08-19,Данияр,Астана,Мышь беспроводная,1,14000.0,14000.0
15213,2026-08-19,Данияр,Астана,"Монитор 27""",5,138500.0,692700.0
15214,2026-08-19,Айгерим,Караганда,Ноутбук Pro 14,1,436800.0,436800.0
15215,2026-08-19,Ерлан,Алматы,Док-станция USB-C,3,56700.0,170100.0
15216,2026-08-19,Айгерим,Астана,Наушники ANC,1,65900.0,65900.0
15217,2026-08-19,Светлана,Алматы,Ноутбук Pro 14,2,434800.0,869500.0
15218,2026-08-19,Айгерим,Астана,Веб-камера 4K,1,39900.0,39900.0
15219,2026-08-19,Мария,Шымкент,Клавиатура механ.,3,32400.0,97300.0
15220,2026-08-20,Айгерим,Алматы,Клавиатура механ.,2,30800.0,61600.0
15221,2026-08-20,Светлана,Шымкент,"Монитор 27""",3,135600.0,406900.0
15222,2026-08-20,Мария,Алматы,Наушники ANC,1,69500.0,69500.0
15223,2026-08-20,Айгерим,Шымкент,Мышь беспроводная,5,15100.0,75500.0
15224,2026-08-20,Мария,Алматы,Наушники ANC,1,70800.0,70800.0
15225,2026-08-20,Айгерим,Шымкент,Ноутбук Pro 14,3,414600.0,1243700.0
15226,2026-08-20,Ерлан,Алматы,Док-станция USB-C,3,55000.0,165100.0
15227,2026-08-20,Айгерим,Астана,Док-станция USB-C,1,56400.0,56400.0
15228,2026-08-20,Мария,Астана,Наушники ANC,5,69900.0,349300.0
15229,2026-08-20,Айгерим,Астана,Наушники ANC,5,70200.0,350900.0
15230,2026-08-20,Данияр,Астана,Клавиатура механ.,1,29800.0,29800.0
15231,2026-08-20,Данияр,Алматы,Док-станция USB-C,3,58200.0,174500.0
15232,2026-08-20,Айгерим,Караганда,Ноутбук Pro 14,1,397000.0,397000.0
15233,2026-08-20,Данияр,Астана,Мышь беспроводная,1,14800.0,14800.0
15234,2026-08-20,Айгерим,Караганда,Док-станция USB-C,5,58300.0,291700.0
15235,2026-08-20,Айгерим,Астана,Наушники ANC,1,69700.0,69700.0
15236,2026-08-21,Айгерим,Алматы,Клавиатура механ.,3,30800.0,92400.0
15237,2026-08-21,Ерлан,Алматы,Док-станция USB-C,1,52400.0,52400.0
15238,2026-08-21,Ерлан,Алматы,Клавиатура механ.,2,30000.0,59900.0
15239,2026-08-21,Светлана,Караганда,"Монитор 27""",1,135400.0,135400.0
15240,2026-08-21,Мария,Караганда,Веб-камера 4K,1,42800.0,42800.0
15241,2026-08-21,Айгерим,Шымкент,Мышь беспроводная,1,13400.0,13400.0
15242,2026-08-21,Мария,Караганда,Ноутбук Pro 14,1,396000.0,396000.0
15243,2026-08-21,Айгерим,Караганда,"Монитор 27""",2,137100.0,274100.0
15244,2026-08-21,Данияр,Алматы,"Монитор 27""",1,129200.0,129200.0
15245,2026-08-21,Айгерим,Алматы,Док-станция USB-C,2,56500.0,112900.0
15246,2026-08-21,Светлана,Астана,Наушники ANC,1,62600.0,62600.0
15247,2026-08-21,Ерлан,Шымкент,Клавиатура механ.,1,29800.0,29800.0
15248,2026-08-21,Мария,Алматы,Наушники ANC,5,64000.0,319800.0
15249,2026-08-21,Ерлан,Алматы,Ноутбук Pro 14,3,408900.0,1226800.0
15250,2026-08-21,Ерлан,Алматы,Ноутбук Pro 14,3,398900.0,1196800.0
15251,2026-08-21,Мария,Шымкент,Ноутбук Pro 14,3,393700.0,1181200.0
15252,2026-08-21,Данияр,Алматы,"Монитор 27""",1,128500.0,128500.0
15253,2026-08-21,Айгерим,Алматы,Мышь беспроводная,2,13400.0,26800.0
15254,2026-08-21,Ерлан,Алматы,Клавиатура механ.,1,30200.0,30200.0
15255,2026-08-21,Данияр,Шымкент,Клавиатура механ.,5,32600.0,163000.0
15256,2026-08-21,Данияр,Астана,Ноутбук Pro 14,2,417500.0,835100.0
15257,2026-08-21,Айгерим,Алматы,Мышь беспроводная,1,14300.0,14300.0
15258,2026-08-21,Айгерим,Шымкент,Ноутбук Pro 14,2,394900.0,789800.0
15259,2026-08-21,Данияр,Караганда,Док-станция USB-C,1,52200.0,52200.0
15260,2026-08-22,Ерлан,Шымкент,"Монитор 27""",2,141300.0,282500.0
15261,2026-08-22,Ерлан,Алматы,"Монитор 27""",2,140100.0,280100.0
15262,2026-08-22,Айгерим,Алматы,Веб-камера 4K,2,39900.0,79800.0
15263,2026-08-22,Айгерим,Караганда,Наушники ANC,1,64100.0,64100.0
15264,2026-08-22,Айгерим,Караганда,Док-станция USB-C,1,57500.0,57500.0
15265,2026-08-22,Мария,Астана,Ноутбук Pro 14,3,435900.0,1307700.0
15266,2026-08-22,Ерлан,Алматы,Веб-камера 4K,1,40000.0,40000.0
15267,2026-08-22,Айгерим,Астана,"Монитор 27""",1,139600.0,139600.0
15268,2026-08-22,Данияр,Астана,Мышь беспроводная,1,14000.0,14000.0
15269,2026-08-22,Айгерим,Алматы,Веб-камера 4K,3,42400.0,127200.0
15270,2026-08-23,Мария,Астана,Ноутбук Pro 14,5,437700.0,2188300.0
15271,2026-08-23,Ерлан,Астана,Мышь беспроводная,5,14600.0,72800.0
15272,2026-08-23,Ерлан,Алматы,Мышь беспроводная,1,14900.0,14900.0
15273,2026-08-23,Данияр,Шымкент,Наушники ANC,2,69800.0,139600.0
15274,2026-08-23,Светлана,Шымкент,Веб-камера 4K,1,41100.0,41100.0
15275,2026-08-23,Данияр,Астана,Ноутбук Pro 14,5,423500.0,2117700.0
15276,2026-08-24,Данияр,Алматы,Наушники ANC,2,67400.0,134700.0
15277,2026-08-24,Данияр,Алматы,"Монитор 27""",1,128100.0,128100.0
15278,2026-08-24,Ерлан,Алматы,"Монитор 27""",5,125400.0,627100.0
15279,2026-08-24,Светлана,Шымкент,"Монитор 27""",3,136800.0,410500.0
15280,2026-08-24,Мария,Алматы,Клавиатура механ.,2,30100.0,60100.0
15281,2026-08-24,Данияр,Астана,Наушники ANC,5,70300.0,351400.0
15282,2026-08-24,Мария,Астана,Док-станция USB-C,1,56500.0,56500.0
15283,2026-08-24,Ерлан,Астана,Ноутбук Pro 14,5,399800.0,1999200.0
15284,2026-08-24,Айгерим,Астана,Ноутбук Pro 14,1,409400.0,409400.0
15285,2026-08-24,Айгерим,Астана,Клавиатура механ.,5,29900.0,149700.0
15286,2026-08-24,Мария,Алматы,Наушники ANC,1,65000.0,65000.0
15287,2026-08-24,Мария,Алматы,Ноутбук Pro 14,3,409800.0,1229500.0
15288,2026-08-24,Ерлан,Караганда,Клавиатура механ.,1,31400.0,31400.0
15289,2026-08-24,Мария,Алматы,"Монитор 27""",1,133500.0,133500.0
15290,2026-08-24,Светлана,Астана,Мышь беспроводная,3,13900.0,41600.0
15291,2026-08-24,Айгерим,Астана,Веб-камера 4K,1,41700.0,41700.0
15292,2026-08-25,Мария,Астана,Веб-камера 4K,1,40100.0,40100.0
15293,2026-08-25,Ерлан,Шымкент,Док-станция USB-C,2,54400.0,108900.0
15294,2026-08-25,Данияр,Алматы,"Монитор 27""",2,129000.0,258000.0
15295,2026-08-25,Светлана,Алматы,Ноутбук Pro 14,3,430500.0,1291600.0
15296,2026-08-25,Айгерим,Алматы,Веб-камера 4K,3,42400.0,127100.0
15297,2026-08-25,Данияр,Алматы,Ноутбук Pro 14,1,419500.0,419500.0
15298,2026-08-25,Светлана,Шымкент,Ноутбук Pro 14,2,429300.0,858600.0
15299,2026-08-25,Ерлан,Алматы,Док-станция USB-C,5,55900.0,279600.0
15300,2026-08-25,Ерлан,Алматы,Клавиатура механ.,3,33200.0,99500.0
15301,2026-08-25,Айгерим,Алматы,Клавиатура механ.,1,30800.0,30800.0
15302,2026-08-25,Светлана,Астана,Док-станция USB-C,1,51800.0,51800.0
15303,2026-08-25,Айгерим,Алматы,"Монитор 27""",3,132000.0,396000.0
15304,2026-08-25,Ерлан,Алматы,Док-станция USB-C,3,52400.0,157200.0
15305,2026-08-25,Мария,Алматы,"Монитор 27""",1,124300.0,124300.0
15306,2026-08-25,Данияр,Алматы,"Монитор 27""",5,125900.0,629600.0
15307,2026-08-25,Мария,Астана,Клавиатура механ.,5,32100.0,160500.0
15308,2026-08-25,Ерлан,Шымкент,"Монитор 27""",5,126700.0,633700.0
15309,2026-08-25,Мария,Алматы,Док-станция USB-C,1,52500.0,52500.0
15310,2026-08-25,Айгерим,Астана,Ноутбук Pro 14,1,408400.0,408400.0
15311,2026-08-25,Мария,Алматы,Док-станция USB-C,2,56200.0,112400.0
15312,2026-08-25,Данияр,Астана,Наушники ANC,2,70500.0,141000.0
15313,2026-08-25,Айгерим,Алматы,"Монитор 27""",3,135100.0,405300.0
15314,2026-08-25,Ерлан,Астана,Веб-камера 4K,2,41600.0,83200.0
15315,2026-08-26,Данияр,Астана,Веб-камера 4K,2,41000.0,82000.0
15316,2026-08-26,Ерлан,Алматы,Веб-камера 4K,1,38200.0,38200.0
15317,2026-08-26,Ерлан,Астана,Мышь беспроводная,3,14300.0,42800.0
15318,2026-08-26,Светлана,Алматы,Веб-камера 4K,3,40000.0,120000.0
15319,2026-08-26,Айгерим,Астана,Веб-камера 4K,3,40300.0,121000.0
15320,2026-08-26,Данияр,Алматы,Клавиатура механ.,2,30500.0,61100.0
15321,2026-08-26,Айгерим,Шымкент,Док-станция USB-C,5,56200.0,281000.0
15322,2026-08-26,Мария,Алматы,Веб-камера 4K,2,41600.0,83100.0
15323,2026-08-26,Ерлан,Шымкент,Наушники ANC,1,69400.0,69400.0
15324,2026-08-26,Данияр,Астана,Веб-камера 4K,1,42000.0,42000.0
15325,2026-08-26,Светлана,Алматы,Ноутбук Pro 14,1,428400.0,428400.0
15326,2026-08-26,Данияр,Алматы,"Монитор 27""",3,134800.0,404500.0
15327,2026-08-26,Айгерим,Шымкент,Док-станция USB-C,3,53600.0,160800.0
15328,2026-08-26,Мария,Астана,Наушники ANC,2,69300.0,138500.0
15329,2026-08-26,Данияр,Астана,Наушники ANC,3,62800.0,188500.0
15330,2026-08-26,Светлана,Шымкент,Мышь беспроводная,5,14100.0,70400.0
15331,2026-08-26,Айгерим,Астана,Мышь беспроводная,2,14100.0,28300.0
15332,2026-08-26,Айгерим,Караганда,Веб-камера 4K,1,40000.0,40000.0
15333,2026-08-26,Данияр,Алматы,Ноутбук Pro 14,1,413100.0,413100.0
15334,2026-08-26,Мария,Алматы,Мышь беспроводная,1,14800.0,14800.0
15335,2026-08-26,Ерлан,Алматы,Мышь беспроводная,3,13300.0,40000.0
15336,2026-08-26,Ерлан,Алматы,Клавиатура механ.,5,33400.0,166900.0
15337,2026-08-27,Мария,Алматы,Док-станция USB-C,2,54100.0,108300.0
15338,2026-08-27,Мария,Алматы,"Монитор 27""",2,124700.0,249400.0
15339,2026-08-27,Светлана,Астана,Наушники ANC,1,62700.0,62700.0
15340,2026-08-27,Мария,Алматы,Клавиатура механ.,2,32700.0,65400.0
15341,2026-08-27,Мария,Алматы,Клавиатура механ.,2,30500.0,61000.0
15342,2026-08-27,Айгерим,Астана,Наушники ANC,5,67100.0,335300.0
15343,2026-08-27,Светлана,Шымкент,"Монитор 27""",1,131800.0,131800.0
15344,2026-08-27,Данияр,Алматы,Клавиатура механ.,2,31400.0,62800.0
15345,2026-08-27,Айгерим,Алматы,Ноутбук Pro 14,2,417900.0,835800.0
15346,2026-08-27,Айгерим,Алматы,Веб-камера 4K,1,39100.0,39100.0
15347,2026-08-27,Айгерим,Астана,"Монитор 27""",2,131900.0,263700.0
15348,2026-08-27,Данияр,Астана,Веб-камера 4K,3,39300.0,117800.0
15349,2026-08-27,Данияр,Алматы,Док-станция USB-C,1,54000.0,54000.0
15350,2026-08-27,Данияр,Алматы,"Монитор 27""",3,139100.0,417300.0
15351,2026-08-27,Светлана,Шымкент,Веб-камера 4K,5,40400.0,202000.0
15352,2026-08-27,Айгерим,Шымкент,"Монитор 27""",1,128200.0,128200.0
15353,2026-08-27,Мария,Шымкент,Мышь беспроводная,1,14600.0,14600.0
15354,2026-08-27,Данияр,Астана,Веб-камера 4K,3,38100.0,114200.0
15355,2026-08-27,Мария,Шымкент,Док-станция USB-C,3,56700.0,170200.0
15356,2026-08-28,Ерлан,Алматы,Клавиатура механ.,5,31600.0,158200.0
15357,2026-08-28,Данияр,Алматы,Веб-камера 4K,2,39500.0,79000.0
15358,2026-08-28,Данияр,Алматы,Мышь беспроводная,3,13900.0,41600.0
15359,2026-08-28,Ерлан,Астана,Наушники ANC,2,67700.0,135300.0
15360,2026-08-28,Айгерим,Астана,Веб-камера 4K,1,40300.0,40300.0
15361,2026-08-28,Светлана,Алматы,Мышь беспроводная,5,14200.0,71000.0
15362,2026-08-28,Ерлан,Астана,Ноутбук Pro 14,3,425100.0,1275200.0
15363,2026-08-28,Мария,Астана,Мышь беспроводная,1,14700.0,14700.0
15364,2026-08-28,Светлана,Алматы,Док-станция USB-C,1,52900.0,52900.0
15365,2026-08-28,Мария,Астана,Ноутбук Pro 14,1,396700.0,396700.0
15366,2026-08-28,Данияр,Алматы,Ноутбук Pro 14,5,417100.0,2085400.0
15367,2026-08-28,Светлана,Алматы,Мышь беспроводная,1,14500.0,14500.0
15368,2026-08-28,Мария,Астана,Мышь беспроводная,1,14600.0,14600.0
15369,2026-08-28,Мария,Алматы,Ноутбук Pro 14,2,401000.0,802000.0
15370,2026-08-28,Мария,Караганда,Наушники ANC,2,64100.0,128200.0
15371,2026-08-28,Светлана,Алматы,Мышь беспроводная,2,13800.0,27600.0
15372,2026-08-28,Светлана,Алматы,Ноутбук Pro 14,3,392400.0,1177100.0
15373,2026-08-29,Мария,Астана,Клавиатура механ.,1,30600.0,30600.0
15374,2026-08-29,Светлана,Астана,"Монитор 27""",5,137600.0,688000.0
15375,2026-08-29,Данияр,Алматы,Клавиатура механ.,2,31800.0,63600.0
15376,2026-08-29,Данияр,Алматы,Мышь беспроводная,3,14600.0,43900.0
15377,2026-08-30,Айгерим,Астана,Док-станция USB-C,1,53400.0,53400.0
15378,2026-08-30,Мария,Алматы,Док-станция USB-C,1,56500.0,56500.0
15379,2026-08-30,Айгерим,Караганда,Наушники ANC,2,64200.0,128400.0
15380,2026-08-30,Мария,Алматы,Мышь беспроводная,1,14000.0,14000.0
15381,2026-08-30,Мария,Астана,Мышь беспроводная,1,14700.0,14700.0
15382,2026-08-30,Данияр,Алматы,Док-станция USB-C,5,52300.0,261500.0
15383,2026-08-30,Ерлан,Алматы,Ноутбук Pro 14,1,439900.0,439900.0
15384,2026-08-30,Ерлан,Алматы,Наушники ANC,1,64600.0,64600.0
15385,2026-08-30,Данияр,Караганда,Док-станция USB-C,5,53000.0,265200.0
15386,2026-08-30,Мария,Шымкент,"Монитор 27""",5,129300.0,646700.0
15387,2026-08-30,Мария,Караганда,Наушники ANC,2,68200.0,136400.0
15388,2026-08-30,Мария,Астана,"Монитор 27""",2,127400.0,254800.0
15389,2026-08-30,Мария,Астана,Ноутбук Pro 14,2,403500.0,807000.0
15390,2026-08-30,Ерлан,Астана,Клавиатура механ.,5,30900.0,154500.0
15391,2026-08-30,Айгерим,Шымкент,Ноутбук Pro 14,1,412000.0,412000.0
15392,2026-08-30,Мария,Караганда,Док-станция USB-C,3,51900.0,155700.0
15393,2026-08-31,Мария,Алматы,Клавиатура механ.,1,29500.0,29500.0
15394,2026-08-31,Ерлан,Астана,Наушники ANC,5,68500.0,342600.0
15395,2026-08-31,Мария,Шымкент,Веб-камера 4K,2,41700.0,83400.0
15396,2026-08-31,Данияр,Алматы,Наушники ANC,2,65700.0,131300.0
15397,2026-08-31,Данияр,Алматы,Док-станция USB-C,1,54500.0,54500.0
15398,2026-08-31,Данияр,Караганда,Наушники ANC,3,69200.0,207700.0
15399,2026-08-31,Айгерим,Алматы,"Монитор 27""",5,139200.0,696200.0
15400,2026-08-31,Мария,Астана,Мышь беспроводная,2,14700.0,29400.0
15401,2026-08-31,Мария,Караганда,Клавиатура механ.,3,33400.0,100200.0
15402,2026-08-31,Ерлан,Алматы,Мышь беспроводная,3,14000.0,41900.0
15403,2026-08-31,Данияр,Астана,Наушники ANC,1,71300.0,71300.0
15404,2026-08-31,Айгерим,Алматы,Док-станция USB-C,5,54200.0,270800.0
15405,2026-08-31,Айгерим,Шымкент,Наушники ANC,2,64300.0,128700.0
15406,2026-08-31,Айгерим,Астана,"Монитор 27""",1,134400.0,134400.0
15407,2026-08-31,Данияр,Алматы,Наушники ANC,2,66500.0,133100.0
15408,2026-09-01,Айгерим,Алматы,Клавиатура механ.,2,30000.0,60000.0
15409,2026-09-01,Мария,Астана,Мышь беспроводная,3,14200.0,42600.0
15410,2026-09-01,Данияр,Астана,Клавиатура механ.,1,30700.0,30700.0
15411,2026-09-01,Светлана,Астана,"Монитор 27""",1,126600.0,126600.0
15412,2026-09-01,Айгерим,Алматы,Клавиатура механ.,1,33200.0,33200.0
15413,2026-09-01,Айгерим,Шымкент,Док-станция USB-C,1,58300.0,58300.0
15414,2026-09-01,Данияр,Алматы,Клавиатура механ.,2,31600.0,63200.0
15415,2026-09-01,Мария,Алматы,Клавиатура механ.,2,31100.0,62200.0
15416,2026-09-01,Мария,Астана,Док-станция USB-C,3,56600.0,169700.0
15417,2026-09-01,Айгерим,Астана,Веб-камера 4K,1,39500.0,39500.0
15418,2026-09-01,Айгерим,Алматы,"Монитор 27""",1,124200.0,124200.0
15419,2026-09-01,Данияр,Алматы,Клавиатура механ.,2,32300.0,64500.0
15420,2026-09-02,Ерлан,Шымкент,Ноутбук Pro 14,3,431100.0,1293400.0
15421,2026-09-02,Мария,Астана,Веб-камера 4K,5,40700.0,203400.0
15422,2026-09-02,Светлана,Астана,Ноутбук Pro 14,1,406100.0,406100.0
15423,2026-09-02,Айгерим,Алматы,Клавиатура механ.,1,31100.0,31100.0
15424,2026-09-02,Мария,Алматы,Наушники ANC,2,67000.0,134100.0
15425,2026-09-02,Данияр,Астана,Веб-камера 4K,2,37900.0,75700.0
15426,2026-09-02,Мария,Алматы,Клавиатура механ.,1,33300.0,33300.0
15427,2026-09-02,Айгерим,Караганда,Док-станция USB-C,1,52200.0,52200.0
15428,2026-09-02,Мария,Караганда,Наушники ANC,2,69500.0,138900.0
15429,2026-09-02,Айгерим,Алматы,Ноутбук Pro 14,5,389600.0,1947900.0
15430,2026-09-02,Данияр,Шымкент,Ноутбук Pro 14,1,415100.0,415100.0
15431,2026-09-02,Данияр,Алматы,Наушники ANC,1,69600.0,69600.0
15432,2026-09-02,Ерлан,Шымкент,Наушники ANC,3,66500.0,199500.0
15433,2026-09-02,Айгерим,Алматы,Мышь беспроводная,1,13800.0,13800.0
15434,2026-09-02,Данияр,Астана,Ноутбук Pro 14,5,430400.0,2151900.0
15435,2026-09-02,Айгерим,Шымкент,Клавиатура механ.,5,30400.0,151800.0
15436,2026-09-02,Мария,Алматы,Мышь беспроводная,3,13600.0,40900.0
15437,2026-09-02,Данияр,Шымкент,Наушники ANC,2,68300.0,136600.0
15438,2026-09-02,Мария,Астана,Ноутбук Pro 14,2,425000.0,849900.0
15439,2026-09-03,Данияр,Караганда,Док-станция USB-C,3,56200.0,168600.0
15440,2026-09-03,Айгерим,Астана,Ноутбук Pro 14,3,393300.0,1180000.0
15441,2026-09-03,Мария,Алматы,Ноутбук Pro 14,1,439100.0,439100.0
15442,2026-09-03,Мария,Алматы,"Монитор 27""",2,128100.0,256200.0
15443,2026-09-03,Светлана,Алматы,Наушники ANC,3,68900.0,206800.0
15444,2026-09-03,Данияр,Алматы,Мышь беспроводная,1,14900.0,14900.0
15445,2026-09-03,Светлана,Алматы,Док-станция USB-C,5,57100.0,285700.0
15446,2026-09-03,Данияр,Алматы,"Монитор 27""",2,132100.0,264200.0
15447,2026-09-03,Мария,Шымкент,Наушники ANC,3,66000.0,198000.0
15448,2026-09-03,Мария,Астана,Док-станция USB-C,3,53000.0,158900.0
15449,2026-09-03,Мария,Шымкент,Ноутбук Pro 14,1,388600.0,388600.0
15450,2026-09-03,Данияр,Алматы,Клавиатура механ.,5,30900.0,154600.0
15451,2026-09-03,Светлана,Астана,Клавиатура механ.,5,33000.0,164900.0
15452,2026-09-03,Данияр,Алматы,Клавиатура механ.,1,31800.0,31800.0
15453,2026-09-03,Данияр,Караганда,"Монитор 27""",1,125500.0,125500.0
15454,2026-09-04,Данияр,Алматы,Ноутбук Pro 14,1,426500.0,426500.0
15455,2026-09-04,Светлана,Шымкент,Мышь беспроводная,1,13600.0,13600.0
15456,2026-09-04,Данияр,Алматы,Наушники ANC,1,68000.0,68000.0
15457,2026-09-04,Ерлан,Алматы,"Монитор 27""",2,137500.0,275100.0
15458,2026-09-04,Айгерим,Алматы,Мышь беспроводная,2,13400.0,26800.0
15459,2026-09-04,Данияр,Астана,Док-станция USB-C,1,53900.0,53900.0
15460,2026-09-04,Светлана,Шымкент,Док-станция USB-C,1,52500.0,52500.0
15461,2026-09-04,Айгерим,Караганда,Веб-камера 4K,1,39700.0,39700.0
15462,2026-09-04,Ерлан,Астана,"Монитор 27""",1,125900.0,125900.0
15463,2026-09-04,Данияр,Алматы,Мышь беспроводная,1,13900.0,13900.0
15464,2026-09-04,Ерлан,Астана,Веб-камера 4K,1,42000.0,42000.0
15465,2026-09-04,Данияр,Астана,Клавиатура механ.,2,31600.0,63200.0
15466,2026-09-04,Айгерим,Астана,Ноутбук Pro 14,1,394100.0,394100.0
15467,2026-09-04,Мария,Шымкент,Наушники ANC,2,66500.0,133100.0
15468,2026-09-04,Ерлан,Астана,"Монитор 27""",1,130900.0,130900.0
15469,2026-09-04,Светлана,Алматы,Наушники ANC,2,64500.0,129100.0
15470,2026-09-04,Светлана,Алматы,Ноутбук Pro 14,5,428900.0,2144300.0
15471,2026-09-04,Данияр,Алматы,Мышь беспроводная,2,13800.0,27700.0
15472,2026-09-04,Мария,Алматы,Мышь беспроводная,1,14100.0,14100.0
15473,2026-09-04,Ерлан,Алматы,Наушники ANC,1,65700.0,65700.0
15474,2026-09-05,Ерлан,Алматы,"Монитор 27""",1,139300.0,139300.0
15475,2026-09-05,Мария,Караганда,Клавиатура механ.,1,32700.0,32700.0
15476,2026-09-05,Данияр,Астана,Док-станция USB-C,1,54100.0,54100.0
15477,2026-09-05,Данияр,Алматы,Док-станция USB-C,1,52100.0,52100.0
15478,2026-09-05,Данияр,Астана,Наушники ANC,3,64600.0,193900.0
15479,2026-09-05,Ерлан,Астана,Ноутбук Pro 14,1,415400.0,415400.0
15480,2026-09-05,Светлана,Шымкент,Клавиатура механ.,2,32900.0,65900.0
15481,2026-09-05,Мария,Алматы,Ноутбук Pro 14,1,419800.0,419800.0
15482,2026-09-05,Данияр,Шымкент,"Монитор 27""",2,138800.0,277500.0
15483,2026-09-05,Айгерим,Караганда,Клавиатура механ.,5,30700.0,153600.0
15484,2026-09-05,Айгерим,Алматы,Клавиатура механ.,1,32600.0,32600.0
15485,2026-09-05,Светлана,Алматы,Веб-камера 4K,1,39300.0,39300.0
15486,2026-09-06,Данияр,Караганда,Клавиатура механ.,3,32500.0,97400.0
15487,2026-09-06,Данияр,Шымкент,Ноутбук Pro 14,3,433700.0,1301100.0
15488,2026-09-06,Айгерим,Астана,Клавиатура механ.,1,33500.0,33500.0
15489,2026-09-06,Данияр,Шымкент,Мышь беспроводная,1,14700.0,14700.0
15490,2026-09-06,Ерлан,Астана,Мышь беспроводная,5,14000.0,70200.0
15491,2026-09-06,Айгерим,Алматы,Ноутбук Pro 14,1,405100.0,405100.0
15492,2026-09-06,Данияр,Караганда,Клавиатура механ.,2,31700.0,63400.0
15493,2026-09-06,Ерлан,Шымкент,Док-станция USB-C,1,57700.0,57700.0
15494,2026-09-06,Светлана,Астана,Веб-камера 4K,2,38700.0,77500.0
15495,2026-09-06,Мария,Алматы,"Монитор 27""",3,128300.0,385000.0
15496,2026-09-06,Айгерим,Алматы,Мышь беспроводная,2,14800.0,29500.0
15497,2026-09-07,Данияр,Астана,Наушники ANC,1,63200.0,63200.0
15498,2026-09-07,Айгерим,Шымкент,Док-станция USB-C,3,54000.0,162100.0
15499,2026-09-07,Мария,Караганда,"Монитор 27""",1,128600.0,128600.0
15500,2026-09-07,Данияр,Алматы,Наушники ANC,1,71000.0,71000.0
15501,2026-09-07,Мария,Астана,Мышь беспроводная,1,14800.0,14800.0
15502,2026-09-07,Айгерим,Астана,Мышь беспроводная,5,14300.0,71500.0
15503,2026-09-07,Светлана,Астана,Ноутбук Pro 14,1,418200.0,418200.0
15504,2026-09-08,Мария,Алматы,"Монитор 27""",1,129600.0,129600.0
15505,2026-09-08,Данияр,Алматы,Ноутбук Pro 14,1,418300.0,418300.0
15506,2026-09-08,Айгерим,Шымкент,Наушники ANC,5,63500.0,317700.0
15507,2026-09-08,Ерлан,Астана,Мышь беспроводная,1,15100.0,15100.0
15508,2026-09-08,Ерлан,Алматы,Клавиатура механ.,1,30900.0,30900.0
15509,2026-09-08,Ерлан,Алматы,Мышь беспроводная,3,14900.0,44700.0
15510,2026-09-08,Айгерим,Шымкент,"Монитор 27""",3,136900.0,410700.0
15511,2026-09-08,Айгерим,Алматы,Мышь беспроводная,1,15200.0,15200.0
15512,2026-09-08,Айгерим,Алматы,Ноутбук Pro 14,2,393900.0,787800.0
15513,2026-09-08,Мария,Астана,Клавиатура механ.,3,29600.0,88800.0
15514,2026-09-08,Данияр,Караганда,Мышь беспроводная,2,14000.0,28100.0
15515,2026-09-08,Ерлан,Шымкент,Мышь беспроводная,3,15100.0,45200.0
15516,2026-09-08,Светлана,Алматы,Мышь беспроводная,5,14200.0,71000.0
15517,2026-09-08,Данияр,Алматы,Ноутбук Pro 14,1,413200.0,413200.0
15518,2026-09-08,Светлана,Алматы,Ноутбук Pro 14,2,415800.0,831600.0
15519,2026-09-09,Данияр,Алматы,Мышь беспроводная,2,14900.0,29800.0
15520,2026-09-09,Ерлан,Алматы,Мышь беспроводная,5,13400.0,67100.0
15521,2026-09-09,Данияр,Алматы,Наушники ANC,1,70000.0,70000.0
15522,2026-09-09,Данияр,Астана,Веб-камера 4K,3,37800.0,113500.0
15523,2026-09-09,Данияр,Алматы,Наушники ANC,2,68000.0,136100.0
15524,2026-09-09,Айгерим,Караганда,Наушники ANC,1,70400.0,70400.0
15525,2026-09-09,Ерлан,Алматы,Наушники ANC,1,65800.0,65800.0
15526,2026-09-09,Ерлан,Астана,"Монитор 27""",2,140100.0,280100.0
15527,2026-09-09,Ерлан,Алматы,Док-станция USB-C,3,54400.0,163100.0
15528,2026-09-09,Айгерим,Астана,Док-станция USB-C,1,55500.0,55500.0
15529,2026-09-09,Ерлан,Астана,"Монитор 27""",1,124300.0,124300.0
15530,2026-09-09,Айгерим,Алматы,Наушники ANC,5,64700.0,323700.0
15531,2026-09-09,Ерлан,Алматы,Ноутбук Pro 14,2,391900.0,783800.0
15532,2026-09-09,Ерлан,Алматы,Мышь беспроводная,5,14400.0,71800.0
15533,2026-09-09,Мария,Астана,Ноутбук Pro 14,1,405700.0,405700.0
